sample_id,true_label,predicted_label,malware_probability,top_1_node,top_1_score,top_2_node,top_2_score,top_3_node,top_3_score,top_4_node,top_4_score,top_5_node,top_5_score,top_6_node,top_6_score,top_7_node,top_7_score,top_8_node,top_8_score,top_9_node,top_9_score,top_10_node,top_10_score,top_11_node,top_11_score,top_12_node,top_12_score,top_13_node,top_13_score,top_14_node,top_14_score,top_15_node,top_15_score,top_16_node,top_16_score,top_17_node,top_17_score,top_18_node,top_18_score,top_19_node,top_19_score,top_20_node,top_20_score,top_21_node,top_21_score,top_22_node,top_22_score
gen48_29f1166c-deb4-4cea-a975-fbc1cc193905_app-release,1,1,0.9988318085670471,yii.B: java.lang.String getIMEI(android.content.Context),0.36419037,yii.B: java.lang.String getIncomingSMS(android.content.Intent),0.26297662,dummyMainClass: void dummyMainMethod(java.lang.String[]),0.11375554,android.telephony.SmsMessage: java.lang.String getDisplayMessageBody(),0.07459880411624908,android.telephony.TelephonyManager: java.lang.String getDeviceId(),0.0640905499458313,android.telephony.SmsMessage: java.lang.String getDisplayOriginatingAddress(),0.048081208020448685,android.telephony.SmsMessage: android.telephony.SmsMessage createFromPdu(byte[]),0.041430648416280746,yii.B$1: void run(),0.01728631556034088,java.net.URL: java.net.URLConnection openConnection(),0.00582082150503993,"x.Ae: void <init>(android.os.Handler,android.content.Context)",0.0047996761277318,android.database.ContentObserver: void <init>(android.os.Handler),0.0029693522956222296,,,,,,,,,,,,,,,,,,,,,,
gen53_e8f68fb1-78f8-41b0-9fec-abd35ae5dac9_app-release,1,1,0.9989345669746399,"gx.cv.DgTsQ: void sendTextMessage(java.lang.String,java.lang.String)",0.41088828,dummyMainClass: void dummyMainMethod(java.lang.String[]),0.23808397,android.telephony.SmsManager: android.telephony.SmsManager getDefault(),0.103269204,"android.telephony.SmsManager: void sendTextMessage(java.lang.String,java.lang.String,java.lang.String,android.app.PendingIntent,android.app.PendingIntent)",0.07453809678554535,gx.cv.DgTsQ$1: void run(),0.05828942358493805,java.io.DataOutputStream: void writeUTF(java.lang.String),0.05469278246164322,gx.cv.DgTsQ: java.lang.String getSdk(),0.02567867375910282,android.os.Build$VERSION: void <clinit>(),0.018299365416169167,"hmoc.qeo.wtg.YApE: void <init>(android.os.Handler,android.content.Context)",0.01004545297473669,android.database.ContentObserver: void <init>(android.os.Handler),0.006214688066393137,,,,,,,,,,,,,,,,,,,,,,,,
gen5_b7f25989-2dc9-467e-9e09-8090af1cf799_app-release,1,1,0.9999841451644897,szh.qkw.rdt.xkxxl.KrBR: java.lang.String getIMSI(android.content.Context),0.5497305,"szh.qkw.rdt.xkxxl.KrBR: void sendDataMessage(java.lang.String,java.lang.String)",0.14731266,dummyMainClass: void dummyMainMethod(java.lang.String[]),0.12557079,android.telephony.TelephonyManager: java.lang.String getSubscriberId(),0.08182194083929062,android.telephony.SmsManager: android.telephony.SmsManager getDefault(),0.051017191261053085,"android.telephony.SmsManager: void sendDataMessage(java.lang.String,java.lang.String,short,byte[],android.app.PendingIntent,android.app.PendingIntent)",0.03597097471356392,"mnanu.mnd.VUyi: void <init>(android.os.Handler,android.content.Context)",0.005298196338117123,android.database.ContentObserver: void <init>(android.os.Handler),0.0032777651213109493,,,,,,,,,,,,,,,,,,,,,,,,,,,,
gen13_c519092c-d872-49e1-90df-69a94525b0c1_app-release,1,1,0.9985526204109192,xm.x.E: java.lang.String getIMSI(android.content.Context),0.30982882,xm.x.E: java.lang.String getIMEI(android.content.Context),0.22657749,xm.x.E: java.lang.String getIncomingSMS(android.content.Intent),0.16360827,dummyMainClass: void dummyMainMethod(java.lang.String[]),0.07077189534902573,android.telephony.SmsMessage: java.lang.String getDisplayMessageBody(),0.04641093313694,android.telephony.TelephonyManager: java.lang.String getSubscriberId(),0.04611489921808243,android.telephony.TelephonyManager: java.lang.String getDeviceId(),0.039873313158750534,android.telephony.SmsMessage: java.lang.String getDisplayOriginatingAddress(),0.029913226142525673,android.telephony.SmsMessage: android.telephony.SmsMessage createFromPdu(byte[]),0.025775669142603874,x.D: void onCreate(android.os.Bundle),0.01630188338458538,xm.x.E$1: void run(),0.010754506103694439,"android.telephony.TelephonyManager: void listen(android.telephony.PhoneStateListener,int)",0.004501583520323038,java.net.URL: java.net.URLConnection openConnection(),0.003408947493880987,android.database.ContentObserver: void <init>(android.os.Handler),0.00179737014696002,android.telephony.PhoneStateListener: void <init>(),0.001787439570762217,qfke.b.IUpEq: void <init>(android.content.Context),0.0016241843113675714,"qzh.ykjd.spk.midy.XxuG: void <init>(android.os.Handler,android.content.Context)",0.0009495288250036538,,,,,,,,,,
gen20_04d5b547-29f8-4a9d-b231-9e4b82609198_app-release,1,1,0.9999576807022095,qmbp.uo.q.nbtn.Bt: java.lang.String getIMSI(android.content.Context),0.50603765,"qmbp.uo.q.nbtn.Bt: void sendTextMessage(java.lang.String,java.lang.String)",0.14116372,dummyMainClass: void dummyMainMethod(java.lang.String[]),0.11559037,android.telephony.TelephonyManager: java.lang.String getSubscriberId(),0.07531869411468506,android.telephony.SmsManager: android.telephony.SmsManager getDefault(),0.04739127680659294,"android.telephony.SmsManager: void sendTextMessage(java.lang.String,java.lang.String,java.lang.String,android.app.PendingIntent,android.app.PendingIntent)",0.03636302053928375,qmbp.uo.q.nbtn.Bt$2: void run(),0.028299665078520775,java.io.DataOutputStream: void writeUTF(java.lang.String),0.026553481817245483,qmbp.uo.q.nbtn.Bt$1: void run(),0.017565138638019562,java.net.URL: java.net.URLConnection openConnection(),0.005717058666050434,,,,,,,,,,,,,,,,,,,,,,,,
gen14_19ab040d-1e89-4bcf-8fbb-80e08937e84f_app-release,1,1,0.9999648332595825,bl.YxdP: java.lang.String getPhoneNumber(android.content.Context),0.5803477,dummyMainClass: void dummyMainMethod(java.lang.String[]),0.19062191,android.telephony.TelephonyManager: java.lang.String getLine1Number(),0.12555254,bl.YxdP$1: void run(),0.046669427305459976,java.io.DataOutputStream: void writeUTF(java.lang.String),0.04378977417945862,"uydrj.HxvC: void <init>(android.os.Handler,android.content.Context)",0.008042892441153526,android.database.ContentObserver: void <init>(android.os.Handler),0.004975790157914162,,,,,,,,,,,,,,,,,,,,,,,,,,,,,,
gen34_4898f2ea-65f6-4cde-8051-5177e9841599_app-release,1,1,0.9999923706054688,jd.UFWOk: java.lang.String getIMSI(android.content.Context),0.56339383,dummyMainClass: void dummyMainMethod(java.lang.String[]),0.1286918,"jd.UFWOk: void sendMultipartTextMessage(java.lang.String,java.lang.String)",0.11470066,android.telephony.TelephonyManager: java.lang.String getSubscriberId(),0.08385559171438217,android.telephony.SmsManager: android.telephony.SmsManager getDefault(),0.0529981292784214,"android.telephony.SmsManager: void sendMultipartTextMessage(java.lang.String,java.lang.String,java.util.ArrayList,java.util.ArrayList,java.util.ArrayList)",0.021649785339832306,jd.UFWOk$1: void run(),0.019556036219000816,java.net.URL: java.net.URLConnection openConnection(),0.006365051493048668,"nhvjb.i.sz.ACyvd: void <init>(android.os.Handler,android.content.Context)",0.005429880693554878,android.database.ContentObserver: void <init>(android.os.Handler),0.003359232796356082,,,,,,,,,,,,,,,,,,,,,,,,
gen2_4a2f2985-176b-4aa3-a46f-d4bb82388781_app-release,1,1,0.9990255832672119,"xxv.oldf.wqbnf.spd.I: void sendTextMessage(java.lang.String,java.lang.String)",0.4632244,dummyMainClass: void dummyMainMethod(java.lang.String[]),0.2684095,android.telephony.SmsManager: android.telephony.SmsManager getDefault(),0.11642294,"android.telephony.SmsManager: void sendTextMessage(java.lang.String,java.lang.String,java.lang.String,android.app.PendingIntent,android.app.PendingIntent)",0.08403225243091583,xxv.oldf.wqbnf.spd.I: java.lang.String getSdk(),0.028949448838829994,android.os.Build$VERSION: void <clinit>(),0.020630214363336563,"gible.ts.lihms.vvt.T: void <init>(android.os.Handler,android.content.Context)",0.011324974708259106,android.database.ContentObserver: void <init>(android.os.Handler),0.007006272207945585,,,,,,,,,,,,,,,,,,,,,,,,,,,,
gen32_16df0812-efd9-4e0f-892d-bdba655f2c1f_app-release,1,1,0.995643138885498,lbtu.YAc: java.lang.String getIMEI(android.content.Context),0.2536255,dg.h.TZ: java.lang.String getIncomingSMS(android.content.Intent),0.18313925,"dg.h.TZ: void sendDataMessage(java.lang.String,java.lang.String)",0.10379187,"lbtu.YAc: void sendDataMessage(java.lang.String,java.lang.String)",0.10023782402276993,dummyMainClass: void dummyMainMethod(java.lang.String[]),0.07922037690877914,android.telephony.SmsMessage: java.lang.String getDisplayMessageBody(),0.051951292902231216,android.telephony.TelephonyManager: java.lang.String getDeviceId(),0.04463331028819084,android.telephony.SmsManager: android.telephony.SmsManager getDefault(),0.03723476082086563,android.telephony.SmsMessage: java.lang.String getDisplayOriginatingAddress(),0.033484190702438354,android.telephony.SmsMessage: android.telephony.SmsMessage createFromPdu(byte[]),0.02885270118713379,drlf.VylHT: void onCreate(android.os.Bundle),0.02796867862343788,"android.location.LocationManager: void requestLocationUpdates(java.lang.String,long,float,android.location.LocationListener)",0.02031010203063488,"android.telephony.SmsManager: void sendDataMessage(java.lang.String,java.lang.String,short,byte[],android.app.PendingIntent,android.app.PendingIntent)",0.020065413787961006,"android.telephony.TelephonyManager: void listen(android.telephony.PhoneStateListener,int)",0.007289194036275148,ktpzp.tvff.ry.Dcz: void <init>(android.content.Context),0.002626453759148717,android.database.ContentObserver: void <init>(android.os.Handler),0.0020261267200112343,android.telephony.PhoneStateListener: void <init>(),0.002012884709984064,"wxwf.c.AYd: void <init>(android.os.Handler,android.content.Context)",0.0015300571685656905,,,,,,,,
gen12_102c650c-0be5-4fa6-93c8-10278529e087_app-release,1,1,0.9999516010284424,kg.ells.WHm: java.lang.String getIMEI(android.content.Context),0.4782701,dummyMainClass: void dummyMainMethod(java.lang.String[]),0.14938855,"kg.ells.WHm: void sendMultipartTextMessage(java.lang.String,java.lang.String)",0.14360379,android.telephony.TelephonyManager: java.lang.String getDeviceId(),0.08416640013456345,android.telephony.SmsManager: android.telephony.SmsManager getDefault(),0.062194276601076126,jj.APHo: void onCreate(android.os.Bundle),0.0344107523560524,"android.telephony.SmsManager: void sendMultipartTextMessage(java.lang.String,java.lang.String,java.util.ArrayList,java.util.ArrayList,java.util.ArrayList)",0.025464320555329323,"android.telephony.TelephonyManager: void listen(android.telephony.PhoneStateListener,int)",0.009502138011157513,android.database.ContentObserver: void <init>(android.os.Handler),0.003793973010033369,android.telephony.PhoneStateListener: void <init>(),0.003773012664169073,ljre.ewn.ybg.jgusd.X: void <init>(android.content.Context),0.003428407246246934,"rwtnr.JRS: void <init>(android.os.Handler,android.content.Context)",0.0020043097902089357,,,,,,,,,,,,,,,,,,,,
gen103_bd9e3cd4-191d-41ae-b4e8-87102bc7e73c_app-release,1,1,0.9996122717857361,dummyMainClass: void dummyMainMethod(java.lang.String[]),0.9360703,"ql.cghoe.H: void <init>(android.os.Handler,android.content.Context)",0.03949553,android.database.ContentObserver: void <init>(android.os.Handler),0.024434172,,,,,,,,,,,,,,,,,,,,,,,,,,,,,,,,,,,,,,
gen56_df79a180-e138-4091-8a3b-b37f494a2216_app-release,1,1,0.9999403953552246,mvli.M: java.lang.String getIMSI(android.content.Context),0.47765806,"mvli.M: void sendTextMessage(java.lang.String,java.lang.String)",0.13324697,dummyMainClass: void dummyMainMethod(java.lang.String[]),0.10910783,"mvli.M: void sendMultipartTextMessage(java.lang.String,java.lang.String)",0.09724581986665726,android.telephony.TelephonyManager: java.lang.String getSubscriberId(),0.07109467685222626,android.telephony.SmsManager: android.telephony.SmsManager getDefault(),0.05090037360787392,"android.telephony.SmsManager: void sendTextMessage(java.lang.String,java.lang.String,java.lang.String,android.app.PendingIntent,android.app.PendingIntent)",0.03472716361284256,"android.telephony.SmsManager: void sendMultipartTextMessage(java.lang.String,java.lang.String,java.util.ArrayList,java.util.ArrayList,java.util.ArrayList)",0.01856752298772335,"hmda.OMudu: void <init>(android.os.Handler,android.content.Context)",0.00460357591509819,android.database.ContentObserver: void <init>(android.os.Handler),0.002848033793270588,,,,,,,,,,,,,,,,,,,,,,,,
gen1_b14e8b2f-0c71-4c20-91d8-74258829b0dc_app-release,1,1,0.9993324875831604,alfhh.eqge.zgmlf.Y: java.lang.String getIMSI(android.content.Context),0.33458415,alfhh.eqge.zgmlf.Y: java.lang.String getIncomingSMS(android.content.Intent),0.17668062,"alfhh.eqge.zgmlf.Y: void sendTextMessage(java.lang.String,java.lang.String)",0.08890564,dummyMainClass: void dummyMainMethod(java.lang.String[]),0.07642658799886703,"alfhh.eqge.zgmlf.Y: void sendMultipartTextMessage(java.lang.String,java.lang.String)",0.06434179097414017,android.telephony.SmsMessage: java.lang.String getDisplayMessageBody(),0.050119176506996155,android.telephony.TelephonyManager: java.lang.String getSubscriberId(),0.049799561500549316,android.telephony.SmsManager: android.telephony.SmsManager getDefault(),0.034775860607624054,android.telephony.SmsMessage: java.lang.String getDisplayOriginatingAddress(),0.032303329557180405,android.telephony.SmsMessage: android.telephony.SmsMessage createFromPdu(byte[]),0.02783517725765705,"android.telephony.SmsManager: void sendTextMessage(java.lang.String,java.lang.String,java.lang.String,android.app.PendingIntent,android.app.PendingIntent)",0.02288266457617283,arnf.d.x.bcun.S: void onCreate(android.os.Bundle),0.017604414373636246,"android.telephony.SmsManager: void sendMultipartTextMessage(java.lang.String,java.lang.String,java.util.ArrayList,java.util.ArrayList,java.util.ArrayList)",0.012229123152792454,"android.telephony.TelephonyManager: void listen(android.telephony.PhoneStateListener,int)",0.004861261695623398,android.database.ContentObserver: void <init>(android.os.Handler),0.0019409818341955543,android.telephony.PhoneStateListener: void <init>(),0.0019302568398416042,f.iedac.DvbX: void <init>(android.content.Context),0.0017539600376039743,"jvus.q.WaNv: void <init>(android.os.Handler,android.content.Context)",0.00102539814542979,,,,,,,,
gen5_8b9d9c36-bb23-433e-8893-09003446d012_app-release,1,1,0.9999984502792358,dummyMainClass: void dummyMainMethod(java.lang.String[]),0.72412854,oq.wm.kjql.Uqnye: void onCreate(android.os.Bundle),0.16679862,"android.telephony.TelephonyManager: void listen(android.telephony.PhoneStateListener,int)",0.046059553,android.database.ContentObserver: void <init>(android.os.Handler),0.018390454351902008,android.telephony.PhoneStateListener: void <init>(),0.018288854509592056,stf.zer.OMx: void <init>(android.content.Context),0.016618460416793823,"k.ZRZZP: void <init>(android.os.Handler,android.content.Context)",0.00971545372158289,,,,,,,,,,,,,,,,,,,,,,,,,,,,,,
gen53_f38e85f1-0076-41a5-9e58-80e315128f5b_app-release,1,1,0.9995096921920776,vlug.RgUJA: java.lang.String getIncomingSMS(android.content.Intent),0.41146636,dummyMainClass: void dummyMainMethod(java.lang.String[]),0.17798759,android.telephony.SmsMessage: java.lang.String getDisplayMessageBody(),0.11672102,android.telephony.SmsMessage: java.lang.String getDisplayOriginatingAddress(),0.07523025572299957,android.telephony.SmsMessage: android.telephony.SmsMessage createFromPdu(byte[]),0.06482446193695068,vlug.RgUJA$2: void run(),0.0435761995613575,vlug.RgUJA$1: void run(),0.0435761995613575,java.io.DataOutputStream: void writeUTF(java.lang.String),0.021584870293736458,vlug.RgUJA: java.lang.String getSdk(),0.019196948036551476,android.os.Build$VERSION: void <clinit>(),0.013680299744009972,"jdme.IQM: void <init>(android.os.Handler,android.content.Context)",0.0075098127126693726,android.database.ContentObserver: void <init>(android.os.Handler),0.004645996727049351,,,,,,,,,,,,,,,,,,,,
gen10_3eb40619-dd9f-40f4-90db-edbc0a125387_app-release,1,1,0.9999924898147583,v.HSEg: java.lang.String getIMSI(android.content.Context),0.5403192,dummyMainClass: void dummyMainMethod(java.lang.String[]),0.12342104,"v.HSEg: void sendMultipartTextMessage(java.lang.String,java.lang.String)",0.11000292,android.telephony.TelephonyManager: java.lang.String getSubscriberId(),0.08042116463184357,android.telephony.SmsManager: android.telephony.SmsManager getDefault(),0.0508275106549263,v.HSEg$1: void run(),0.030216826125979424,"android.telephony.SmsManager: void sendMultipartTextMessage(java.lang.String,java.lang.String,java.util.ArrayList,java.util.ArrayList,java.util.ArrayList)",0.02076307125389576,v.HSEg: java.lang.String getSdk(),0.013311643153429031,java.io.DataOutputStream: void writeUTF(java.lang.String),0.012801248580217361,android.os.Build$VERSION: void <clinit>(),0.009486261755228043,"fx.rdyx.uu.dh.VllW: void <init>(android.os.Handler,android.content.Context)",0.005207492038607597,android.database.ContentObserver: void <init>(android.os.Handler),0.0032216503750532866,,,,,,,,,,,,,,,,,,,,
gen30_4227c97e-7666-43c5-aaf9-9aad756ee3fb_app-release,1,1,0.9999395608901978,dummyMainClass: void dummyMainMethod(java.lang.String[]),0.9360703,"hdeec.EDW: void <init>(android.os.Handler,android.content.Context)",0.03949553,android.database.ContentObserver: void <init>(android.os.Handler),0.024434172,,,,,,,,,,,,,,,,,,,,,,,,,,,,,,,,,,,,,,
gen28_3515697a-3a89-47a0-a4c4-204055e36a4d_app-release,1,1,0.9999915361404419,tt.wst.U: java.lang.String getIMSI(android.content.Context),0.57838625,dummyMainClass: void dummyMainMethod(java.lang.String[]),0.1321164,"tt.wst.U: void sendMultipartTextMessage(java.lang.String,java.lang.String)",0.11775294,android.telephony.TelephonyManager: java.lang.String getSubscriberId(),0.08608706295490265,android.telephony.SmsManager: android.telephony.SmsManager getDefault(),0.05440845340490341,"android.telephony.SmsManager: void sendMultipartTextMessage(java.lang.String,java.lang.String,java.util.ArrayList,java.util.ArrayList,java.util.ArrayList)",0.02222590520977974,"zhm.ahiz.fa.ZWeM: void <init>(android.os.Handler,android.content.Context)",0.005574374459683895,android.database.ContentObserver: void <init>(android.os.Handler),0.003448624862357974,,,,,,,,,,,,,,,,,,,,,,,,,,,,
gen1_ba4e846a-2306-45f1-8324-cbcf12c37e0b_app-release,1,1,0.999998927116394,ruww.zecc.ajlj.j.RT: java.lang.String getIMSI(android.content.Context),0.694989,dummyMainClass: void dummyMainMethod(java.lang.String[]),0.1587511,android.telephony.TelephonyManager: java.lang.String getSubscriberId(),0.10344224,ruww.zecc.ajlj.j.RT$1: void run(),0.02412385493516922,java.net.URL: java.net.URLConnection openConnection(),0.007851773872971535,"ks.jm.RpSu: void <init>(android.os.Handler,android.content.Context)",0.006698169745504856,android.database.ContentObserver: void <init>(android.os.Handler),0.004143868573009968,,,,,,,,,,,,,,,,,,,,,,,,,,,,,,
gen12_fc4ec2f8-8dd7-400d-9d9a-c7f4dce26b15_app-release,1,1,0.9464124441146851,"wy.rk.BA: void sendMultipartTextMessage(java.lang.String,java.lang.String)",0.41948897,dummyMainClass: void dummyMainMethod(java.lang.String[]),0.32461354,android.telephony.SmsManager: android.telephony.SmsManager getDefault(),0.14142278,"android.telephony.SmsManager: void sendMultipartTextMessage(java.lang.String,java.lang.String,java.util.ArrayList,java.util.ArrayList,java.util.ArrayList)",0.05451329052448273,wy.rk.BA: java.lang.String getSdk(),0.035011373460292816,android.os.Build$VERSION: void <clinit>(),0.024950113147497177,,,,,,,,,,,,,,,,,,,,,,,,,,,,,,,,
gen43_50a4ed11-d292-484e-a342-70d0031a955c_app-release,1,1,0.9999364614486694,f.g.re.IuyH: java.lang.String getIMSI(android.content.Context),0.45048025,"f.g.re.IuyH: void sendDataMessage(java.lang.String,java.lang.String)",0.12161351,hj.dzf.oqui.cc.GzZa: java.lang.String getIMSI(android.content.Context),0.11076447,dummyMainClass: void dummyMainMethod(java.lang.String[]),0.10289980471134186,android.telephony.TelephonyManager: java.lang.String getSubscriberId(),0.058598220348358154,android.telephony.SmsManager: android.telephony.SmsManager getDefault(),0.04181268811225891,"android.telephony.SmsManager: void sendDataMessage(java.lang.String,java.lang.String,short,byte[],android.app.PendingIntent,android.app.PendingIntent)",0.029482821002602577,f.g.re.IuyH$1: void run(),0.02519267052412033,hj.dzf.oqui.cc.GzZa: void onCreate(android.os.Bundle),0.02370234951376915,java.io.DataOutputStream: void writeUTF(java.lang.String),0.011201710440218449,hj.dzf.oqui.cc.GzZa$1: void run(),0.008752116933465004,"android.telephony.TelephonyManager: void listen(android.telephony.PhoneStateListener,int)",0.006545134820044041,android.database.ContentObserver: void <init>(android.os.Handler),0.00261331326328218,android.telephony.PhoneStateListener: void <init>(),0.002598875667899847,thc.hu.hcjma.ybuo.RVt: void <init>(android.content.Context),0.0023615092504769564,"baaca.B: void <init>(android.os.Handler,android.content.Context)",0.0013805816415697336,,,,,,,,,,,,
gen48_1566629d-4860-4d8d-ad38-3de22973fc54_app-release,1,1,0.9932584762573242,z.J: java.lang.String getIMSI(android.content.Context),0.23842373,tpadh.wtowf.Pd: java.lang.String getIMSI(android.content.Context),0.23842373,z.J: java.lang.String getIncomingSMS(android.content.Intent),0.12590213,"tpadh.wtowf.Pd: void sendTextMessage(java.lang.String,java.lang.String)",0.06702408939599991,"z.J: void sendTextMessage(java.lang.String,java.lang.String)",0.06373914331197739,dummyMainClass: void dummyMainMethod(java.lang.String[]),0.05446137487888336,android.telephony.SmsMessage: java.lang.String getDisplayMessageBody(),0.035714782774448395,android.telephony.TelephonyManager: java.lang.String getSubscriberId(),0.032080236822366714,android.telephony.SmsManager: android.telephony.SmsManager getDefault(),0.02501935325562954,android.telephony.SmsMessage: java.lang.String getDisplayOriginatingAddress(),0.02301926352083683,android.telephony.SmsMessage: android.telephony.SmsMessage createFromPdu(byte[]),0.019835269078612328,"android.telephony.SmsManager: void sendTextMessage(java.lang.String,java.lang.String,java.lang.String,android.app.PendingIntent,android.app.PendingIntent)",0.013914850540459156,z.J$3: void run(),0.013333621434867382,z.J$2: void run(),0.013333621434867382,z.J$1: void run(),0.01249303575605154,java.io.OutputStream: void write(byte[]),0.00769948773086071,java.io.DataOutputStream: void writeUTF(java.lang.String),0.0060305786319077015,java.net.URL: java.net.URLConnection openConnection(),0.00583223020657897,"ckwzo.wliz.Er: void <init>(android.os.Handler,android.content.Context)",0.0022978861816227436,android.database.ContentObserver: void <init>(android.os.Handler),0.0014216009294614196,,,,
gen19_8fb038d3-d3d1-488d-9b8e-4241ab376a57_app-release,1,1,0.9994109869003296,ajgbl.fh.pyvfl.gk.TIt: java.lang.String getIMSI(android.content.Context),0.37796068,swg.HiF: java.lang.String getIMSI(android.content.Context),0.37796068,dummyMainClass: void dummyMainMethod(java.lang.String[]),0.086334705,android.telephony.TelephonyManager: java.lang.String getSubscriberId(),0.05085503309965134,swg.HiF$2: void run(),0.02113708294928074,java.io.DataOutputStream: void writeUTF(java.lang.String),0.019832855090498924,swg.HiF$1: void run(),0.019804533571004868,ajgbl.fh.pyvfl.gk.TIt$1: void run(),0.019804533571004868,java.net.URL: java.net.URLConnection openConnection(),0.010368007235229015,java.io.OutputStream: void write(byte[]),0.01004563458263874,"f.Wpyo: void <init>(android.os.Handler,android.content.Context)",0.003642711788415909,android.database.ContentObserver: void <init>(android.os.Handler),0.0022535885218530893,,,,,,,,,,,,,,,,,,,,
gen15_a87153f3-2cfb-47ac-b037-f8b5bc665173_app-release,1,1,0.9999206066131592,ab.ly.xvpx.ZU: java.lang.String getIMSI(android.content.Context),0.43676764,"ab.ly.xvpx.ZU: void sendTextMessage(java.lang.String,java.lang.String)",0.12184022,"ab.ly.xvpx.ZU: void sendDataMessage(java.lang.String,java.lang.String)",0.117041714,dummyMainClass: void dummyMainMethod(java.lang.String[]),0.0997675359249115,android.telephony.TelephonyManager: java.lang.String getSubscriberId(),0.06500853598117828,android.telephony.SmsManager: android.telephony.SmsManager getDefault(),0.046062204986810684,"android.telephony.SmsManager: void sendTextMessage(java.lang.String,java.lang.String,java.lang.String,android.app.PendingIntent,android.app.PendingIntent)",0.031742725521326065,"android.telephony.SmsManager: void sendDataMessage(java.lang.String,java.lang.String,short,byte[],android.app.PendingIntent,android.app.PendingIntent)",0.02890254370868206,ab.ly.xvpx.ZU$1: void run(),0.022885924205183983,java.io.OutputStream: void write(byte[]),0.012483260594308376,java.net.URL: java.net.URLConnection openConnection(),0.010684027336537838,"it.ioab.Z: void <init>(android.os.Handler,android.content.Context)",0.0042094821110367775,android.database.ContentObserver: void <init>(android.os.Handler),0.002604224719107151,,,,,,,,,,,,,,,,,,
gen60_12bca5b9-eb2d-44d1-85a5-5959bd426c50_app-release,1,1,0.9976045489311218,dummyMainClass: void dummyMainMethod(java.lang.String[]),0.5304219,mk.BPVT$2: void run(),0.1298617,java.io.DataOutputStream: void writeUTF(java.lang.String),0.121848814,mk.BPVT$1: void run(),0.08060302585363388,mk.BPVT: java.lang.String getSdk(),0.057208940386772156,android.os.Build$VERSION: void <clinit>(),0.04076874628663063,java.net.URL: java.net.URLConnection openConnection(),0.0392867848277092,,,,,,,,,,,,,,,,,,,,,,,,,,,,,,
gen10_0e187773-d465-400f-942f-f95e52767222_app-release,1,1,0.998518168926239,brw.uz.FomH: java.lang.String getIncomingSMS(android.content.Intent),0.35034207,dummyMainClass: void dummyMainMethod(java.lang.String[]),0.15154712,"brw.uz.FomH: void sendMultipartTextMessage(java.lang.String,java.lang.String)",0.15102564,android.telephony.SmsMessage: java.lang.String getDisplayMessageBody(),0.09938184171915054,android.telephony.SmsMessage: java.lang.String getDisplayOriginatingAddress(),0.06405463069677353,android.telephony.SmsManager: android.telephony.SmsManager getDefault(),0.06386778503656387,android.telephony.SmsMessage: android.telephony.SmsMessage createFromPdu(byte[]),0.05519464239478111,"android.telephony.SmsManager: void sendMultipartTextMessage(java.lang.String,java.lang.String,java.util.ArrayList,java.util.ArrayList,java.util.ArrayList)",0.026243044063448906,brw.uz.FomH: java.lang.String getSdk(),0.016345197334885597,android.os.Build$VERSION: void <clinit>(),0.011648059822618961,"x.LVJFm: void <init>(android.os.Handler,android.content.Context)",0.0063942125998437405,android.database.ContentObserver: void <init>(android.os.Handler),0.003955823369324207,,,,,,,,,,,,,,,,,,,,
gen19_ca811f10-3105-45e2-8360-c228b5a319a6_app-release,1,1,0.9999780654907227,rmy.oy.GszH: java.lang.String getIMSI(android.content.Context),0.5314544,"rmy.oy.GszH: void sendDataMessage(java.lang.String,java.lang.String)",0.14241517,dummyMainClass: void dummyMainMethod(java.lang.String[]),0.121396124,android.telephony.TelephonyManager: java.lang.String getSubscriberId(),0.07910172641277313,android.telephony.SmsManager: android.telephony.SmsManager getDefault(),0.049321096390485764,"android.telephony.SmsManager: void sendDataMessage(java.lang.String,java.lang.String,short,byte[],android.app.PendingIntent,android.app.PendingIntent)",0.034775082021951675,hrdef.yzbw.Utm: void onCreate(android.os.Bundle),0.027962863445281982,"android.telephony.TelephonyManager: void listen(android.telephony.PhoneStateListener,int)",0.007721627596765757,android.telephony.PhoneStateListener: void <init>(),0.0030660254415124655,slj.e.bvsh.e.MfNGN: void <init>(android.content.Context),0.002785992342978716,,,,,,,,,,,,,,,,,,,,,,,,
gen22_35e9de63-9363-471c-9afa-10f7d2f01ad4_app-release,1,1,0.9968518614768982,xgn.tyohx.xw.Xynw: java.lang.String getIMEI(android.content.Context),0.35727093,xgn.tyohx.xw.Xynw: java.lang.String getIncomingSMS(android.content.Intent),0.2579802,dummyMainClass: void dummyMainMethod(java.lang.String[]),0.11159424,android.telephony.SmsMessage: java.lang.String getDisplayMessageBody(),0.07318146526813507,android.telephony.TelephonyManager: java.lang.String getDeviceId(),0.06287285685539246,android.telephony.SmsMessage: java.lang.String getDisplayOriginatingAddress(),0.047167692333459854,android.telephony.SmsMessage: android.telephony.SmsMessage createFromPdu(byte[]),0.04064348712563515,xgn.tyohx.xw.Xynw$2: void run(),0.025598879903554916,java.net.URL: java.net.URLConnection openConnection(),0.01195053942501545,java.io.OutputStream: void write(byte[]),0.011739679612219334,,,,,,,,,,,,,,,,,,,,,,,,
gen103_5bb03a21-a4f0-41b4-9404-fde9e3640dfc_app-release,1,1,0.9999912977218628,fsoxs.bl.sa.ybtui.Hp: java.lang.String getIMSI(android.content.Context),0.54426336,dummyMainClass: void dummyMainMethod(java.lang.String[]),0.12432198,"fsoxs.bl.sa.ybtui.Hp: void sendMultipartTextMessage(java.lang.String,java.lang.String)",0.110805914,android.telephony.TelephonyManager: java.lang.String getSubscriberId(),0.08100821822881699,android.telephony.SmsManager: android.telephony.SmsManager getDefault(),0.05119853839278221,fsoxs.bl.sa.ybtui.Hp$1: void run(),0.030437400564551353,java.io.DataOutputStream: void writeUTF(java.lang.String),0.028559314087033272,"android.telephony.SmsManager: void sendMultipartTextMessage(java.lang.String,java.lang.String,java.util.ArrayList,java.util.ArrayList,java.util.ArrayList)",0.020914651453495026,"ha.tn.nw.Wap: void <init>(android.os.Handler,android.content.Context)",0.00524550536647439,android.database.ContentObserver: void <init>(android.os.Handler),0.0032451676670461893,,,,,,,,,,,,,,,,,,,,,,,,
gen18_9069d547-7282-4d45-a852-a2702213cae7_app-release,1,1,0.9996090531349182,y.jdjol.z.odip.HaKYg: java.lang.String getIncomingSMS(android.content.Intent),0.42144826,dummyMainClass: void dummyMainMethod(java.lang.String[]),0.18230544,android.telephony.SmsMessage: java.lang.String getDisplayMessageBody(),0.11955259,android.telephony.SmsMessage: java.lang.String getDisplayOriginatingAddress(),0.07705529779195786,android.telephony.SmsMessage: android.telephony.SmsMessage createFromPdu(byte[]),0.06639706343412399,y.jdjol.z.odip.HaKYg$1: void run(),0.0418195016682148,java.io.OutputStream: void write(byte[]),0.025773469358682632,y.jdjol.z.odip.HaKYg: java.lang.String getSdk(),0.019662654027342796,java.net.URL: java.net.URLConnection openConnection(),0.019522948190569878,android.os.Build$VERSION: void <clinit>(),0.014012174680829048,"yxfn.ga.A: void <init>(android.os.Handler,android.content.Context)",0.007691995706409216,android.database.ContentObserver: void <init>(android.os.Handler),0.004758705850690603,,,,,,,,,,,,,,,,,,,,
gen19_d3195e41-91ce-4939-b9e5-21e79b3acd49_app-release,1,1,0.9999991655349731,rzo.cum.KxaUA: java.lang.String getIMSI(android.content.Context),0.65854996,dummyMainClass: void dummyMainMethod(java.lang.String[]),0.15042761,android.telephony.TelephonyManager: java.lang.String getSubscriberId(),0.09801864,rzo.cum.KxaUA$1: void run(),0.036828767508268356,rzo.cum.KxaUA$2: void run(),0.022859012708067894,java.io.DataOutputStream: void writeUTF(java.lang.String),0.015602373518049717,java.net.URL: java.net.URLConnection openConnection(),0.007440096233040094,"cmwdm.iagy.tjh.U: void <init>(android.os.Handler,android.content.Context)",0.006346976850181818,android.database.ContentObserver: void <init>(android.os.Handler),0.00392660079523921,,,,,,,,,,,,,,,,,,,,,,,,,,
gen30_234ec02f-0d44-4cc3-8405-6a1ef3d6834a_app-release,1,1,0.9999938011169434,ql.zzcs.my.YbfOR: java.lang.String getIMSI(android.content.Context),0.5416006,dummyMainClass: void dummyMainMethod(java.lang.String[]),0.12371375,"ql.zzcs.my.YbfOR: void sendMultipartTextMessage(java.lang.String,java.lang.String)",0.1102638,android.telephony.TelephonyManager: java.lang.String getSubscriberId(),0.08061188459396362,android.telephony.SmsManager: android.telephony.SmsManager getDefault(),0.05094804987311363,vvl.c.KV: void onCreate(android.os.Bundle),0.028496714308857918,"android.telephony.SmsManager: void sendMultipartTextMessage(java.lang.String,java.lang.String,java.util.ArrayList,java.util.ArrayList,java.util.ArrayList)",0.02081231214106083,ql.zzcs.my.YbfOR$1: void run(),0.018799569457769394,"android.telephony.TelephonyManager: void listen(android.telephony.PhoneStateListener,int)",0.007869044318795204,java.net.URL: java.net.URLConnection openConnection(),0.006118838209658861,android.database.ContentObserver: void <init>(android.os.Handler),0.003141917986795306,android.telephony.PhoneStateListener: void <init>(),0.0031245602294802666,wvwf.gl.aisok.ML: void <init>(android.content.Context),0.002839180640876293,"iy.fwg.qy.pmbbo.KdRvX: void <init>(android.os.Handler,android.content.Context)",0.001659837202169001,,,,,,,,,,,,,,,,
gen33_f2f86525-c8cf-4acf-b0cb-ac3ba94a2dfb_app-release,1,1,0.9998685121536255,zai.eqh.SZ: java.lang.String getIMSI(android.content.Context),0.4237984,zai.eqh.SZ: java.lang.String getIncomingSMS(android.content.Intent),0.22379106,dummyMainClass: void dummyMainMethod(java.lang.String[]),0.09680507,android.telephony.SmsMessage: java.lang.String getDisplayMessageBody(),0.06348299980163574,android.telephony.TelephonyManager: java.lang.String getSubscriberId(),0.06307819485664368,android.telephony.SmsMessage: java.lang.String getDisplayOriginatingAddress(),0.04091673716902733,android.telephony.SmsMessage: android.telephony.SmsMessage createFromPdu(byte[]),0.035257160663604736,zai.eqh.SZ$1: void run(),0.02220635861158371,java.io.OutputStream: void write(byte[]),0.01368583645671606,java.net.URL: java.net.URLConnection openConnection(),0.010366779752075672,"m.Fc: void <init>(android.os.Handler,android.content.Context)",0.004084486979991198,android.database.ContentObserver: void <init>(android.os.Handler),0.0025268958415836096,,,,,,,,,,,,,,,,,,,,
gen21_b1529448-6262-44a4-b28c-b554e7ce2a27_app-release,1,1,0.999963641166687,c.tifb.ckrvy.D: java.lang.String getIMEI(android.content.Context),0.47827005,dummyMainClass: void dummyMainMethod(java.lang.String[]),0.14938854,"c.tifb.ckrvy.D: void sendMultipartTextMessage(java.lang.String,java.lang.String)",0.14360377,android.telephony.TelephonyManager: java.lang.String getDeviceId(),0.08416639268398285,android.telephony.SmsManager: android.telephony.SmsManager getDefault(),0.06219426915049553,kndk.loibx.uy.kobc.Cwlx: void onCreate(android.os.Bundle),0.0344107486307621,"android.telephony.SmsManager: void sendMultipartTextMessage(java.lang.String,java.lang.String,java.util.ArrayList,java.util.ArrayList,java.util.ArrayList)",0.025464316830039024,"android.telephony.TelephonyManager: void listen(android.telephony.PhoneStateListener,int)",0.009502137079834938,android.database.ContentObserver: void <init>(android.os.Handler),0.0037939725443720818,android.telephony.PhoneStateListener: void <init>(),0.003773012198507786,nfevr.tbtu.X: void <init>(android.content.Context),0.0034284067805856466,"an.c.s.Zj: void <init>(android.os.Handler,android.content.Context)",0.002004309557378292,,,,,,,,,,,,,,,,,,,,
gen103_5087aa70-e306-45c4-9c70-b09ca5cceda2_app-release,1,1,0.9999490976333618,f.q.SgBVW: java.lang.String getIMEI(android.content.Context),0.5017047,dummyMainClass: void dummyMainMethod(java.lang.String[]),0.15670839,"f.q.SgBVW: void sendMultipartTextMessage(java.lang.String,java.lang.String)",0.15064019,android.telephony.TelephonyManager: java.lang.String getDeviceId(),0.08829044550657272,android.telephony.SmsManager: android.telephony.SmsManager getDefault(),0.06524170935153961,"android.telephony.SmsManager: void sendMultipartTextMessage(java.lang.String,java.lang.String,java.util.ArrayList,java.util.ArrayList,java.util.ArrayList)",0.026712024584412575,"avd.uvlwc.rvi.J: void <init>(android.os.Handler,android.content.Context)",0.006611981894820929,android.database.ContentObserver: void <init>(android.os.Handler),0.004090547561645508,,,,,,,,,,,,,,,,,,,,,,,,,,,,
gen5_527e78da-4ea2-47dc-9bed-c41ffd8535f1_app-release,1,1,0.9999947547912598,y.OXXmp: java.lang.String getIMSI(android.content.Context),0.67444366,dummyMainClass: void dummyMainMethod(java.lang.String[]),0.15405808,android.telephony.TelephonyManager: java.lang.String getSubscriberId(),0.10038426,y.OXXmp$1: void run(),0.03533976525068283,java.io.OutputStream: void write(byte[]),0.01927628181874752,java.net.URL: java.net.URLConnection openConnection(),0.016497958451509476,,,,,,,,,,,,,,,,,,,,,,,,,,,,,,,,
gen37_735e6dd5-eaf9-48db-9abf-99e6b46e9549_app-release,1,1,0.999982476234436,zig.tb.EICpR: java.lang.String getIMSI(android.content.Context),0.5497305,"zig.tb.EICpR: void sendDataMessage(java.lang.String,java.lang.String)",0.14731264,dummyMainClass: void dummyMainMethod(java.lang.String[]),0.12557079,android.telephony.TelephonyManager: java.lang.String getSubscriberId(),0.08182193338871002,android.telephony.SmsManager: android.telephony.SmsManager getDefault(),0.05101718753576279,"android.telephony.SmsManager: void sendDataMessage(java.lang.String,java.lang.String,short,byte[],android.app.PendingIntent,android.app.PendingIntent)",0.03597097471356392,"on.mgbe.V: void <init>(android.os.Handler,android.content.Context)",0.005298195872455835,android.database.ContentObserver: void <init>(android.os.Handler),0.0032777648884803057,,,,,,,,,,,,,,,,,,,,,,,,,,,,
gen3_45e32c01-32e7-4ce9-95d9-f0be595178b6_app-release,1,1,0.9999886751174927,hhora.LKAwG: java.lang.String getIMEI(android.content.Context),0.6623986,dummyMainClass: void dummyMainMethod(java.lang.String[]),0.20690143,android.telephony.TelephonyManager: java.lang.String getDeviceId(),0.1165695,"xfdo.AT: void <init>(android.os.Handler,android.content.Context)",0.008729771710932255,android.database.ContentObserver: void <init>(android.os.Handler),0.00540073262527585,,,,,,,,,,,,,,,,,,,,,,,,,,,,,,,,,,
gen103_d67b341a-7037-4baf-a65c-1fbc8c7739fb_app-release,1,1,0.9987170696258545,ye.jkh.uygc.YO: java.lang.String getIMEI(android.content.Context),0.36399105,ye.jkh.uygc.YO: java.lang.String getIncomingSMS(android.content.Intent),0.2628327,dummyMainClass: void dummyMainMethod(java.lang.String[]),0.11369328,android.telephony.SmsMessage: java.lang.String getDisplayMessageBody(),0.07455798238515854,android.telephony.TelephonyManager: java.lang.String getDeviceId(),0.06405547261238098,android.telephony.SmsMessage: java.lang.String getDisplayOriginatingAddress(),0.04805489629507065,android.telephony.SmsMessage: android.telephony.SmsMessage createFromPdu(byte[]),0.04140797629952431,ye.jkh.uygc.YO$1: void run(),0.017276857048273087,java.net.URL: java.net.URLConnection openConnection(),0.006365002132952213,"gfaa.qpa.mj.drfv.B: void <init>(android.os.Handler,android.content.Context)",0.004797049798071384,android.database.ContentObserver: void <init>(android.os.Handler),0.0029677273705601692,,,,,,,,,,,,,,,,,,,,,,
gen58_3194b4a5-44c7-4d1e-ac22-fbfc289de6a2_app-release,1,1,0.9999936819076538,wour.t.al.X: java.lang.String getIMEI(android.content.Context),0.5907294,dummyMainClass: void dummyMainMethod(java.lang.String[]),0.18451542,android.telephony.TelephonyManager: java.lang.String getDeviceId(),0.10395709,wour.t.al.X$2: void run(),0.04232645034790039,wour.t.al.X$1: void run(),0.028039004653692245,java.io.OutputStream: void write(byte[]),0.0251687690615654,java.net.URL: java.net.URLConnection openConnection(),0.012662175111472607,"aach.noo.Ixo: void <init>(android.os.Handler,android.content.Context)",0.0077852411195635796,android.database.ContentObserver: void <init>(android.os.Handler),0.004816392436623573,,,,,,,,,,,,,,,,,,,,,,,,,,
gen47_46f6b930-4404-4077-8180-9b59989abd3f_app-release,1,1,0.9936509728431702,wie.vp.Iw: java.lang.String getIMSI(android.content.Context),0.726078,dummyMainClass: void dummyMainMethod(java.lang.String[]),0.16585252,android.telephony.TelephonyManager: java.lang.String getSubscriberId(),0.10806952,,,,,,,,,,,,,,,,,,,,,,,,,,,,,,,,,,,,,,
gen37_3f05fcfc-d43d-495c-96ad-362938ad8630_app-release,1,1,0.9908198714256287,ysimi.f.jyo.YXxm: java.lang.String getPhoneNumber(android.content.Context),0.2491901,ysimi.f.jyo.YXxm: java.lang.String getIncomingSMS(android.content.Intent),0.18921693,"ysimi.f.jyo.YXxm: void sendDataMessage(java.lang.String,java.lang.String)",0.10723626,"ysimi.f.jyo.YXxm: void sendTextMessage(java.lang.String,java.lang.String)",0.10718119889497757,dummyMainClass: void dummyMainMethod(java.lang.String[]),0.0818493664264679,android.telephony.TelephonyManager: java.lang.String getLine1Number(),0.05390983447432518,android.telephony.SmsMessage: java.lang.String getDisplayMessageBody(),0.053675327450037,android.telephony.SmsManager: android.telephony.SmsManager getDefault(),0.03840826451778412,android.telephony.SmsMessage: java.lang.String getDisplayOriginatingAddress(),0.034595388919115067,android.telephony.SmsMessage: android.telephony.SmsMessage createFromPdu(byte[]),0.02981017902493477,"android.telephony.SmsManager: void sendTextMessage(java.lang.String,java.lang.String,java.lang.String,android.app.PendingIntent,android.app.PendingIntent)",0.024952944368124008,"android.telephony.SmsManager: void sendDataMessage(java.lang.String,java.lang.String,short,byte[],android.app.PendingIntent,android.app.PendingIntent)",0.024384289979934692,"oeaz.msa.D: void <init>(android.os.Handler,android.content.Context)",0.003453462850302458,android.database.ContentObserver: void <init>(android.os.Handler),0.002136508235707879,,,,,,,,,,,,,,,,
gen32_1cf85d55-39a5-4575-a126-8e67f158bdbf_app-release,1,1,0.9999974966049194,y.Y: java.lang.String getIMSI(android.content.Context),0.6406725,dummyMainClass: void dummyMainMethod(java.lang.String[]),0.14634399,android.telephony.TelephonyManager: java.lang.String getSubscriberId(),0.09535776,iu.dldw.qbi.t.NnzMj: void onCreate(android.os.Bundle),0.03370945528149605,y.Y$2: void run(),0.03357021510601044,java.io.OutputStream: void write(byte[]),0.018311070278286934,java.net.URL: java.net.URLConnection openConnection(),0.01567186415195465,"android.telephony.TelephonyManager: void listen(android.telephony.PhoneStateListener,int)",0.009308484382927418,android.telephony.PhoneStateListener: void <init>(),0.0036961182486265898,v.Fg: void <init>(android.content.Context),0.003358535934239626,,,,,,,,,,,,,,,,,,,,,,,,
gen0_1594dbfc-68ad-4bef-a967-f8d1dd50d62a_app-release,1,1,0.9999992847442627,ych.ry.qz.VAMBW: java.lang.String getIMSI(android.content.Context),0.694989,dummyMainClass: void dummyMainMethod(java.lang.String[]),0.1587511,android.telephony.TelephonyManager: java.lang.String getSubscriberId(),0.10344224,ych.ry.qz.VAMBW$1: void run(),0.02412385493516922,java.net.URL: java.net.URLConnection openConnection(),0.007851773872971535,"fq.glrae.EW: void <init>(android.os.Handler,android.content.Context)",0.006698169745504856,android.database.ContentObserver: void <init>(android.os.Handler),0.004143868573009968,,,,,,,,,,,,,,,,,,,,,,,,,,,,,,
gen104_0ba7872a-d237-4f48-b66d-9f562bb40e63_app-release,1,1,0.9999796152114868,yh.mcph.NyOJI: java.lang.String getIMSI(android.content.Context),0.5442675,"yh.mcph.NyOJI: void sendTextMessage(java.lang.String,java.lang.String)",0.15182827,dummyMainClass: void dummyMainMethod(java.lang.String[]),0.12432292,android.telephony.TelephonyManager: java.lang.String getSubscriberId(),0.08100882917642593,android.telephony.SmsManager: android.telephony.SmsManager getDefault(),0.050971563905477524,"android.telephony.SmsManager: void sendTextMessage(java.lang.String,java.lang.String,java.lang.String,android.app.PendingIntent,android.app.PendingIntent)",0.03911019116640091,"zpg.bqtk.wbzjn.cx.K: void <init>(android.os.Handler,android.content.Context)",0.005245544482022524,android.database.ContentObserver: void <init>(android.os.Handler),0.003245192114263773,,,,,,,,,,,,,,,,,,,,,,,,,,,,
gen33_7a7c4ff2-0cf3-4fa6-9b24-d67deef31c73_app-release,1,1,0.9998924732208252,s.xle.nr.dcpf.ArBO: java.lang.String getIMSI(android.content.Context),0.41008368,s.xle.nr.dcpf.ArBO: java.lang.String getIncomingSMS(android.content.Intent),0.21654887,dummyMainClass: void dummyMainMethod(java.lang.String[]),0.09367233,android.telephony.SmsMessage: java.lang.String getDisplayMessageBody(),0.06142859905958176,android.telephony.TelephonyManager: java.lang.String getSubscriberId(),0.06103689596056938,android.telephony.SmsMessage: java.lang.String getDisplayOriginatingAddress(),0.03959261253476143,android.telephony.SmsMessage: android.telephony.SmsMessage createFromPdu(byte[]),0.03411618992686272,s.xle.nr.dcpf.ArBO$1: void run(),0.022933531552553177,s.xle.nr.dcpf.ArBO$3: void run(),0.021487727761268616,java.io.OutputStream: void write(byte[]),0.011720607057213783,java.io.DataOutputStream: void writeUTF(java.lang.String),0.010950187221169472,java.net.URL: java.net.URLConnection openConnection(),0.01003129594027996,"ttl.ly.nrbh.BFz: void <init>(android.os.Handler,android.content.Context)",0.003952307160943747,android.database.ContentObserver: void <init>(android.os.Handler),0.0024451217614114285,,,,,,,,,,,,,,,,
gen21_21f920b9-43f3-4080-8241-054ab963a9f4_app-release,1,1,0.9999916553497314,dummyMainClass: void dummyMainMethod(java.lang.String[]),0.7980767,pra.EttL: java.lang.String getSdk(),0.08607699,android.os.Build$VERSION: void <clinit>(),0.06134095,"pcagw.c.GZhQl: void <init>(android.os.Handler,android.content.Context)",0.033673182129859924,android.database.ContentObserver: void <init>(android.os.Handler),0.020832136273384094,,,,,,,,,,,,,,,,,,,,,,,,,,,,,,,,,,
gen39_7af1cf6f-d6e3-4ee6-bd4e-eedb0ebc76fc_app-release,1,1,0.9999985694885254,rts.LKLp: java.lang.String getIMSI(android.content.Context),0.656549,dummyMainClass: void dummyMainMethod(java.lang.String[]),0.14997053,android.telephony.TelephonyManager: java.lang.String getSubscriberId(),0.09772082,rts.LKLp$2: void run(),0.034402113407850266,rts.LKLp$1: void run(),0.02278955653309822,java.io.OutputStream: void write(byte[]),0.018764834851026535,java.net.URL: java.net.URLConnection openConnection(),0.009560790844261646,"kjfzn.D: void <init>(android.os.Handler,android.content.Context)",0.006327691953629255,android.database.ContentObserver: void <init>(android.os.Handler),0.003914669621735811,,,,,,,,,,,,,,,,,,,,,,,,,,
gen100_ae10c5bb-5eec-4690-bedc-f1176c19edfa_app-release,1,1,0.9999847412109375,xju.CWlHl: java.lang.String getIMSI(android.content.Context),0.51472825,"xju.CWlHl: void sendTextMessage(java.lang.String,java.lang.String)",0.14358804,dummyMainClass: void dummyMainMethod(java.lang.String[]),0.1175755,android.telephony.TelephonyManager: java.lang.String getSubscriberId(),0.0766122043132782,android.telephony.SmsManager: android.telephony.SmsManager getDefault(),0.048205167055130005,"android.telephony.SmsManager: void sendTextMessage(java.lang.String,java.lang.String,java.lang.String,android.app.PendingIntent,android.app.PendingIntent)",0.036987513303756714,xju.CWlHl$1: void run(),0.026970935985445976,java.io.OutputStream: void write(byte[]),0.014711454510688782,java.net.URL: java.net.URLConnection openConnection(),0.01259106770157814,"ll.eig.pkha.brta.Ta: void <init>(android.os.Handler,android.content.Context)",0.004960851278156042,android.database.ContentObserver: void <init>(android.os.Handler),0.003069064347073436,,,,,,,,,,,,,,,,,,,,,,
gen17_489923eb-8169-47e9-88ef-326b8393b6ad_app-release,1,1,0.9995778203010559,w.ll.lcvid.F: java.lang.String getIMSI(android.content.Context),0.43297476,w.ll.lcvid.F: java.lang.String getIncomingSMS(android.content.Intent),0.22863674,dummyMainClass: void dummyMainMethod(java.lang.String[]),0.09890116,android.telephony.SmsMessage: java.lang.String getDisplayMessageBody(),0.06485757231712341,android.telephony.TelephonyManager: java.lang.String getSubscriberId(),0.06444400548934937,android.telephony.SmsMessage: java.lang.String getDisplayOriginatingAddress(),0.04180269315838814,android.telephony.SmsMessage: android.telephony.SmsMessage createFromPdu(byte[]),0.03602056950330734,w.ll.lcvid.F$1: void run(),0.024213692173361778,java.io.DataOutputStream: void writeUTF(java.lang.String),0.008148815482854843,,,,,,,,,,,,,,,,,,,,,,,,,,
gen39_144bcf52-cc51-4a3d-89a1-6dc1721a8ec8_app-release,1,1,0.999835729598999,dummyMainClass: void dummyMainMethod(java.lang.String[]),0.9360703,"b.C: void <init>(android.os.Handler,android.content.Context)",0.03949553,android.database.ContentObserver: void <init>(android.os.Handler),0.024434172,,,,,,,,,,,,,,,,,,,,,,,,,,,,,,,,,,,,,,
gen49_8159f8ed-b7b5-447a-957c-f25ddacb4ad0_app-release,1,1,0.9999812841415405,knl.hq.hpnfp.GaFhj: java.lang.String getIMSI(android.content.Context),0.54426754,"knl.hq.hpnfp.GaFhj: void sendTextMessage(java.lang.String,java.lang.String)",0.15182827,dummyMainClass: void dummyMainMethod(java.lang.String[]),0.12432293,android.telephony.TelephonyManager: java.lang.String getSubscriberId(),0.08100882917642593,android.telephony.SmsManager: android.telephony.SmsManager getDefault(),0.05097156763076782,"android.telephony.SmsManager: void sendTextMessage(java.lang.String,java.lang.String,java.lang.String,android.app.PendingIntent,android.app.PendingIntent)",0.039110153913497925,"x.l.hloyl.bt.RS: void <init>(android.os.Handler,android.content.Context)",0.005245544947683811,android.database.ContentObserver: void <init>(android.os.Handler),0.003245192114263773,,,,,,,,,,,,,,,,,,,,,,,,,,,,
gen105_a8f75de3-4a2e-49b9-a1c3-f09a7f5fd9c0_app-release,1,1,0.9999840259552002,zp.Mardr: java.lang.String getIMSI(android.content.Context),0.51157105,"zp.Mardr: void sendTextMessage(java.lang.String,java.lang.String)",0.14270732,dummyMainClass: void dummyMainMethod(java.lang.String[]),0.116854325,android.telephony.TelephonyManager: java.lang.String getSubscriberId(),0.07614228874444962,android.telephony.SmsManager: android.telephony.SmsManager getDefault(),0.04790949076414108,"android.telephony.SmsManager: void sendTextMessage(java.lang.String,java.lang.String,java.lang.String,android.app.PendingIntent,android.app.PendingIntent)",0.03676064312458038,c.U: void onCreate(android.os.Bundle),0.026916688308119774,zp.Mardr$1: void run(),0.01775721088051796,"android.telephony.TelephonyManager: void listen(android.telephony.PhoneStateListener,int)",0.007432738319039345,java.net.URL: java.net.URLConnection openConnection(),0.005779573693871498,android.database.ContentObserver: void <init>(android.os.Handler),0.0029677115380764008,android.telephony.PhoneStateListener: void <init>(),0.0029513160698115826,xqcc.ker.BMUEJ: void <init>(android.content.Context),0.00268175988458097,"w.z.ElEP: void <init>(android.os.Handler,android.content.Context)",0.0015678060008212924,,,,,,,,,,,,,,,,
gen21_f2c9aa6f-8dd7-4fa3-ae07-626cce2172f5_app-release,1,1,0.999998927116394,o.v.lozj.IqRsC: java.lang.String getIMSI(android.content.Context),0.6791269,dummyMainClass: void dummyMainMethod(java.lang.String[]),0.15512784,android.telephony.TelephonyManager: java.lang.String getSubscriberId(),0.10108131,o.v.lozj.IqRsC$1: void run(),0.03797951340675354,java.io.DataOutputStream: void writeUTF(java.lang.String),0.01608988270163536,"mky.ngh.Ggcw: void <init>(android.os.Handler,android.content.Context)",0.006545293610543013,android.database.ContentObserver: void <init>(android.os.Handler),0.004049290437251329,,,,,,,,,,,,,,,,,,,,,,,,,,,,,,
gen14_5a4145d3-2dec-4a0e-b93f-0e6db3c99f53_app-release,1,1,0.9994363188743591,hh.dkddq.k.ZYyFj: java.lang.String getIMSI(android.content.Context),0.3894108,hh.dkddq.k.ZYyFj: java.lang.String getIMEI(android.content.Context),0.28477556,dummyMainClass: void dummyMainMethod(java.lang.String[]),0.08895017,"hh.dkddq.k.ZYyFj: void sendMultipartTextMessage(java.lang.String,java.lang.String)",0.07310120761394501,android.telephony.TelephonyManager: java.lang.String getSubscriberId(),0.057959944009780884,android.telephony.TelephonyManager: java.lang.String getDeviceId(),0.050115060061216354,android.telephony.SmsManager: android.telephony.SmsManager getDefault(),0.035704031586647034,"android.telephony.SmsManager: void sendMultipartTextMessage(java.lang.String,java.lang.String,java.util.ArrayList,java.util.ArrayList,java.util.ArrayList)",0.013908333145081997,"qh.FR: void <init>(android.os.Handler,android.content.Context)",0.003753066062927246,android.database.ContentObserver: void <init>(android.os.Handler),0.002321859821677208,,,,,,,,,,,,,,,,,,,,,,,,
gen44_e98adf70-c8d2-45b5-b3ff-465c4a5a70ff_app-release,1,1,0.9999967813491821,sx.dom.swl.sc.PeSXN: java.lang.String getIMSI(android.content.Context),0.63946134,dummyMainClass: void dummyMainMethod(java.lang.String[]),0.14606734,android.telephony.TelephonyManager: java.lang.String getSubscriberId(),0.09517749,sx.dom.swl.sc.PeSXN$1: void run(),0.03576125577092171,alj.dh.vrfis.Bx: void onCreate(android.os.Bundle),0.03364573046565056,java.io.DataOutputStream: void writeUTF(java.lang.String),0.033554669469594955,"android.telephony.TelephonyManager: void listen(android.telephony.PhoneStateListener,int)",0.009290886111557484,android.telephony.PhoneStateListener: void <init>(),0.0036891307681798935,ewlkq.HzA: void <init>(android.content.Context),0.003352186642587185,,,,,,,,,,,,,,,,,,,,,,,,,,
gen29_8353da57-e2b7-4464-9c3d-f5c3d7bffbef_app-release,1,1,0.9992502331733704,"hv.kq.tjo.w.CM: void sendDataMessage(java.lang.String,java.lang.String)",0.37226522,dummyMainClass: void dummyMainMethod(java.lang.String[]),0.2279275,android.telephony.SmsManager: android.telephony.SmsManager getDefault(),0.0978325,"android.telephony.SmsManager: void sendDataMessage(java.lang.String,java.lang.String,short,byte[],android.app.PendingIntent,android.app.PendingIntent)",0.06487677246332169,hv.kq.tjo.w.CM$1: void run(),0.0558028519153595,qps.b.TwcZ: void onCreate(android.os.Bundle),0.052501726895570755,java.io.DataOutputStream: void writeUTF(java.lang.String),0.05235963687300682,hv.kq.tjo.w.CM: java.lang.String getSdk(),0.0245832446962595,android.os.Build$VERSION: void <clinit>(),0.017518728971481323,"android.telephony.TelephonyManager: void listen(android.telephony.PhoneStateListener,int)",0.014497756958007812,android.database.ContentObserver: void <init>(android.os.Handler),0.005788601469248533,android.telephony.PhoneStateListener: void <init>(),0.005756622180342674,a.gui.rpad.e.BiQc: void <init>(android.content.Context),0.0052308449521660805,"bc.rvilu.EV: void <init>(android.os.Handler,android.content.Context)",0.0030580477323383093,,,,,,,,,,,,,,,,
gen55_7279a121-d8df-42f9-b498-9a5a8a9d54e8_app-release,1,1,0.999976396560669,pcjjp.jsoc.dxbo.SgYSn: java.lang.String getIMSI(android.content.Context),0.52634686,"pcjjp.jsoc.dxbo.SgYSn: void sendTextMessage(java.lang.String,java.lang.String)",0.14682916,dummyMainClass: void dummyMainMethod(java.lang.String[]),0.120229445,android.telephony.TelephonyManager: java.lang.String getSubscriberId(),0.0783415213227272,android.telephony.SmsManager: android.telephony.SmsManager getDefault(),0.04929326847195625,"android.telephony.SmsManager: void sendTextMessage(java.lang.String,java.lang.String,java.lang.String,android.app.PendingIntent,android.app.PendingIntent)",0.037822406738996506,jbzse.tw.mhvr.Y: void onCreate(android.os.Bundle),0.027694128453731537,"android.telephony.TelephonyManager: void listen(android.telephony.PhoneStateListener,int)",0.007647419348359108,android.telephony.PhoneStateListener: void <init>(),0.00303655955940485,zyls.WxCrX: void <init>(android.content.Context),0.002759217517450452,,,,,,,,,,,,,,,,,,,,,,,,
gen104_31a48fd2-3c1d-49c7-8567-009e78b4103e_app-release,1,1,0.9999974966049194,mc.L: java.lang.String getIMSI(android.content.Context),0.6406725,dummyMainClass: void dummyMainMethod(java.lang.String[]),0.14634399,android.telephony.TelephonyManager: java.lang.String getSubscriberId(),0.09535775,wefx.WKgg: void onCreate(android.os.Bundle),0.03370945528149605,mc.L$1: void run(),0.03357021138072014,java.io.OutputStream: void write(byte[]),0.018311068415641785,java.net.URL: java.net.URLConnection openConnection(),0.0156718622893095,"android.telephony.TelephonyManager: void listen(android.telephony.PhoneStateListener,int)",0.009308483451604843,android.telephony.PhoneStateListener: void <init>(),0.003696118015795946,kgnv.q.dwqp.nsapk.JmpmI: void <init>(android.content.Context),0.0033585357014089823,,,,,,,,,,,,,,,,,,,,,,,,
gen33_15bff46f-e6a8-4581-bb46-e5d6962ef7dc_app-release,1,1,0.9997102618217468,dummyMainClass: void dummyMainMethod(java.lang.String[]),0.57885104,wpwos.ecp.Ot$1: void run(),0.14171846,java.io.DataOutputStream: void writeUTF(java.lang.String),0.13297398,wpwos.ecp.Ot: java.lang.String getSdk(),0.062432289123535156,android.os.Build$VERSION: void <clinit>(),0.04449105262756348,"axpwh.Zr: void <init>(android.os.Handler,android.content.Context)",0.02442341111600399,android.database.ContentObserver: void <init>(android.os.Handler),0.015109704807400703,,,,,,,,,,,,,,,,,,,,,,,,,,,,,,
gen29_4e2c4e62-be49-49dc-8227-28de3734f472_app-release,1,1,0.9999891519546509,tw.m.uab.O: java.lang.String getIMSI(android.content.Context),0.5239021,"tw.m.uab.O: void sendTextMessage(java.lang.String,java.lang.String)",0.14614716,dummyMainClass: void dummyMainMethod(java.lang.String[]),0.11967101,android.telephony.TelephonyManager: java.lang.String getSubscriberId(),0.07797764241695404,android.telephony.SmsManager: android.telephony.SmsManager getDefault(),0.04906431585550308,"android.telephony.SmsManager: void sendTextMessage(java.lang.String,java.lang.String,java.lang.String,android.app.PendingIntent,android.app.PendingIntent)",0.03764673322439194,t.en.pe.cbm.Iw: void onCreate(android.os.Bundle),0.027565496042370796,"android.telephony.TelephonyManager: void listen(android.telephony.PhoneStateListener,int)",0.007611898705363274,android.database.ContentObserver: void <init>(android.os.Handler),0.0030392459593713284,android.telephony.PhoneStateListener: void <init>(),0.0030224553775042295,xhn.zo.t.NlrSu: void <init>(android.content.Context),0.0027464015875011683,"yti.tqiz.HU: void <init>(android.os.Handler,android.content.Context)",0.001605596742592752,,,,,,,,,,,,,,,,,,,,
gen104_8b9e15be-1a24-48c0-a7d2-9f29f4e23c65_app-release,1,1,0.995098888874054,o.yol.gzgq.f.AukBC: java.lang.String getIMSI(android.content.Context),0.26458216,hqob.NsF: java.lang.String getIMSI(android.content.Context),0.26458216,hqob.NsF: java.lang.String getIncomingSMS(android.content.Intent),0.13971531,"hqob.NsF: void sendDataMessage(java.lang.String,java.lang.String)",0.06828323751688004,dummyMainClass: void dummyMainMethod(java.lang.String[]),0.06043650954961777,android.telephony.SmsMessage: java.lang.String getDisplayMessageBody(),0.03963315859436989,android.telephony.TelephonyManager: java.lang.String getSubscriberId(),0.03559982776641846,android.telephony.SmsMessage: java.lang.String getDisplayOriginatingAddress(),0.0255447831004858,android.telephony.SmsManager: android.telephony.SmsManager getDefault(),0.02415541745722294,android.telephony.SmsMessage: android.telephony.SmsMessage createFromPdu(byte[]),0.022011445835232735,"android.telephony.SmsManager: void sendDataMessage(java.lang.String,java.lang.String,short,byte[],android.app.PendingIntent,android.app.PendingIntent)",0.016292346641421318,o.yol.gzgq.f.AukBC$1: void run(),0.014796500094234943,hqob.NsF$1: void run(),0.014796500094234943,java.io.DataOutputStream: void writeUTF(java.lang.String),0.005443145055323839,"tmy.w.pu.IB: void <init>(android.os.Handler,android.content.Context)",0.002549991710111499,android.database.ContentObserver: void <init>(android.os.Handler),0.0015775697538629174,,,,,,,,,,,,
gen6_335417f3-cb5c-4020-b01a-8d3685d865dc_app-release,1,1,0.9995952248573303,dummyMainClass: void dummyMainMethod(java.lang.String[]),0.9360703,"csjcz.wqv.Y: void <init>(android.os.Handler,android.content.Context)",0.03949553,android.database.ContentObserver: void <init>(android.os.Handler),0.024434172,,,,,,,,,,,,,,,,,,,,,,,,,,,,,,,,,,,,,,
gen23_77d60cff-fe99-4344-b27a-d7924b5406f3_app-release,1,1,0.9997836947441101,ichb.bea.LgZr: java.lang.String getIMSI(android.content.Context),0.4239571,ichb.bea.LgZr: java.lang.String getIncomingSMS(android.content.Intent),0.22387488,dummyMainClass: void dummyMainMethod(java.lang.String[]),0.09684133,android.telephony.SmsMessage: java.lang.String getDisplayMessageBody(),0.06350677460432053,android.telephony.TelephonyManager: java.lang.String getSubscriberId(),0.06310182064771652,android.telephony.SmsMessage: java.lang.String getDisplayOriginatingAddress(),0.0409320592880249,android.telephony.SmsMessage: android.telephony.SmsMessage createFromPdu(byte[]),0.035270363092422485,ltim.dndt.lupv.vuar.H: void onCreate(android.os.Bundle),0.022306814789772034,ichb.bea.LgZr$2: void run(),0.014716031029820442,"android.telephony.TelephonyManager: void listen(android.telephony.PhoneStateListener,int)",0.006159774027764797,java.net.URL: java.net.URLConnection openConnection(),0.004664666950702667,android.telephony.PhoneStateListener: void <init>(),0.002445860533043742,kijh.ph.N: void <init>(android.content.Context),0.0022224695421755314,,,,,,,,,,,,,,,,,,
d9c3aceb7490f1d3fdf96d6460f7dbe2491d37e1116a8622e62c69d75f0d7848,0,1,0.6021643280982971,dummyMainClass: void dummyMainMethod(java.lang.String[]),0.3210483,"androidx.core.content.FileProvider: int delete(android.net.Uri,java.lang.String,java.lang.String[])",0.20233022,java.io.File: boolean delete(),0.1946237,android.os.Environment: java.io.File getExternalStorageDirectory(),0.1306178867816925,"androidx.core.content.FileProvider: androidx.core.content.FileProvider$a b(android.content.Context,java.lang.String)",0.09363437443971634,androidx.core.content.a: java.io.File[] a(android.content.Context),0.019511263817548752,"androidx.core.content.a: java.io.File[] a(android.content.Context,java.lang.String)",0.019511263817548752,android.os.Build$VERSION: void <clinit>(),0.018722986802458763,,,,,,,,,,,,,,,,,,,,,,,,,,,,
gen12_2bde282a-2152-4e2f-8bd3-78d13ca866a0_app-release,1,1,0.9985350370407104,f.y.Da: java.lang.String getPhoneNumber(android.content.Context),0.33175248,f.y.Da: java.lang.String getIncomingSMS(android.content.Intent),0.2519088,dummyMainClass: void dummyMainMethod(java.lang.String[]),0.10896793,android.telephony.TelephonyManager: java.lang.String getLine1Number(),0.07177139818668365,android.telephony.SmsMessage: java.lang.String getDisplayMessageBody(),0.07145917415618896,android.telephony.SmsMessage: java.lang.String getDisplayOriginatingAddress(),0.04605759680271149,android.telephony.SmsMessage: android.telephony.SmsMessage createFromPdu(byte[]),0.03968699276447296,f.y.Da$2: void run(),0.026678312569856644,v.y.Ow: void onCreate(android.os.Bundle),0.0251001063734293,java.io.DataOutputStream: void writeUTF(java.lang.String),0.010203744284808636,"android.telephony.TelephonyManager: void listen(android.telephony.PhoneStateListener,int)",0.00693111028522253,android.database.ContentObserver: void <init>(android.os.Handler),0.0027674236334860325,android.telephony.PhoneStateListener: void <init>(),0.002752135042101145,sz.zcd.HEMYO: void <init>(android.content.Context),0.00250077061355114,"nvax.znfb.sma.L: void <init>(android.os.Handler,android.content.Context)",0.001461996347643435,,,,,,,,,,,,,,
gen51_5c8d5938-956b-400b-b97c-2e9535762d67_app-release,1,1,0.9999916553497314,dummyMainClass: void dummyMainMethod(java.lang.String[]),0.7980767,xv.p.pjm.v.T: java.lang.String getSdk(),0.08607699,android.os.Build$VERSION: void <clinit>(),0.06134095,"yttcm.LcO: void <init>(android.os.Handler,android.content.Context)",0.033673182129859924,android.database.ContentObserver: void <init>(android.os.Handler),0.020832136273384094,,,,,,,,,,,,,,,,,,,,,,,,,,,,,,,,,,
gen11_4df4f22e-8400-4948-8e36-81b26bcf2fd8_app-release,1,1,0.9999934434890747,dummyMainClass: void dummyMainMethod(java.lang.String[]),0.6761144,ikeh.qkuy.SSJe$1: void run(),0.102742486,ikeh.qkuy.SSJe: java.lang.String getSdk(),0.07292268,android.os.Build$VERSION: void <clinit>(),0.05196680873632431,java.net.URL: java.net.URLConnection openConnection(),0.05007779225707054,"apcwg.z.xul.NKHMn: void <init>(android.os.Handler,android.content.Context)",0.028527235612273216,android.database.ContentObserver: void <init>(android.os.Handler),0.017648562788963318,,,,,,,,,,,,,,,,,,,,,,,,,,,,,,
gen12_d48ef09f-57fc-438c-9eb9-cdc4b261d31a_app-release,1,1,0.9999490976333618,lwf.ohr.Poih: java.lang.String getIMEI(android.content.Context),0.5017047,dummyMainClass: void dummyMainMethod(java.lang.String[]),0.15670839,"lwf.ohr.Poih: void sendMultipartTextMessage(java.lang.String,java.lang.String)",0.15064019,android.telephony.TelephonyManager: java.lang.String getDeviceId(),0.08829044550657272,android.telephony.SmsManager: android.telephony.SmsManager getDefault(),0.06524170935153961,"android.telephony.SmsManager: void sendMultipartTextMessage(java.lang.String,java.lang.String,java.util.ArrayList,java.util.ArrayList,java.util.ArrayList)",0.026712024584412575,"sndoa.crg.CE: void <init>(android.os.Handler,android.content.Context)",0.006611981894820929,android.database.ContentObserver: void <init>(android.os.Handler),0.004090547561645508,,,,,,,,,,,,,,,,,,,,,,,,,,,,
gen0_7142f740-beb6-4765-8f85-d8628847ea8a_app-release,1,1,0.999061644077301,"emiuu.uk.ZXbiJ: void sendDataMessage(java.lang.String,java.lang.String)",0.38716036,dummyMainClass: void dummyMainMethod(java.lang.String[]),0.23704739,android.telephony.SmsManager: android.telephony.SmsManager getDefault(),0.10174699,"android.telephony.SmsManager: void sendDataMessage(java.lang.String,java.lang.String,short,byte[],android.app.PendingIntent,android.app.PendingIntent)",0.06747263669967651,java.io.OutputStream: void write(byte[]),0.06683459877967834,emiuu.uk.ZXbiJ$1: void run(),0.05437689274549484,emiuu.uk.ZXbiJ: java.lang.String getSdk(),0.02556687407195568,java.net.URL: java.net.URLConnection openConnection(),0.025385219603776932,android.os.Build$VERSION: void <clinit>(),0.01821969263255596,"asku.f.hc.XD: void <init>(android.os.Handler,android.content.Context)",0.010001716203987598,android.database.ContentObserver: void <init>(android.os.Handler),0.006187630817294121,,,,,,,,,,,,,,,,,,,,,,
gen58_cc6c5513-17cb-4d2f-86ba-efc975d13cde_app-release,1,1,0.9999984502792358,su.TY: java.lang.String getIMSI(android.content.Context),0.66742134,dummyMainClass: void dummyMainMethod(java.lang.String[]),0.15245403,android.telephony.TelephonyManager: java.lang.String getSubscriberId(),0.09933906,su.TY$1: void run(),0.03497181087732315,java.io.OutputStream: void write(byte[]),0.019075578078627586,java.net.URL: java.net.URLConnection openConnection(),0.0163261815905571,"xm.kae.dnvj.pjueq.PGb: void <init>(android.os.Handler,android.content.Context)",0.006432477850466967,android.database.ContentObserver: void <init>(android.os.Handler),0.003979496192187071,,,,,,,,,,,,,,,,,,,,,,,,,,,,
gen54_268e51bf-9431-4e26-b724-62dc3025fba6_app-release,1,1,0.9999644756317139,t.zmxls.dqgi.cda.JM: java.lang.String getIMSI(android.content.Context),0.46967185,"t.zmxls.dqgi.cda.JM: void sendDataMessage(java.lang.String,java.lang.String)",0.1258592,dummyMainClass: void dummyMainMethod(java.lang.String[]),0.10728368,android.telephony.TelephonyManager: java.lang.String getSubscriberId(),0.06990604102611542,android.telephony.SmsManager: android.telephony.SmsManager getDefault(),0.04358747974038124,"android.telephony.SmsManager: void sendDataMessage(java.lang.String,java.lang.String,short,byte[],android.app.PendingIntent,android.app.PendingIntent)",0.03073246031999588,t.zmxls.dqgi.cda.JM$2: void run(),0.026265954598784447,o.mby.vbtrg.kpt.AMEH: void onCreate(android.os.Bundle),0.02471216395497322,java.io.DataOutputStream: void writeUTF(java.lang.String),0.024645278230309486,t.zmxls.dqgi.cda.JM$3: void run(),0.024610081687569618,t.zmxls.dqgi.cda.JM$1: void run(),0.01630285568535328,java.io.OutputStream: void write(byte[]),0.013423716649413109,java.net.URL: java.net.URLConnection openConnection(),0.0068394578993320465,"android.telephony.TelephonyManager: void listen(android.telephony.PhoneStateListener,int)",0.0068239872343838215,android.database.ContentObserver: void <init>(android.os.Handler),0.002724649617448449,android.telephony.PhoneStateListener: void <init>(),0.0027095943223685026,p.r.gfi.a.Rgq: void <init>(android.content.Context),0.0024621179327368736,"cmh.sd.H: void <init>(android.os.Handler,android.content.Context)",0.001439400715753436,,,,,,,,
gen49_e4965d08-fa61-4ec2-84c5-2c6800a981f8_app-release,1,1,0.9992969036102295,iof.OE: java.lang.String getIMEI(android.content.Context),0.3766191,"iof.OE: void sendTextMessage(java.lang.String,java.lang.String)",0.1549433,"iof.OE: void sendDataMessage(java.lang.String,java.lang.String)",0.14884739,dummyMainClass: void dummyMainMethod(java.lang.String[]),0.11763767153024673,android.telephony.TelephonyManager: java.lang.String getDeviceId(),0.06627776473760605,android.telephony.SmsManager: android.telephony.SmsManager getDefault(),0.055198539048433304,"android.telephony.SmsManager: void sendTextMessage(java.lang.String,java.lang.String,java.lang.String,android.app.PendingIntent,android.app.PendingIntent)",0.0379195362329483,"android.telephony.SmsManager: void sendDataMessage(java.lang.String,java.lang.String,short,byte[],android.app.PendingIntent,android.app.PendingIntent)",0.03452255204319954,"ewa.w.as.TzU: void <init>(android.os.Handler,android.content.Context)",0.004963474813848734,android.database.ContentObserver: void <init>(android.os.Handler),0.003070687409490347,,,,,,,,,,,,,,,,,,,,,,,,
gen32_03046195-592a-4878-91ab-2fa6a72fd795_app-release,1,1,0.9977915287017822,wu.z.yrj.OODT: java.lang.String getIncomingSMS(android.content.Intent),0.29541543,"wu.z.yrj.OODT: void sendDataMessage(java.lang.String,java.lang.String)",0.16742297,dummyMainClass: void dummyMainMethod(java.lang.String[]),0.12778759,android.telephony.SmsMessage: java.lang.String getDisplayMessageBody(),0.0838007852435112,android.telephony.SmsMessage: java.lang.String getDisplayOriginatingAddress(),0.054012153297662735,android.telephony.SmsManager: android.telephony.SmsManager getDefault(),0.0531097911298275,android.telephony.SmsMessage: android.telephony.SmsMessage createFromPdu(byte[]),0.04654126614332199,"android.telephony.SmsManager: void sendDataMessage(java.lang.String,java.lang.String,short,byte[],android.app.PendingIntent,android.app.PendingIntent)",0.03764764219522476,wu.z.yrj.OODT$1: void run(),0.03128586709499359,lx.QESB: void onCreate(android.os.Bundle),0.029435118660330772,java.io.DataOutputStream: void writeUTF(java.lang.String),0.029355445876717567,wu.z.yrj.OODT: java.lang.String getSdk(),0.013782591558992863,android.os.Build$VERSION: void <clinit>(),0.009821871295571327,"android.telephony.TelephonyManager: void listen(android.telephony.PhoneStateListener,int)",0.008128178305923939,"qh.'to'.qxa.UzJH: void <init>(android.os.Handler,android.content.Context)",0.0033170764800161123,android.telephony.PhoneStateListener: void <init>(),0.003227448323741555,android.database.ContentObserver: void <init>(android.os.Handler),0.0029761428013443947,asu.syaj.g.V: void <init>(android.content.Context),0.0029326744843274355,,,,,,,,
gen57_d865c15c-5741-4340-8c13-a37e8e336a29_app-release,1,1,0.9999992847442627,gpzgf.x.q.dsbay.KAMXE: java.lang.String getIMSI(android.content.Context),0.66742134,dummyMainClass: void dummyMainMethod(java.lang.String[]),0.15245403,android.telephony.TelephonyManager: java.lang.String getSubscriberId(),0.09933906,gpzgf.x.q.dsbay.KAMXE$2: void run(),0.03497181087732315,java.io.OutputStream: void write(byte[]),0.019075578078627586,java.net.URL: java.net.URLConnection openConnection(),0.0163261815905571,"uq.ac.t.qkyf.UXc: void <init>(android.os.Handler,android.content.Context)",0.006432477850466967,android.database.ContentObserver: void <init>(android.os.Handler),0.003979496192187071,,,,,,,,,,,,,,,,,,,,,,,,,,,,
gen36_c30e4bc3-ea9b-4967-bc18-1989c6f89624_app-release,1,1,0.9999914169311523,cjks.raku.GaQWE: java.lang.String getIMSI(android.content.Context),0.5247109,dummyMainClass: void dummyMainMethod(java.lang.String[]),0.11985576,"cjks.raku.GaQWE: void sendMultipartTextMessage(java.lang.String,java.lang.String)",0.10682525,android.telephony.TelephonyManager: java.lang.String getSubscriberId(),0.07809802144765854,android.telephony.SmsManager: android.telephony.SmsManager getDefault(),0.04935924708843231,rbv.g.Io: void onCreate(android.os.Bundle),0.027608050033450127,cjks.raku.GaQWE$1: void run(),0.02749401144683361,"android.telephony.SmsManager: void sendMultipartTextMessage(java.lang.String,java.lang.String,java.util.ArrayList,java.util.ArrayList,java.util.ArrayList)",0.02016330137848854,java.io.OutputStream: void write(byte[]),0.014996768906712532,java.net.URL: java.net.URLConnection openConnection(),0.012835259549319744,"android.telephony.TelephonyManager: void listen(android.telephony.PhoneStateListener,int)",0.007623650133609772,android.database.ContentObserver: void <init>(android.os.Handler),0.003043937962502241,android.telephony.PhoneStateListener: void <init>(),0.0030271215364336967,j.AbOm: void <init>(android.content.Context),0.002750641666352749,"ildwf.TYiXD: void <init>(android.os.Handler,android.content.Context)",0.001608075574040413,,,,,,,,,,,,,,
gen34_cf5fa9b2-2d37-421a-b6e6-e0f22ce87173_app-release,1,1,0.9998387098312378,lmknj.zj.dpja.C: java.lang.String getIMSI(android.content.Context),0.42177764,lmknj.zj.dpja.C: java.lang.String getIncomingSMS(android.content.Intent),0.22272398,dummyMainClass: void dummyMainMethod(java.lang.String[]),0.09634349,android.telephony.SmsMessage: java.lang.String getDisplayMessageBody(),0.06318029761314392,android.telephony.TelephonyManager: java.lang.String getSubscriberId(),0.06277742236852646,android.telephony.SmsMessage: java.lang.String getDisplayOriginatingAddress(),0.04072163626551628,android.telephony.SmsMessage: android.telephony.SmsMessage createFromPdu(byte[]),0.03508904576301575,lmknj.zj.dpja.C$2: void run(),0.023587504401803017,lmknj.zj.dpja.C$1: void run(),0.014640377834439278,java.io.DataOutputStream: void writeUTF(java.lang.String),0.007938079535961151,java.net.URL: java.net.URLConnection openConnection(),0.004640686791390181,"heow.hmxdh.z.wlt.Fea: void <init>(android.os.Handler,android.content.Context)",0.004065011162310839,android.database.ContentObserver: void <init>(android.os.Handler),0.002514846855774522,,,,,,,,,,,,,,,,,,
gen58_c15e0d53-8829-4961-87da-42ff6cbcd9f3_app-release,1,1,0.9999876022338867,nsam.zx.D: java.lang.String getIMSI(android.content.Context),0.5115711,"nsam.zx.D: void sendTextMessage(java.lang.String,java.lang.String)",0.14270732,dummyMainClass: void dummyMainMethod(java.lang.String[]),0.11685433,android.telephony.TelephonyManager: java.lang.String getSubscriberId(),0.07614229619503021,android.telephony.SmsManager: android.telephony.SmsManager getDefault(),0.04790949448943138,"android.telephony.SmsManager: void sendTextMessage(java.lang.String,java.lang.String,java.lang.String,android.app.PendingIntent,android.app.PendingIntent)",0.03676064684987068,pv.gz.icrsd.O: void onCreate(android.os.Bundle),0.026916690170764923,nsam.zx.D$1: void run(),0.01775721088051796,"android.telephony.TelephonyManager: void listen(android.telephony.PhoneStateListener,int)",0.007432738784700632,java.net.URL: java.net.URLConnection openConnection(),0.005779574159532785,android.database.ContentObserver: void <init>(android.os.Handler),0.0029677117709070444,android.telephony.PhoneStateListener: void <init>(),0.0029513163026422262,z.bhkf.ojzxj.cnv.BNScu: void <init>(android.content.Context),0.0026817601174116135,"rxhb.vhk.byd.H: void <init>(android.os.Handler,android.content.Context)",0.0015678061172366142,,,,,,,,,,,,,,,,
gen43_488df1c2-5ce3-4d01-8834-ca7f8b752809_app-release,1,1,0.9999984502792358,ebx.YsnD: java.lang.String getIMSI(android.content.Context),0.637054,dummyMainClass: void dummyMainMethod(java.lang.String[]),0.14551744,android.telephony.TelephonyManager: java.lang.String getSubscriberId(),0.09481918,kg.gh.Q: void onCreate(android.os.Bundle),0.033519066870212555,ebx.YsnD$2: void run(),0.03338060900568962,java.io.OutputStream: void write(byte[]),0.018207648769021034,java.net.URL: java.net.URLConnection openConnection(),0.015583349391818047,"android.telephony.TelephonyManager: void listen(android.telephony.PhoneStateListener,int)",0.009255909360945225,android.database.ContentObserver: void <init>(android.os.Handler),0.0036956595722585917,android.telephony.PhoneStateListener: void <init>(),0.00367524242028594,wuxbk.b.m.vdn.G: void <init>(android.content.Context),0.0033395669888705015,"wjqo.jqg.HvXtV: void <init>(android.os.Handler,android.content.Context)",0.0019523721421137452,,,,,,,,,,,,,,,,,,,,
gen3_0984be7d-f978-4b0e-8edb-21665dbcdc97_app-release,1,1,0.9999879598617554,ahl.NcQh: java.lang.String getIMSI(android.content.Context),0.5497305,"ahl.NcQh: void sendDataMessage(java.lang.String,java.lang.String)",0.14731266,dummyMainClass: void dummyMainMethod(java.lang.String[]),0.12557079,android.telephony.TelephonyManager: java.lang.String getSubscriberId(),0.08182194083929062,android.telephony.SmsManager: android.telephony.SmsManager getDefault(),0.051017191261053085,"android.telephony.SmsManager: void sendDataMessage(java.lang.String,java.lang.String,short,byte[],android.app.PendingIntent,android.app.PendingIntent)",0.03597095608711243,"y.qaxuz.zs.BQhdg: void <init>(android.os.Handler,android.content.Context)",0.005298196338117123,android.database.ContentObserver: void <init>(android.os.Handler),0.0032777651213109493,,,,,,,,,,,,,,,,,,,,,,,,,,,,
gen36_ae064655-190d-46e7-adee-a39be2c63316_app-release,1,1,0.9998086094856262,f.v.y.no.X: java.lang.String getIMSI(android.content.Context),0.4237984,f.v.y.no.X: java.lang.String getIncomingSMS(android.content.Intent),0.22379106,dummyMainClass: void dummyMainMethod(java.lang.String[]),0.09680507,android.telephony.SmsMessage: java.lang.String getDisplayMessageBody(),0.06348299980163574,android.telephony.TelephonyManager: java.lang.String getSubscriberId(),0.06307819485664368,android.telephony.SmsMessage: java.lang.String getDisplayOriginatingAddress(),0.04091673716902733,android.telephony.SmsMessage: android.telephony.SmsMessage createFromPdu(byte[]),0.035257160663604736,f.v.y.no.X$1: void run(),0.02220635861158371,java.io.OutputStream: void write(byte[]),0.01368583645671606,java.net.URL: java.net.URLConnection openConnection(),0.010366779752075672,"awsh.daxxb.kp.ctxxo.NSrvr: void <init>(android.os.Handler,android.content.Context)",0.004084486979991198,android.database.ContentObserver: void <init>(android.os.Handler),0.0025268958415836096,,,,,,,,,,,,,,,,,,,,
gen15_2ec9bad9-836d-4b38-b19f-7a0900cee18c_app-release,1,1,0.9996325969696045,pq.r.t.gav.AHAN: java.lang.String getIncomingSMS(android.content.Intent),0.43056378,dummyMainClass: void dummyMainMethod(java.lang.String[]),0.18624854,android.telephony.SmsMessage: java.lang.String getDisplayMessageBody(),0.1221384,android.telephony.SmsMessage: java.lang.String getDisplayOriginatingAddress(),0.07872193306684494,android.telephony.SmsMessage: android.telephony.SmsMessage createFromPdu(byte[]),0.06783317029476166,pq.r.t.gav.AHAN$2: void run(),0.04559870809316635,java.io.DataOutputStream: void writeUTF(java.lang.String),0.021772241219878197,pq.r.t.gav.AHAN: java.lang.String getSdk(),0.020087938755750656,android.os.Build$VERSION: void <clinit>(),0.014315245673060417,"tg.JZt: void <init>(android.os.Handler,android.content.Context)",0.007858366705477238,android.database.ContentObserver: void <init>(android.os.Handler),0.0048616318963468075,,,,,,,,,,,,,,,,,,,,,,
gen18_0108de13-188c-4f2e-9405-c731fbb43ac7_app-release,1,1,0.9970093369483948,buqb.alalr.qmohn.xat.Ocr: java.lang.String getPhoneNumber(android.content.Context),0.28310254,buqb.alalr.qmohn.xat.Ocr: java.lang.String getIncomingSMS(android.content.Intent),0.21496756,"buqb.alalr.qmohn.xat.Ocr: void sendTextMessage(java.lang.String,java.lang.String)",0.1217675,dummyMainClass: void dummyMainMethod(java.lang.String[]),0.09298830479383469,android.telephony.TelephonyManager: java.lang.String getLine1Number(),0.06124645844101906,android.telephony.SmsMessage: java.lang.String getDisplayMessageBody(),0.06098003685474396,android.telephony.SmsMessage: java.lang.String getDisplayOriginatingAddress(),0.0393035002052784,android.telephony.SmsManager: android.telephony.SmsManager getDefault(),0.03807445988059044,android.telephony.SmsMessage: android.telephony.SmsMessage createFromPdu(byte[]),0.033867064863443375,"android.telephony.SmsManager: void sendTextMessage(java.lang.String,java.lang.String,java.lang.String,android.app.PendingIntent,android.app.PendingIntent)",0.028015494346618652,buqb.alalr.qmohn.xat.Ocr$1: void run(),0.014130525290966034,java.net.URL: java.net.URLConnection openConnection(),0.005205856170505285,"aomh.BX: void <init>(android.os.Handler,android.content.Context)",0.003923446871340275,android.database.ContentObserver: void <init>(android.os.Handler),0.0024272671435028315,,,,,,,,,,,,,,,,
gen21_ced861e8-1ebc-4cf9-a72f-08d001e6b47e_app-release,1,1,0.9999945163726807,ttefx.y.dgb.rnybu.EeH: java.lang.String getIMSI(android.content.Context),0.56339383,dummyMainClass: void dummyMainMethod(java.lang.String[]),0.1286918,"ttefx.y.dgb.rnybu.EeH: void sendMultipartTextMessage(java.lang.String,java.lang.String)",0.11470066,android.telephony.TelephonyManager: java.lang.String getSubscriberId(),0.08385559171438217,android.telephony.SmsManager: android.telephony.SmsManager getDefault(),0.0529981292784214,"android.telephony.SmsManager: void sendMultipartTextMessage(java.lang.String,java.lang.String,java.util.ArrayList,java.util.ArrayList,java.util.ArrayList)",0.021649785339832306,ttefx.y.dgb.rnybu.EeH$1: void run(),0.019556036219000816,java.net.URL: java.net.URLConnection openConnection(),0.006365051493048668,"hepdz.efh.l.HJEuo: void <init>(android.os.Handler,android.content.Context)",0.005429880693554878,android.database.ContentObserver: void <init>(android.os.Handler),0.003359232796356082,,,,,,,,,,,,,,,,,,,,,,,,
gen40_0dd23a13-f9d1-4c5b-9bb5-141636799705_app-release,1,1,0.9998618364334106,dummyMainClass: void dummyMainMethod(java.lang.String[]),0.9360703,"xb.AR: void <init>(android.os.Handler,android.content.Context)",0.03949553,android.database.ContentObserver: void <init>(android.os.Handler),0.024434172,,,,,,,,,,,,,,,,,,,,,,,,,,,,,,,,,,,,,,
gen6_e8946dc2-30c4-4093-afa4-ea5d2c3b37df_app-release,1,1,0.9999940395355225,lflti.omjca.mnwx.L: java.lang.String getIMSI(android.content.Context),0.57838625,dummyMainClass: void dummyMainMethod(java.lang.String[]),0.13211642,"lflti.omjca.mnwx.L: void sendMultipartTextMessage(java.lang.String,java.lang.String)",0.11775295,android.telephony.TelephonyManager: java.lang.String getSubscriberId(),0.08608707040548325,android.telephony.SmsManager: android.telephony.SmsManager getDefault(),0.05440845713019371,"android.telephony.SmsManager: void sendMultipartTextMessage(java.lang.String,java.lang.String,java.util.ArrayList,java.util.ArrayList,java.util.ArrayList)",0.02222590707242489,"vepzf.H: void <init>(android.os.Handler,android.content.Context)",0.005574374925345182,android.database.ContentObserver: void <init>(android.os.Handler),0.0034486250951886177,,,,,,,,,,,,,,,,,,,,,,,,,,,,
gen34_50ef50c8-3376-4872-a286-514844ff4641_app-release,1,1,0.9943958520889282,dummyMainClass: void dummyMainMethod(java.lang.String[]),0.32778502,lh.an.a.ebdc.ZR: void onCreate(android.os.Bundle),0.17581256,"android.location.LocationManager: void requestLocationUpdates(java.lang.String,long,float,android.location.LocationListener)",0.12035309,epzxl.XwE$1: void run(),0.0751914232969284,azymi.BYL$1: void run(),0.0751914232969284,java.io.OutputStream: void write(byte[]),0.07428695261478424,java.net.URL: java.net.URLConnection openConnection(),0.03936397656798363,azymi.BYL: java.lang.String getSdk(),0.03535342961549759,epzxl.XwE: java.lang.String getSdk(),0.03535342961549759,android.os.Build$VERSION: void <clinit>(),0.023769181221723557,"sszj.f.nlcxn.I: void <init>(android.os.Handler,android.content.Context)",0.009096683003008366,android.database.ContentObserver: void <init>(android.os.Handler),0.008442855440080166,,,,,,,,,,,,,,,,,,,,
gen5_a0da9aa3-9c4d-4348-937f-aa0986f2aa97_app-release,1,1,0.9997004270553589,k.YJ: java.lang.String getIMSI(android.content.Context),0.46114704,"k.YJ: void sendTextMessage(java.lang.String,java.lang.String)",0.12864108,"k.YJ: void sendDataMessage(java.lang.String,java.lang.String)",0.12357473,dummyMainClass: void dummyMainMethod(java.lang.String[]),0.10533634573221207,android.telephony.TelephonyManager: java.lang.String getSubscriberId(),0.0686371698975563,android.telephony.SmsManager: android.telephony.SmsManager getDefault(),0.04863332211971283,"android.telephony.SmsManager: void sendTextMessage(java.lang.String,java.lang.String,java.lang.String,android.app.PendingIntent,android.app.PendingIntent)",0.03351451829075813,"android.telephony.SmsManager: void sendDataMessage(java.lang.String,java.lang.String,short,byte[],android.app.PendingIntent,android.app.PendingIntent)",0.030515821650624275,,,,,,,,,,,,,,,,,,,,,,,,,,,,
gen101_42cf66d6-c48e-4b0e-9230-fa107be93270_app-release,1,1,0.9999995231628418,vuaw.dmqhe.lvm.LQhqE: java.lang.String getIMSI(android.content.Context),0.6829273,dummyMainClass: void dummyMainMethod(java.lang.String[]),0.15599594,android.telephony.TelephonyManager: java.lang.String getSubscriberId(),0.10164697,vx.nje.Hy: void onCreate(android.os.Bundle),0.03593272343277931,"android.telephony.TelephonyManager: void listen(android.telephony.PhoneStateListener,int)",0.00992241408675909,android.database.ContentObserver: void <init>(android.os.Handler),0.003961778711527586,android.telephony.PhoneStateListener: void <init>(),0.00393989123404026,es.IZ: void <init>(android.content.Context),0.0035800442565232515,"xxduu.lbpv.Y: void <init>(android.os.Handler,android.content.Context)",0.0020929595921188593,,,,,,,,,,,,,,,,,,,,,,,,,,
gen6_2c5d9dad-b519-4a41-95d7-11fe717a2272_app-release,1,1,0.999880313873291,dummyMainClass: void dummyMainMethod(java.lang.String[]),0.9360703,"gjiyk.ASYDi: void <init>(android.os.Handler,android.content.Context)",0.03949553,android.database.ContentObserver: void <init>(android.os.Handler),0.024434172,,,,,,,,,,,,,,,,,,,,,,,,,,,,,,,,,,,,,,
gen58_39db7a06-7170-4c3f-9b38-cddd2f6d6dc3_app-release,1,1,0.9997889399528503,dummyMainClass: void dummyMainMethod(java.lang.String[]),0.9360703,"bk.d.zgwiu.cbhe.OQBnZ: void <init>(android.os.Handler,android.content.Context)",0.03949553,android.database.ContentObserver: void <init>(android.os.Handler),0.024434172,,,,,,,,,,,,,,,,,,,,,,,,,,,,,,,,,,,,,,
gen19_b829ba8b-9b3c-4c43-a205-4a3dd3e9e52c_app-release,1,1,0.9615747332572937,"m.gcyaq.dxmbq.ZvS: void sendTextMessage(java.lang.String,java.lang.String)",0.29630122,"awkfd.dd.ut.bdss.GGgLa: void sendDataMessage(java.lang.String,java.lang.String)",0.28041133,dummyMainClass: void dummyMainMethod(java.lang.String[]),0.17168796,android.telephony.SmsManager: android.telephony.SmsManager getDefault(),0.0862019881606102,"android.telephony.SmsManager: void sendTextMessage(java.lang.String,java.lang.String,java.lang.String,android.app.PendingIntent,android.app.PendingIntent)",0.05457087978720665,"android.telephony.SmsManager: void sendDataMessage(java.lang.String,java.lang.String,short,byte[],android.app.PendingIntent,android.app.PendingIntent)",0.049616146832704544,awkfd.dd.ut.bdss.GGgLa: java.lang.String getSdk(),0.018517496064305305,m.gcyaq.dxmbq.ZvS: java.lang.String getSdk(),0.018517496064305305,android.os.Build$VERSION: void <clinit>(),0.012449877336621284,"zzx.vh.dou.zhw.MEY: void <init>(android.os.Handler,android.content.Context)",0.007244012784212828,android.database.ContentObserver: void <init>(android.os.Handler),0.004481557756662369,,,,,,,,,,,,,,,,,,,,,,
gen28_74f5dd8c-58d1-4df2-b2f9-e00f690b9ded_app-release,1,1,0.9997658133506775,ctulu.snpvt.FfcE: java.lang.String getIncomingSMS(android.content.Intent),0.41146636,dummyMainClass: void dummyMainMethod(java.lang.String[]),0.17798759,android.telephony.SmsMessage: java.lang.String getDisplayMessageBody(),0.11672102,android.telephony.SmsMessage: java.lang.String getDisplayOriginatingAddress(),0.07523025572299957,android.telephony.SmsMessage: android.telephony.SmsMessage createFromPdu(byte[]),0.06482446193695068,ctulu.snpvt.FfcE$1: void run(),0.0435761995613575,ctulu.snpvt.FfcE$2: void run(),0.0435761995613575,java.io.DataOutputStream: void writeUTF(java.lang.String),0.021584870293736458,ctulu.snpvt.FfcE: java.lang.String getSdk(),0.019196948036551476,android.os.Build$VERSION: void <clinit>(),0.013680299744009972,"rbcb.fxp.w.j.Wp: void <init>(android.os.Handler,android.content.Context)",0.0075098127126693726,android.database.ContentObserver: void <init>(android.os.Handler),0.004645996727049351,,,,,,,,,,,,,,,,,,,,
gen2_691e43d8-4fc0-414c-81ee-e9d34add5537_app-release,1,1,0.9999834299087524,lw.l.Drbn: java.lang.String getIMSI(android.content.Context),0.528962,"lw.l.Drbn: void sendDataMessage(java.lang.String,java.lang.String)",0.14174727,dummyMainClass: void dummyMainMethod(java.lang.String[]),0.1208268,android.telephony.TelephonyManager: java.lang.String getSubscriberId(),0.0787307545542717,android.telephony.SmsManager: android.telephony.SmsManager getDefault(),0.04908979311585426,"android.telephony.SmsManager: void sendDataMessage(java.lang.String,java.lang.String,short,byte[],android.app.PendingIntent,android.app.PendingIntent)",0.0346120148897171,bv.eb.E: void onCreate(android.os.Bundle),0.027831725776195526,"android.telephony.TelephonyManager: void listen(android.telephony.PhoneStateListener,int)",0.007685414981096983,android.database.ContentObserver: void <init>(android.os.Handler),0.003068599384278059,android.telephony.PhoneStateListener: void <init>(),0.0030516465194523335,hcc.K: void <init>(android.content.Context),0.0027729265857487917,"oree.p.i.JLbi: void <init>(android.os.Handler,android.content.Context)",0.0016211038455367088,,,,,,,,,,,,,,,,,,,,
gen24_8b14485d-7ad5-47c9-9dc2-bbf1d0c0f193_app-release,1,1,0.9992355108261108,smrec.OlDI: java.lang.String getIncomingSMS(android.content.Intent),0.3436776,dummyMainClass: void dummyMainMethod(java.lang.String[]),0.14866428,"smrec.OlDI: void sendMultipartTextMessage(java.lang.String,java.lang.String)",0.14815271,android.telephony.SmsMessage: java.lang.String getDisplayMessageBody(),0.0974913239479065,android.telephony.SmsMessage: java.lang.String getDisplayOriginatingAddress(),0.06283613294363022,android.telephony.SmsManager: android.telephony.SmsManager getDefault(),0.06265284866094589,android.telephony.SmsMessage: android.telephony.SmsMessage createFromPdu(byte[]),0.054144687950611115,qa.Q: void onCreate(android.os.Bundle),0.03424391895532608,"android.telephony.SmsManager: void sendMultipartTextMessage(java.lang.String,java.lang.String,java.util.ArrayList,java.util.ArrayList,java.util.ArrayList)",0.02574382908642292,"android.telephony.TelephonyManager: void listen(android.telephony.PhoneStateListener,int)",0.009456069208681583,android.database.ContentObserver: void <init>(android.os.Handler),0.0037755784578621387,android.telephony.PhoneStateListener: void <init>(),0.0037547198589891195,vh.gmzx.Z: void <init>(android.content.Context),0.003411785466596484,"otfyg.EdG: void <init>(android.os.Handler,android.content.Context)",0.001994592370465398,,,,,,,,,,,,,,,,
gen15_13450054-d190-4bcd-84cb-ea1ca8a37818_app-release,1,1,0.9999799728393555,ewrs.VZD: java.lang.String getIMSI(android.content.Context),0.52390206,"ewrs.VZD: void sendTextMessage(java.lang.String,java.lang.String)",0.14614715,dummyMainClass: void dummyMainMethod(java.lang.String[]),0.119670995,android.telephony.TelephonyManager: java.lang.String getSubscriberId(),0.07797763496637344,android.telephony.SmsManager: android.telephony.SmsManager getDefault(),0.049064308404922485,"android.telephony.SmsManager: void sendTextMessage(java.lang.String,java.lang.String,java.lang.String,android.app.PendingIntent,android.app.PendingIntent)",0.037646763026714325,knqsi.kift.nrok.UxX: void onCreate(android.os.Bundle),0.027565492317080498,"android.telephony.TelephonyManager: void listen(android.telephony.PhoneStateListener,int)",0.007611897774040699,android.database.ContentObserver: void <init>(android.os.Handler),0.0030392457265406847,android.telephony.PhoneStateListener: void <init>(),0.003022455144673586,nw.LUkf: void <init>(android.content.Context),0.0027464013546705246,"j.dy.pyfov.E: void <init>(android.os.Handler,android.content.Context)",0.0016055966261774302,,,,,,,,,,,,,,,,,,,,
gen6_d806ac26-b7c6-4d62-95cb-335af2c23538_app-release,1,1,0.9999490976333618,ez.r.Nzau: java.lang.String getIMEI(android.content.Context),0.5017047,dummyMainClass: void dummyMainMethod(java.lang.String[]),0.15670839,"ez.r.Nzau: void sendMultipartTextMessage(java.lang.String,java.lang.String)",0.15064019,android.telephony.TelephonyManager: java.lang.String getDeviceId(),0.08829044550657272,android.telephony.SmsManager: android.telephony.SmsManager getDefault(),0.06524170935153961,"android.telephony.SmsManager: void sendMultipartTextMessage(java.lang.String,java.lang.String,java.util.ArrayList,java.util.ArrayList,java.util.ArrayList)",0.026712024584412575,"ltinm.waqvl.Uauy: void <init>(android.os.Handler,android.content.Context)",0.006611981894820929,android.database.ContentObserver: void <init>(android.os.Handler),0.004090547561645508,,,,,,,,,,,,,,,,,,,,,,,,,,,,
gen15_6558d38b-7bfe-4502-bac1-1a021db23350_app-release,1,1,0.9999984502792358,dummyMainClass: void dummyMainMethod(java.lang.String[]),0.72412854,xrlmg.ccb.W: void onCreate(android.os.Bundle),0.16679862,"android.telephony.TelephonyManager: void listen(android.telephony.PhoneStateListener,int)",0.046059553,android.database.ContentObserver: void <init>(android.os.Handler),0.018390454351902008,android.telephony.PhoneStateListener: void <init>(),0.018288854509592056,kwbly.pymo.rnzdu.I: void <init>(android.content.Context),0.016618460416793823,"fbne.XS: void <init>(android.os.Handler,android.content.Context)",0.00971545372158289,,,,,,,,,,,,,,,,,,,,,,,,,,,,,,
gen41_d4966413-1ae1-4cc0-a1d0-32530a59fbb7_app-release,1,1,0.9999750852584839,ouki.dm.rvnc.Q: java.lang.String getIMEI(android.content.Context),0.6623986,dummyMainClass: void dummyMainMethod(java.lang.String[]),0.20690142,android.telephony.TelephonyManager: java.lang.String getDeviceId(),0.11656949,"hb.tgdc.GQ: void <init>(android.os.Handler,android.content.Context)",0.00872977077960968,android.database.ContentObserver: void <init>(android.os.Handler),0.005400732159614563,,,,,,,,,,,,,,,,,,,,,,,,,,,,,,,,,,
gen40_bc183a5c-ee95-41aa-9463-87d4f7fe238d_app-release,1,1,0.9999922513961792,pidd.FU: java.lang.String getIMEI(android.content.Context),0.6033648,dummyMainClass: void dummyMainMethod(java.lang.String[]),0.18846212,android.telephony.TelephonyManager: java.lang.String getDeviceId(),0.10618068,pidd.FU$1: void run(),0.043231796473264694,java.io.OutputStream: void write(byte[]),0.025707118213176727,java.net.URL: java.net.URLConnection openConnection(),0.020182261243462563,"lw.axq.kgl.UEVMx: void <init>(android.os.Handler,android.content.Context)",0.007951764389872551,android.database.ContentObserver: void <init>(android.os.Handler),0.004919413011521101,,,,,,,,,,,,,,,,,,,,,,,,,,,,
gen59_b63f0ff1-5337-47bc-b5ef-1c5112d6ac03_app-release,1,1,0.9999984502792358,dummyMainClass: void dummyMainMethod(java.lang.String[]),0.72412854,qutk.gom.rv.xrb.NqfR: void onCreate(android.os.Bundle),0.16679862,"android.telephony.TelephonyManager: void listen(android.telephony.PhoneStateListener,int)",0.046059553,android.database.ContentObserver: void <init>(android.os.Handler),0.018390454351902008,android.telephony.PhoneStateListener: void <init>(),0.018288854509592056,iuwhf.o.z.AJDBb: void <init>(android.content.Context),0.016618460416793823,"jurro.L: void <init>(android.os.Handler,android.content.Context)",0.00971545372158289,,,,,,,,,,,,,,,,,,,,,,,,,,,,,,
gen48_495418a0-74c9-4021-a6ba-5bc90a6bfa5e_app-release,1,1,0.9997256398200989,w.w.sclk.s.O: java.lang.String getIncomingSMS(android.content.Intent),0.39894792,dummyMainClass: void dummyMainMethod(java.lang.String[]),0.17257251,android.telephony.SmsMessage: java.lang.String getDisplayMessageBody(),0.11316991,android.telephony.SmsMessage: java.lang.String getDisplayOriginatingAddress(),0.07294145971536636,android.telephony.SmsMessage: android.telephony.SmsMessage createFromPdu(byte[]),0.06285225600004196,w.w.sclk.s.O$2: void run(),0.04225044324994087,shvid.TlSb: void onCreate(android.os.Bundle),0.03975103795528412,java.io.DataOutputStream: void writeUTF(java.lang.String),0.03964345529675484,w.w.sclk.s.O: java.lang.String getSdk(),0.018612902611494064,android.os.Build$VERSION: void <clinit>(),0.013264091685414314,"android.telephony.TelephonyManager: void listen(android.telephony.PhoneStateListener,int)",0.010976796969771385,android.database.ContentObserver: void <init>(android.os.Handler),0.004382768180221319,android.telephony.PhoneStateListener: void <init>(),0.004358555190265179,whj.YmxY: void <init>(android.content.Context),0.003960469737648964,"o.LNn: void <init>(android.os.Handler,android.content.Context)",0.002315363148227334,,,,,,,,,,,,,,
gen35_7b4257b8-9e5d-406a-8538-bcab4986683e_app-release,1,1,0.9999819993972778,dummyMainClass: void dummyMainMethod(java.lang.String[]),0.6761144,ibt.ty.RNwI$1: void run(),0.102742486,ibt.ty.RNwI: java.lang.String getSdk(),0.07292268,android.os.Build$VERSION: void <clinit>(),0.05196680873632431,java.net.URL: java.net.URLConnection openConnection(),0.05007779225707054,"irzkw.SOIl: void <init>(android.os.Handler,android.content.Context)",0.028527235612273216,android.database.ContentObserver: void <init>(android.os.Handler),0.017648562788963318,,,,,,,,,,,,,,,,,,,,,,,,,,,,,,
gen22_3efab9d1-a806-4bbe-b37c-4a183022ee38_app-release,1,1,0.9999990463256836,ggj.nwfn.TnQB: java.lang.String getIMSI(android.content.Context),0.64770997,dummyMainClass: void dummyMainMethod(java.lang.String[]),0.14795151,android.telephony.TelephonyManager: java.lang.String getSubscriberId(),0.096405216,ggj.nwfn.TnQB$1: void run(),0.03622255101799965,oy.vsmok.swhd.uyjl.J: void onCreate(android.os.Bundle),0.03407973796129227,java.io.DataOutputStream: void writeUTF(java.lang.String),0.015345552936196327,"android.telephony.TelephonyManager: void listen(android.telephony.PhoneStateListener,int)",0.009410732425749302,android.database.ContentObserver: void <init>(android.os.Handler),0.003757476806640625,android.telephony.PhoneStateListener: void <init>(),0.0037367180921137333,mjows.xfimf.lpi.gdu.As: void <init>(android.content.Context),0.003395427716895938,"cmjgr.tj.jtvf.ggdd.F: void <init>(android.os.Handler,android.content.Context)",0.0019850293174386024,,,,,,,,,,,,,,,,,,,,,,
gen14_5d7e42db-4caf-4720-bb93-cd055039130a_app-release,1,1,0.9999879598617554,wkpsv.c.Zkg: java.lang.String getIMEI(android.content.Context),0.57358134,dummyMainClass: void dummyMainMethod(java.lang.String[]),0.1791592,android.telephony.TelephonyManager: java.lang.String getDeviceId(),0.100939356,wkpsv.c.Zkg$1: void run(),0.04386303946375847,fgdqw.te.as.rri.Aopi: void onCreate(android.os.Bundle),0.0412682369351387,java.io.DataOutputStream: void writeUTF(java.lang.String),0.041156549006700516,"android.telephony.TelephonyManager: void listen(android.telephony.PhoneStateListener,int)",0.011395755223929882,android.telephony.PhoneStateListener: void <init>(),0.004524910822510719,oszx.jzn.xda.CU: void <init>(android.content.Context),0.00411163130775094,,,,,,,,,,,,,,,,,,,,,,,,,,
gen56_97797b4f-0b99-49e2-a114-896a66446641_app-release,1,1,0.9990038275718689,kvme.ywx.X: java.lang.String getIncomingSMS(android.content.Intent),0.35008278,dummyMainClass: void dummyMainMethod(java.lang.String[]),0.15143496,android.telephony.SmsMessage: java.lang.String getDisplayMessageBody(),0.09930829,efwy.n.g.bbm.OFRsS: void onCreate(android.os.Bundle),0.0812244713306427,android.telephony.SmsMessage: java.lang.String getDisplayOriginatingAddress(),0.0640072226524353,"android.location.LocationManager: void requestLocationUpdates(java.lang.String,long,float,android.location.LocationListener)",0.05560250207781792,android.telephony.SmsMessage: android.telephony.SmsMessage createFromPdu(byte[]),0.05515379086136818,gdze.z.mzqt.FBwrK$1: void run(),0.03473804518580437,kvme.ywx.X$1: void run(),0.03473804518580437,java.io.OutputStream: void write(byte[]),0.019448235630989075,java.net.URL: java.net.URLConnection openConnection(),0.018185950815677643,gdze.z.mzqt.FBwrK: java.lang.String getSdk(),0.016333099454641342,android.os.Build$VERSION: void <clinit>(),0.011639438569545746,"ovi.vex.qrd.xxe.AVO: void <init>(android.os.Handler,android.content.Context)",0.004202620126307011,android.database.ContentObserver: void <init>(android.os.Handler),0.0039005554281175137,,,,,,,,,,,,,,
gen52_4d2c357c-f172-47d4-abab-fdf8db8a4381_app-release,1,1,0.9990096092224121,pg.qj.ZJhD: java.lang.String getIncomingSMS(android.content.Intent),0.43611112,dummyMainClass: void dummyMainMethod(java.lang.String[]),0.18864815,android.telephony.SmsMessage: java.lang.String getDisplayMessageBody(),0.123712026,android.telephony.SmsMessage: java.lang.String getDisplayOriginatingAddress(),0.07973617315292358,android.telephony.SmsMessage: android.telephony.SmsMessage createFromPdu(byte[]),0.06870713084936142,pg.qj.ZJhD$1: void run(),0.04618619754910469,java.io.DataOutputStream: void writeUTF(java.lang.String),0.02205275185406208,pg.qj.ZJhD: java.lang.String getSdk(),0.020346749573946,android.os.Build$VERSION: void <clinit>(),0.014499681070446968,,,,,,,,,,,,,,,,,,,,,,,,,,
gen20_cdb22a46-2ece-4ddc-9680-560d054b46ce_app-release,1,1,0.9996315240859985,pclpk.Qr: java.lang.String getIMSI(android.content.Context),0.36764798,pclpk.Qr: java.lang.String getIncomingSMS(android.content.Intent),0.19414027,dummyMainClass: void dummyMainMethod(java.lang.String[]),0.08397906,"pclpk.Qr: void sendMultipartTextMessage(java.lang.String,java.lang.String)",0.07484900206327438,android.telephony.SmsMessage: java.lang.String getDisplayMessageBody(),0.05507193133234978,android.telephony.TelephonyManager: java.lang.String getSubscriberId(),0.054720763117074966,android.telephony.SmsMessage: java.lang.String getDisplayOriginatingAddress(),0.03549554571509361,android.telephony.SmsManager: android.telephony.SmsManager getDefault(),0.03458442911505699,android.telephony.SmsMessage: android.telephony.SmsMessage createFromPdu(byte[]),0.030585825443267822,pclpk.Qr$1: void run(),0.019264165312051773,"android.telephony.SmsManager: void sendMultipartTextMessage(java.lang.String,java.lang.String,java.util.ArrayList,java.util.ArrayList,java.util.ArrayList)",0.014127773232758045,pclpk.Qr$2: void run(),0.012761477380990982,java.io.OutputStream: void write(byte[]),0.011872556060552597,java.net.URL: java.net.URLConnection openConnection(),0.0051638041622936726,"u.C: void <init>(android.os.Handler,android.content.Context)",0.0035433201119303703,android.database.ContentObserver: void <init>(android.os.Handler),0.0021920991130173206,,,,,,,,,,,,
gen43_cb5a3c9e-551a-4f48-bab9-72ca37101401_app-release,1,1,0.9987547397613525,ud.dyhpg.dprb.UzLP: java.lang.String getIncomingSMS(android.content.Intent),0.3293436,dummyMainClass: void dummyMainMethod(java.lang.String[]),0.14246391,"ud.dyhpg.dprb.UzLP: void sendMultipartTextMessage(java.lang.String,java.lang.String)",0.14197353,android.telephony.SmsMessage: java.lang.String getDisplayMessageBody(),0.09342525154352188,android.telephony.SmsMessage: java.lang.String getDisplayOriginatingAddress(),0.060215357691049576,android.telephony.SmsManager: android.telephony.SmsManager getDefault(),0.060039740055799484,android.telephony.SmsMessage: android.telephony.SmsMessage createFromPdu(byte[]),0.05188644677400589,ir.hm.r.TcwO: void onCreate(android.os.Bundle),0.032815705984830856,"android.telephony.SmsManager: void sendMultipartTextMessage(java.lang.String,java.lang.String,java.util.ArrayList,java.util.ArrayList,java.util.ArrayList)",0.024670127779245377,ud.dyhpg.dprb.UzLP: java.lang.String getSdk(),0.015365509316325188,java.net.URL: java.net.URLConnection openConnection(),0.010258473455905914,android.os.Build$VERSION: void <clinit>(),0.010125317610800266,"android.telephony.TelephonyManager: void listen(android.telephony.PhoneStateListener,int)",0.009061691351234913,ir.hm.r.TcwO$1: void run(),0.006534968502819538,ir.hm.r.TcwO: java.lang.String getSdk(),0.00495280371978879,android.telephony.PhoneStateListener: void <init>(),0.0035981175024062395,sy.p.S: void <init>(android.content.Context),0.003269484732300043,,,,,,,,,,
gen33_b93c4883-c100-473d-83a7-4cbad106b1f2_app-release,1,1,0.9999463558197021,nm.z.K: java.lang.String getIMSI(android.content.Context),0.48186463,"nm.z.K: void sendDataMessage(java.lang.String,java.lang.String)",0.12912647,dummyMainClass: void dummyMainMethod(java.lang.String[]),0.11006871,"nm.z.K: void sendMultipartTextMessage(java.lang.String,java.lang.String)",0.09810222685337067,android.telephony.TelephonyManager: java.lang.String getSubscriberId(),0.07172077894210815,android.telephony.SmsManager: android.telephony.SmsManager getDefault(),0.05097413808107376,"android.telephony.SmsManager: void sendDataMessage(java.lang.String,java.lang.String,short,byte[],android.app.PendingIntent,android.app.PendingIntent)",0.03189632296562195,"android.telephony.SmsManager: void sendMultipartTextMessage(java.lang.String,java.lang.String,java.util.ArrayList,java.util.ArrayList,java.util.ArrayList)",0.01872958615422249,"deho.lbrxx.YD: void <init>(android.os.Handler,android.content.Context)",0.004644118249416351,android.database.ContentObserver: void <init>(android.os.Handler),0.002873115474358201,,,,,,,,,,,,,,,,,,,,,,,,
gen38_912b8e81-9c22-4ffe-acdd-78cc0d0114de_app-release,1,1,0.9999173879623413,dummyMainClass: void dummyMainMethod(java.lang.String[]),0.5788511,fu.zw.W$1: void run(),0.14171848,java.io.DataOutputStream: void writeUTF(java.lang.String),0.13297398,fu.zw.W: java.lang.String getSdk(),0.062432292848825455,android.os.Build$VERSION: void <clinit>(),0.044491056352853775,"t.y.Q: void <init>(android.os.Handler,android.content.Context)",0.02442341297864914,android.database.ContentObserver: void <init>(android.os.Handler),0.015109706670045853,,,,,,,,,,,,,,,,,,,,,,,,,,,,,,
gen101_552cc183-9c7d-41eb-802d-bb22bb281827_app-release,1,1,0.9999934434890747,dummyMainClass: void dummyMainMethod(java.lang.String[]),0.6761144,hh.ltrd.ipx.fuwz.BDR$1: void run(),0.102742486,hh.ltrd.ipx.fuwz.BDR: java.lang.String getSdk(),0.07292268,android.os.Build$VERSION: void <clinit>(),0.05196680873632431,java.net.URL: java.net.URLConnection openConnection(),0.05007779225707054,"qgxv.a.Tk: void <init>(android.os.Handler,android.content.Context)",0.028527235612273216,android.database.ContentObserver: void <init>(android.os.Handler),0.017648562788963318,,,,,,,,,,,,,,,,,,,,,,,,,,,,,,
gen100_cd692e90-e4bf-4602-b9b9-dbce021468a8_app-release,1,1,0.999997615814209,dummyMainClass: void dummyMainMethod(java.lang.String[]),0.72412854,sqpo.B: void onCreate(android.os.Bundle),0.16679862,"android.telephony.TelephonyManager: void listen(android.telephony.PhoneStateListener,int)",0.046059553,android.database.ContentObserver: void <init>(android.os.Handler),0.018390454351902008,android.telephony.PhoneStateListener: void <init>(),0.018288854509592056,imt.kwjf.ysrm.RFjfE: void <init>(android.content.Context),0.016618460416793823,"wdc.qxg.CSX: void <init>(android.os.Handler,android.content.Context)",0.00971545372158289,,,,,,,,,,,,,,,,,,,,,,,,,,,,,,
gen32_fbfbcfd9-0ffa-4f28-b540-45a7204f69f1_app-release,1,1,0.9999988079071045,nr.NkALw: java.lang.String getIMSI(android.content.Context),0.6271411,dummyMainClass: void dummyMainMethod(java.lang.String[]),0.14325312,android.telephony.TelephonyManager: java.lang.String getSubscriberId(),0.09334374,z.jd.noa.XSIYR: void onCreate(android.os.Bundle),0.0329974889755249,nr.NkALw$2: void run(),0.03286118805408478,nr.NkALw$1: void run(),0.021768776699900627,java.io.OutputStream: void write(byte[]),0.01792432740330696,java.net.URL: java.net.URLConnection openConnection(),0.009132548235356808,"android.telephony.TelephonyManager: void listen(android.telephony.PhoneStateListener,int)",0.00911188218742609,android.database.ContentObserver: void <init>(android.os.Handler),0.0036381531972438097,android.telephony.PhoneStateListener: void <init>(),0.0036180538590997458,qw.ot.T: void <init>(android.content.Context),0.0032876015175133944,"f.uwa.gacpw.orwp.H: void <init>(android.os.Handler,android.content.Context)",0.0019219921668991446,,,,,,,,,,,,,,,,,,
gen0_86718f0e-ca3d-4524-a14c-06a58c4781de_app-release,1,1,0.9999948740005493,yjbd.nrmif.wsv.wz.IYuV: java.lang.String getIMSI(android.content.Context),0.55544126,dummyMainClass: void dummyMainMethod(java.lang.String[]),0.12687527,"yjbd.nrmif.wsv.wz.IYuV: void sendMultipartTextMessage(java.lang.String,java.lang.String)",0.113081604,android.telephony.TelephonyManager: java.lang.String getSubscriberId(),0.08267193287611008,android.telephony.SmsManager: android.telephony.SmsManager getDefault(),0.05225003510713577,p.fmjgw.sf.C: void onCreate(android.os.Bundle),0.029224950820207596,"android.telephony.SmsManager: void sendMultipartTextMessage(java.lang.String,java.lang.String,java.util.ArrayList,java.util.ArrayList,java.util.ArrayList)",0.02134419046342373,"android.telephony.TelephonyManager: void listen(android.telephony.PhoneStateListener,int)",0.008070139214396477,android.database.ContentObserver: void <init>(android.os.Handler),0.0032222100999206305,android.telephony.PhoneStateListener: void <init>(),0.00320440880022943,jsx.rrsm.qmbe.KyE: void <init>(android.content.Context),0.0029117364902049303,"d.WZpRi: void <init>(android.os.Handler,android.content.Context)",0.0017022545216605067,,,,,,,,,,,,,,,,,,,,
gen55_61a5dbdf-a5d0-4d38-a604-9b5107de8baf_app-release,1,1,0.9996151924133301,dummyMainClass: void dummyMainMethod(java.lang.String[]),0.51078665,n.MdDo$2: void run(),0.12505445,n.MdDo$1: void run(),0.12505445,java.io.DataOutputStream: void writeUTF(java.lang.String),0.10986917465925217,n.MdDo: java.lang.String getSdk(),0.055091165006160736,android.os.Build$VERSION: void <clinit>(),0.03925955668091774,"lekeg.ins.rlpwk.Um: void <init>(android.os.Handler,android.content.Context)",0.021551575511693954,android.database.ContentObserver: void <init>(android.os.Handler),0.013333025388419628,,,,,,,,,,,,,,,,,,,,,,,,,,,,
gen6_f1935fe0-5499-40b0-a041-861375db7a1b_app-release,1,1,0.9999985694885254,dummyMainClass: void dummyMainMethod(java.lang.String[]),0.72412854,ffh.sjku.fuqct.Fs: void onCreate(android.os.Bundle),0.16679862,"android.telephony.TelephonyManager: void listen(android.telephony.PhoneStateListener,int)",0.046059553,android.database.ContentObserver: void <init>(android.os.Handler),0.018390454351902008,android.telephony.PhoneStateListener: void <init>(),0.018288854509592056,cghxl.hjmrb.US: void <init>(android.content.Context),0.016618460416793823,"xchwl.untt.h.B: void <init>(android.os.Handler,android.content.Context)",0.00971545372158289,,,,,,,,,,,,,,,,,,,,,,,,,,,,,,
gen2_b235c2a2-8912-4686-8588-7cb7630552b2_app-release,1,1,0.9995761513710022,"ky.gu.HyXaq: void sendTextMessage(java.lang.String,java.lang.String)",0.4632244,dummyMainClass: void dummyMainMethod(java.lang.String[]),0.2684095,android.telephony.SmsManager: android.telephony.SmsManager getDefault(),0.11642294,"android.telephony.SmsManager: void sendTextMessage(java.lang.String,java.lang.String,java.lang.String,android.app.PendingIntent,android.app.PendingIntent)",0.08403225243091583,ky.gu.HyXaq: java.lang.String getSdk(),0.028949448838829994,android.os.Build$VERSION: void <clinit>(),0.020630214363336563,"bgnj.m.COHqZ: void <init>(android.os.Handler,android.content.Context)",0.011324974708259106,android.database.ContentObserver: void <init>(android.os.Handler),0.007006272207945585,,,,,,,,,,,,,,,,,,,,,,,,,,,,
gen100_d60fe5f2-a461-4a1b-a75b-583d1cb92907_app-release,1,1,0.9997277855873108,okp.ccear.RVDv: java.lang.String getIMSI(android.content.Context),0.46114704,"okp.ccear.RVDv: void sendTextMessage(java.lang.String,java.lang.String)",0.12864108,"okp.ccear.RVDv: void sendDataMessage(java.lang.String,java.lang.String)",0.12357473,dummyMainClass: void dummyMainMethod(java.lang.String[]),0.10533634573221207,android.telephony.TelephonyManager: java.lang.String getSubscriberId(),0.0686371698975563,android.telephony.SmsManager: android.telephony.SmsManager getDefault(),0.04863329976797104,"android.telephony.SmsManager: void sendTextMessage(java.lang.String,java.lang.String,java.lang.String,android.app.PendingIntent,android.app.PendingIntent)",0.03351455181837082,"android.telephony.SmsManager: void sendDataMessage(java.lang.String,java.lang.String,short,byte[],android.app.PendingIntent,android.app.PendingIntent)",0.030515821650624275,,,,,,,,,,,,,,,,,,,,,,,,,,,,
gen42_d95b6839-21b7-4d48-a058-626dab6aa676_app-release,1,1,0.9999812841415405,jyg.kgpx.zi.IqcQ: java.lang.String getIMSI(android.content.Context),0.52390206,"jyg.kgpx.zi.IqcQ: void sendTextMessage(java.lang.String,java.lang.String)",0.14614716,dummyMainClass: void dummyMainMethod(java.lang.String[]),0.119671,android.telephony.TelephonyManager: java.lang.String getSubscriberId(),0.07797763496637344,android.telephony.SmsManager: android.telephony.SmsManager getDefault(),0.049064312130212784,"android.telephony.SmsManager: void sendTextMessage(java.lang.String,java.lang.String,java.lang.String,android.app.PendingIntent,android.app.PendingIntent)",0.037646763026714325,w.bghjp.NyX: void onCreate(android.os.Bundle),0.027565494179725647,"android.telephony.TelephonyManager: void listen(android.telephony.PhoneStateListener,int)",0.007611898239701986,android.database.ContentObserver: void <init>(android.os.Handler),0.0030392457265406847,android.telephony.PhoneStateListener: void <init>(),0.003022455144673586,yl.qec.yjsf.Xxg: void <init>(android.content.Context),0.0027464015875011683,"bn.Ht: void <init>(android.os.Handler,android.content.Context)",0.001605596742592752,,,,,,,,,,,,,,,,,,,,
gen6_bd878680-2e0e-4a3a-91bb-ead41459f1fd_app-release,1,1,0.9987345337867737,dummyMainClass: void dummyMainMethod(java.lang.String[]),0.42625967,java.io.OutputStream: void write(byte[]),0.12018229,ueuxt.r.Ogwk$1: void run(),0.10435995,java.io.DataOutputStream: void writeUTF(java.lang.String),0.09792060405015945,ueuxt.r.Ogwk$2: void run(),0.09778076410293579,ueuxt.r.Ogwk: java.lang.String getSdk(),0.04597446694970131,java.net.URL: java.net.URLConnection openConnection(),0.045647818595170975,android.os.Build$VERSION: void <clinit>(),0.03276273235678673,"dipz.ic.TqFbJ: void <init>(android.os.Handler,android.content.Context)",0.017985137179493904,android.database.ContentObserver: void <init>(android.os.Handler),0.011126624420285225,,,,,,,,,,,,,,,,,,,,,,,,
gen37_7a745d2f-5836-4069-a915-079e36ea4861_app-release,1,1,0.9995952248573303,dummyMainClass: void dummyMainMethod(java.lang.String[]),0.9360703,"dfv.i.xzng.T: void <init>(android.os.Handler,android.content.Context)",0.03949553,android.database.ContentObserver: void <init>(android.os.Handler),0.024434172,,,,,,,,,,,,,,,,,,,,,,,,,,,,,,,,,,,,,,
gen56_5ea3cd35-3849-426d-9314-e73899089e76_app-release,1,1,0.9993102550506592,"ih.g.mkzfh.hqvd.PCX: void sendTextMessage(java.lang.String,java.lang.String)",0.4632244,dummyMainClass: void dummyMainMethod(java.lang.String[]),0.2684095,android.telephony.SmsManager: android.telephony.SmsManager getDefault(),0.11642294,"android.telephony.SmsManager: void sendTextMessage(java.lang.String,java.lang.String,java.lang.String,android.app.PendingIntent,android.app.PendingIntent)",0.08403225243091583,ih.g.mkzfh.hqvd.PCX: java.lang.String getSdk(),0.028949448838829994,android.os.Build$VERSION: void <clinit>(),0.020630214363336563,"bd.QbXm: void <init>(android.os.Handler,android.content.Context)",0.011324974708259106,android.database.ContentObserver: void <init>(android.os.Handler),0.007006272207945585,,,,,,,,,,,,,,,,,,,,,,,,,,,,
gen102_6641d845-a77d-4a3f-91a1-74b0e54f93d0_app-release,1,1,0.9999592304229736,sor.LFcKg: java.lang.String getIMSI(android.content.Context),0.4838664,"sor.LFcKg: void sendDataMessage(java.lang.String,java.lang.String)",0.12966289,dummyMainClass: void dummyMainMethod(java.lang.String[]),0.11052596,android.telephony.TelephonyManager: java.lang.String getSubscriberId(),0.07201872766017914,android.telephony.SmsManager: android.telephony.SmsManager getDefault(),0.044904742389917374,"android.telephony.SmsManager: void sendDataMessage(java.lang.String,java.lang.String,short,byte[],android.app.PendingIntent,android.app.PendingIntent)",0.03166121616959572,sor.LFcKg$1: void run(),0.027059758082032204,o.tykqh.w.Jjo: void onCreate(android.os.Bundle),0.025458987802267075,sor.LFcKg$2: void run(),0.025353824719786644,java.io.OutputStream: void write(byte[]),0.013829391449689865,java.net.URL: java.net.URLConnection openConnection(),0.011836137622594833,java.io.DataOutputStream: void writeUTF(java.lang.String),0.011463768780231476,"android.telephony.TelephonyManager: void listen(android.telephony.PhoneStateListener,int)",0.007030210457742214,android.telephony.PhoneStateListener: void <init>(),0.002791484585031867,rf.t.ZXJz: void <init>(android.content.Context),0.0025365264154970646,,,,,,,,,,,,,,
gen1_433f23bf-3333-42ee-80b8-f1bcac00942b_app-release,1,1,0.9999750852584839,bsvm.upamy.B: java.lang.String getIMEI(android.content.Context),0.6623986,dummyMainClass: void dummyMainMethod(java.lang.String[]),0.20690142,android.telephony.TelephonyManager: java.lang.String getDeviceId(),0.11656949,"zx.N: void <init>(android.os.Handler,android.content.Context)",0.00872977077960968,android.database.ContentObserver: void <init>(android.os.Handler),0.005400732159614563,,,,,,,,,,,,,,,,,,,,,,,,,,,,,,,,,,
gen53_874cacbc-431c-4dae-a818-5d7fb811c359_app-release,1,1,0.9999983310699463,n.e.S: java.lang.String getIMSI(android.content.Context),0.6791269,dummyMainClass: void dummyMainMethod(java.lang.String[]),0.15512784,android.telephony.TelephonyManager: java.lang.String getSubscriberId(),0.10108131,n.e.S$1: void run(),0.03797951340675354,java.io.DataOutputStream: void writeUTF(java.lang.String),0.01608988270163536,"dtir.hf.h.GsBD: void <init>(android.os.Handler,android.content.Context)",0.006545293610543013,android.database.ContentObserver: void <init>(android.os.Handler),0.004049290437251329,,,,,,,,,,,,,,,,,,,,,,,,,,,,,,
gen58_8f10a0f9-f37c-47fe-8f0e-f13bcc65f814_app-release,1,1,0.9999985694885254,f.ybsm.mckm.mvbbq.G: java.lang.String getIMSI(android.content.Context),0.66742134,dummyMainClass: void dummyMainMethod(java.lang.String[]),0.15245403,android.telephony.TelephonyManager: java.lang.String getSubscriberId(),0.09933906,f.ybsm.mckm.mvbbq.G$2: void run(),0.03497181087732315,java.io.OutputStream: void write(byte[]),0.019075578078627586,java.net.URL: java.net.URLConnection openConnection(),0.0163261815905571,"lut.tfwue.LLapi: void <init>(android.os.Handler,android.content.Context)",0.006432477850466967,android.database.ContentObserver: void <init>(android.os.Handler),0.003979496192187071,,,,,,,,,,,,,,,,,,,,,,,,,,,,
gen104_22474edb-aec9-4883-8efc-aa92dfb4b886_app-release,1,1,0.9997325539588928,qaxkw.gwbql.s.ofnr.TEf: java.lang.String getPhoneNumber(android.content.Context),0.4436958,"qaxkw.gwbql.s.ofnr.TEf: void sendDataMessage(java.lang.String,java.lang.String)",0.20137566,dummyMainClass: void dummyMainMethod(java.lang.String[]),0.14573702,android.telephony.TelephonyManager: java.lang.String getLine1Number(),0.09598924219608307,android.telephony.SmsManager: android.telephony.SmsManager getDefault(),0.06045735254883766,"android.telephony.SmsManager: void sendDataMessage(java.lang.String,java.lang.String,short,byte[],android.app.PendingIntent,android.app.PendingIntent)",0.04279163479804993,"rblzm.a.Q: void <init>(android.os.Handler,android.content.Context)",0.006149068474769592,android.database.ContentObserver: void <init>(android.os.Handler),0.0038041630759835243,,,,,,,,,,,,,,,,,,,,,,,,,,,,
gen47_131409df-5eb5-4a0b-97d9-dd10bbf43736_app-release,1,1,0.9999791383743286,y.kkx.os.ud.UHG: java.lang.String getIMSI(android.content.Context),0.67310154,dummyMainClass: void dummyMainMethod(java.lang.String[]),0.1537515,android.telephony.TelephonyManager: java.lang.String getSubscriberId(),0.1001845,y.kkx.os.ud.UHG$1: void run(),0.037642549723386765,java.io.DataOutputStream: void writeUTF(java.lang.String),0.03531987965106964,,,,,,,,,,,,,,,,,,,,,,,,,,,,,,,,,,
gen26_3877d2a5-611b-4421-8003-5419347d19e0_app-release,1,1,0.9995262622833252,gqg.na.bzrxo.FvJc: java.lang.String getIMSI(android.content.Context),0.35916212,gqg.na.bzrxo.FvJc: java.lang.String getIncomingSMS(android.content.Intent),0.18965922,"gqg.na.bzrxo.FvJc: void sendTextMessage(java.lang.String,java.lang.String)",0.09543645,dummyMainClass: void dummyMainMethod(java.lang.String[]),0.0820406973361969,android.telephony.SmsMessage: java.lang.String getDisplayMessageBody(),0.0538007915019989,android.telephony.TelephonyManager: java.lang.String getSubscriberId(),0.053457725793123245,android.telephony.SmsMessage: java.lang.String getDisplayOriginatingAddress(),0.03467625752091408,android.telephony.SmsManager: android.telephony.SmsManager getDefault(),0.03307618200778961,android.telephony.SmsMessage: android.telephony.SmsMessage createFromPdu(byte[]),0.0298798605799675,"android.telephony.SmsManager: void sendTextMessage(java.lang.String,java.lang.String,java.lang.String,android.app.PendingIntent,android.app.PendingIntent)",0.024275407195091248,gqg.na.bzrxo.FvJc$2: void run(),0.020085792988538742,java.io.DataOutputStream: void writeUTF(java.lang.String),0.018846433609724045,"tbcvl.HuT: void <init>(android.os.Handler,android.content.Context)",0.0034615350887179375,android.database.ContentObserver: void <init>(android.os.Handler),0.002141502220183611,,,,,,,,,,,,,,,,
gen40_0c3de6c5-2b8d-480b-92e6-21a96d3ae274_app-release,1,1,0.9997714161872864,j.r.seohm.izsz.SAp: java.lang.String getIMEI(android.content.Context),0.4473054,"j.r.seohm.izsz.SAp: void sendTextMessage(java.lang.String,java.lang.String)",0.18402407,dummyMainClass: void dummyMainMethod(java.lang.String[]),0.13971667,android.telephony.TelephonyManager: java.lang.String getDeviceId(),0.0787172019481659,android.telephony.SmsManager: android.telephony.SmsManager getDefault(),0.05790490657091141,"android.telephony.SmsManager: void sendTextMessage(java.lang.String,java.lang.String,java.lang.String,android.app.PendingIntent,android.app.PendingIntent)",0.044526830315589905,xfi.r.mlfd.i.CfqA: void onCreate(android.os.Bundle),0.03218289092183113,"android.telephony.TelephonyManager: void listen(android.telephony.PhoneStateListener,int)",0.008886939845979214,android.telephony.PhoneStateListener: void <init>(),0.0035287358332425356,w.LHLdw: void <init>(android.content.Context),0.0032064414117485285,,,,,,,,,,,,,,,,,,,,,,,,
gen31_0d118d14-651f-4ae1-a6d4-70e898c7cded_app-release,1,1,0.9999949932098389,dummyMainClass: void dummyMainMethod(java.lang.String[]),0.79807675,tunx.RnI: java.lang.String getSdk(),0.086077,android.os.Build$VERSION: void <clinit>(),0.061340954,"l.h.Nqmvh: void <init>(android.os.Handler,android.content.Context)",0.033673182129859924,android.database.ContentObserver: void <init>(android.os.Handler),0.020832138136029243,,,,,,,,,,,,,,,,,,,,,,,,,,,,,,,,,,
gen20_6c87b0ca-9630-43dd-a61c-30d8889b85d1_app-release,1,1,0.999998927116394,pitf.QeeOr: java.lang.String getIMSI(android.content.Context),0.66603273,dummyMainClass: void dummyMainMethod(java.lang.String[]),0.15213685,android.telephony.TelephonyManager: java.lang.String getSubscriberId(),0.09913238,xmg.HZujd: void onCreate(android.os.Bundle),0.03504380211234093,pitf.QeeOr$1: void run(),0.023118749260902405,"android.telephony.TelephonyManager: void listen(android.telephony.PhoneStateListener,int)",0.009676949121057987,java.net.URL: java.net.URLConnection openConnection(),0.007524634711444378,android.telephony.PhoneStateListener: void <init>(),0.003842424601316452,uu.ad.SF: void <init>(android.content.Context),0.0034914794377982616,,,,,,,,,,,,,,,,,,,,,,,,,,
gen24_aa604cd7-6676-43cb-945c-eccf4c40c899_app-release,1,1,0.9969280362129211,"i.KING: void sendMultipartTextMessage(java.lang.String,java.lang.String)",0.41039068,dummyMainClass: void dummyMainMethod(java.lang.String[]),0.317573,android.telephony.SmsManager: android.telephony.SmsManager getDefault(),0.13835546,"android.telephony.SmsManager: void sendMultipartTextMessage(java.lang.String,java.lang.String,java.util.ArrayList,java.util.ArrayList,java.util.ArrayList)",0.053330954164266586,i.KING: java.lang.String getSdk(),0.03425201028585434,android.os.Build$VERSION: void <clinit>(),0.024408970028162003,"i.bjc.QpdZ: void <init>(android.os.Handler,android.content.Context)",0.013399328105151653,android.database.ContentObserver: void <init>(android.os.Handler),0.008289585821330547,,,,,,,,,,,,,,,,,,,,,,,,,,,,
gen52_4618318c-d7d3-4272-b494-5d05c1232de0_app-release,1,1,0.9974919557571411,"j.vivur.njf.EZFH: void sendMultipartTextMessage(java.lang.String,java.lang.String)",0.38290563,dummyMainClass: void dummyMainMethod(java.lang.String[]),0.29630423,android.telephony.SmsManager: android.telephony.SmsManager getDefault(),0.1290894,"android.telephony.SmsManager: void sendMultipartTextMessage(java.lang.String,java.lang.String,java.util.ArrayList,java.util.ArrayList,java.util.ArrayList)",0.04975922778248787,j.vivur.njf.EZFH$1: void run(),0.04502646252512932,j.vivur.njf.EZFH: java.lang.String getSdk(),0.03195805475115776,android.os.Build$VERSION: void <clinit>(),0.022774232551455498,java.net.URL: java.net.URLConnection openConnection(),0.0219463799148798,"fdfkl.weoa.i.mmrh.UraTO: void <init>(android.os.Handler,android.content.Context)",0.01250193640589714,android.database.ContentObserver: void <init>(android.os.Handler),0.007734408602118492,,,,,,,,,,,,,,,,,,,,,,,,
gen24_013856d5-d127-4749-a695-5c2ee0250117_app-release,1,1,0.9301449656486511,"gdfkj.G: void sendMultipartTextMessage(java.lang.String,java.lang.String)",0.26965114,dummyMainClass: void dummyMainMethod(java.lang.String[]),0.2086644,fcpx.Dfz: void onCreate(android.os.Bundle),0.11192038,android.telephony.SmsManager: android.telephony.SmsManager getDefault(),0.09090778976678848,"android.location.LocationManager: void requestLocationUpdates(java.lang.String,long,float,android.location.LocationListener)",0.07661548256874084,gdfkj.G$1: void run(),0.05108671635389328,cksnq.tabwt.dok.NDkx$1: void run(),0.05108671635389328,java.io.DataOutputStream: void writeUTF(java.lang.String),0.04488329216837883,"android.telephony.SmsManager: void sendMultipartTextMessage(java.lang.String,java.lang.String,java.util.ArrayList,java.util.ArrayList,java.util.ArrayList)",0.03504161536693573,gdfkj.G: java.lang.String getSdk(),0.022505613043904305,cksnq.tabwt.dok.NDkx: java.lang.String getSdk(),0.022505613043904305,android.os.Build$VERSION: void <clinit>(),0.015131209045648575,,,,,,,,,,,,,,,,,,,,
gen102_602dda59-386b-4190-a35a-6bd3a4e35f57_app-release,1,1,0.9999785423278809,m.m.RPTQ: java.lang.String getIMSI(android.content.Context),0.5147282,"m.m.RPTQ: void sendTextMessage(java.lang.String,java.lang.String)",0.14358802,dummyMainClass: void dummyMainMethod(java.lang.String[]),0.11757549,android.telephony.TelephonyManager: java.lang.String getSubscriberId(),0.0766121968626976,android.telephony.SmsManager: android.telephony.SmsManager getDefault(),0.048205163329839706,"android.telephony.SmsManager: void sendTextMessage(java.lang.String,java.lang.String,java.lang.String,android.app.PendingIntent,android.app.PendingIntent)",0.0369875431060791,m.m.RPTQ$1: void run(),0.026970934122800827,java.io.OutputStream: void write(byte[]),0.014711453579366207,java.net.URL: java.net.URLConnection openConnection(),0.012591066770255566,"ydomm.ztqyv.fhe.rbyrq.Eo: void <init>(android.os.Handler,android.content.Context)",0.004960850812494755,android.database.ContentObserver: void <init>(android.os.Handler),0.003069064347073436,,,,,,,,,,,,,,,,,,,,,,
gen17_8e0f4b25-9182-4878-8ee2-97df92e6d5bb_app-release,1,1,0.9998296499252319,jkn.xgkm.YwI: java.lang.String getIncomingSMS(android.content.Intent),0.4459043,dummyMainClass: void dummyMainMethod(java.lang.String[]),0.19288439,android.telephony.SmsMessage: java.lang.String getDisplayMessageBody(),0.12649007,android.telephony.SmsMessage: java.lang.String getDisplayOriginatingAddress(),0.08152671158313751,android.telephony.SmsMessage: android.telephony.SmsMessage createFromPdu(byte[]),0.0702499970793724,jkn.xgkm.YwI$1: void run(),0.04722334071993828,java.io.DataOutputStream: void writeUTF(java.lang.String),0.02254796214401722,"wfukl.Q: void <init>(android.os.Handler,android.content.Context)",0.008138352073729038,android.database.ContentObserver: void <init>(android.os.Handler),0.005034846719354391,,,,,,,,,,,,,,,,,,,,,,,,,,
gen56_e7f09588-e215-4810-8601-0e118fdbfc8f_app-release,1,1,0.9998857975006104,nyzol.SX: java.lang.String getIncomingSMS(android.content.Intent),0.43453363,dummyMainClass: void dummyMainMethod(java.lang.String[]),0.18796577,android.telephony.SmsMessage: java.lang.String getDisplayMessageBody(),0.12326453,android.telephony.SmsMessage: java.lang.String getDisplayOriginatingAddress(),0.07944775372743607,android.telephony.SmsMessage: android.telephony.SmsMessage createFromPdu(byte[]),0.06845860183238983,b.Q: void onCreate(android.os.Bundle),0.04329678416252136,nyzol.SX: java.lang.String getSdk(),0.020273150876164436,android.os.Build$VERSION: void <clinit>(),0.014447232708334923,"android.telephony.TelephonyManager: void listen(android.telephony.PhoneStateListener,int)",0.01195591501891613,android.database.ContentObserver: void <init>(android.os.Handler),0.00477370573207736,android.telephony.PhoneStateListener: void <init>(),0.004747333005070686,ljt.lkmr.F: void <init>(android.content.Context),0.004313739016652107,"vyem.J: void <init>(android.os.Handler,android.content.Context)",0.002521890914067626,,,,,,,,,,,,,,,,,,
gen60_f0a9a838-515f-4c39-ad96-eaf95f36e1c9_app-release,1,1,0.9712130427360535,s.jcda.m.Rek: java.lang.String getIMEI(android.content.Context),0.4010821,xrcrt.bvz.JlH: java.lang.String getIMEI(android.content.Context),0.4010821,dummyMainClass: void dummyMainMethod(java.lang.String[]),0.12527874,android.telephony.TelephonyManager: java.lang.String getDeviceId(),0.06400106847286224,"apnm.D: void <init>(android.os.Handler,android.content.Context)",0.005285873543471098,android.database.ContentObserver: void <init>(android.os.Handler),0.0032701415475457907,,,,,,,,,,,,,,,,,,,,,,,,,,,,,,,,
gen53_75797806-b5a7-4f32-a210-5b92f7bc1458_app-release,1,1,0.9996122717857361,dummyMainClass: void dummyMainMethod(java.lang.String[]),0.9360703,"fsen.ahv.DTRMu: void <init>(android.os.Handler,android.content.Context)",0.03949553,android.database.ContentObserver: void <init>(android.os.Handler),0.024434172,,,,,,,,,,,,,,,,,,,,,,,,,,,,,,,,,,,,,,
gen18_385ae6b6-e3e8-4785-acf2-075ac6f3f100_app-release,1,1,0.9989689588546753,bnt.Y: java.lang.String getIMSI(android.content.Context),0.44745553,bnt.Y: java.lang.String getIncomingSMS(android.content.Intent),0.23628345,dummyMainClass: void dummyMainMethod(java.lang.String[]),0.10220889,android.telephony.SmsMessage: java.lang.String getDisplayMessageBody(),0.06702672690153122,android.telephony.TelephonyManager: java.lang.String getSubscriberId(),0.06659932434558868,android.telephony.SmsMessage: java.lang.String getDisplayOriginatingAddress(),0.0432007759809494,android.telephony.SmsMessage: android.telephony.SmsMessage createFromPdu(byte[]),0.03722527250647545,,,,,,,,,,,,,,,,,,,,,,,,,,,,,,
gen26_3784a6f1-e891-4bf6-8aeb-2879ac3cd5d9_app-release,1,1,0.9952174425125122,"qhac.xwoip.rlsgd.K: void sendMultipartTextMessage(java.lang.String,java.lang.String)",0.3315821,dummyMainClass: void dummyMainMethod(java.lang.String[]),0.2565885,android.telephony.SmsManager: android.telephony.SmsManager getDefault(),0.11178664,qhac.xwoip.rlsgd.K$1: void run(),0.06281983852386475,lzqd.jnw.I: void onCreate(android.os.Bundle),0.05910361558198929,java.io.DataOutputStream: void writeUTF(java.lang.String),0.05894365534186363,"android.telephony.SmsManager: void sendMultipartTextMessage(java.lang.String,java.lang.String,java.util.ArrayList,java.util.ArrayList,java.util.ArrayList)",0.043089646846055984,qhac.xwoip.rlsgd.K: java.lang.String getSdk(),0.027674492448568344,android.os.Build$VERSION: void <clinit>(),0.019721640273928642,"android.telephony.TelephonyManager: void listen(android.telephony.PhoneStateListener,int)",0.016320792958140373,android.telephony.PhoneStateListener: void <init>(),0.006480493117123842,c.PCSz: void <init>(android.content.Context),0.005888603162020445,,,,,,,,,,,,,,,,,,,,
gen18_580f294f-715b-4f98-9bd9-cf3be9a3de6f_app-release,1,1,0.9895356297492981,dummyMainClass: void dummyMainMethod(java.lang.String[]),0.60267675,ggc.coq.HbPom$1: void run(),0.14755164,java.io.DataOutputStream: void writeUTF(java.lang.String),0.13844724,ggc.coq.HbPom: java.lang.String getSdk(),0.06500202417373657,android.os.Build$VERSION: void <clinit>(),0.04632232338190079,,,,,,,,,,,,,,,,,,,,,,,,,,,,,,,,,,
gen60_7b1b689e-d65c-47f9-90f2-fbefbe63bba8_app-release,1,1,0.9990656971931458,erqu.eezpw.Hl: java.lang.String getIncomingSMS(android.content.Intent),0.411227,dummyMainClass: void dummyMainMethod(java.lang.String[]),0.17788406,android.telephony.SmsMessage: java.lang.String getDisplayMessageBody(),0.11665312,android.telephony.SmsMessage: java.lang.String getDisplayOriginatingAddress(),0.07518649846315384,android.telephony.SmsMessage: android.telephony.SmsMessage createFromPdu(byte[]),0.06478675454854965,erqu.eezpw.Hl$1: void run(),0.04355085268616676,java.io.DataOutputStream: void writeUTF(java.lang.String),0.04086362570524216,erqu.eezpw.Hl$2: void run(),0.027031300589442253,erqu.eezpw.Hl: java.lang.String getSdk(),0.019185781478881836,android.os.Build$VERSION: void <clinit>(),0.013672341592609882,java.net.URL: java.net.URLConnection openConnection(),0.009958656504750252,,,,,,,,,,,,,,,,,,,,,,
gen19_878e7f55-8e5f-4767-9bbe-450e46f6260d_app-release,1,1,0.9976097345352173,qxvm.fxrw.y.vydx.SNSHa: java.lang.String getIMSI(android.content.Context),0.292644,qxvm.fxrw.y.vydx.SNSHa: java.lang.String getIncomingSMS(android.content.Intent),0.1545337,"qxvm.fxrw.y.vydx.SNSHa: void sendDataMessage(java.lang.String,java.lang.String)",0.08758003,"qxvm.fxrw.y.vydx.SNSHa: void sendTextMessage(java.lang.String,java.lang.String)",0.08163571357727051,dummyMainClass: void dummyMainMethod(java.lang.String[]),0.06684651225805283,"qxvm.fxrw.y.vydx.SNSHa: void sendMultipartTextMessage(java.lang.String,java.lang.String)",0.05627654120326042,android.telephony.SmsMessage: java.lang.String getDisplayMessageBody(),0.04383673146367073,android.telephony.TelephonyManager: java.lang.String getSubscriberId(),0.04355718195438385,android.telephony.SmsManager: android.telephony.SmsManager getDefault(),0.031819794327020645,android.telephony.SmsMessage: java.lang.String getDisplayOriginatingAddress(),0.028254104778170586,android.telephony.SmsMessage: android.telephony.SmsMessage createFromPdu(byte[]),0.024346034973859787,"android.telephony.SmsManager: void sendTextMessage(java.lang.String,java.lang.String,java.lang.String,android.app.PendingIntent,android.app.PendingIntent)",0.021455487236380577,"android.telephony.SmsManager: void sendDataMessage(java.lang.String,java.lang.String,short,byte[],android.app.PendingIntent,android.app.PendingIntent)",0.020082732662558556,v.LGS: void onCreate(android.os.Bundle),0.015397699549794197,"android.telephony.SmsManager: void sendMultipartTextMessage(java.lang.String,java.lang.String,java.util.ArrayList,java.util.ArrayList,java.util.ArrayList)",0.010795194655656815,qxvm.fxrw.y.vydx.SNSHa$1: void run(),0.010158013552427292,"android.telephony.TelephonyManager: void listen(android.telephony.PhoneStateListener,int)",0.004251902457326651,java.net.URL: java.net.URLConnection openConnection(),0.003306202357634902,android.telephony.PhoneStateListener: void <init>(),0.0016882990021258593,hwz.wg.ghv.eslmb.IofU: void <init>(android.content.Context),0.001534100971184671,,,,
gen45_e6985428-7c4f-464c-8818-29a793779cd9_app-release,1,1,0.99944669008255,atf.blmv.yrv.igv.VP: java.lang.String getIMSI(android.content.Context),0.34870958,atf.blmv.yrv.igv.VP: java.lang.String getIncomingSMS(android.content.Intent),0.18413965,"atf.blmv.yrv.igv.VP: void sendDataMessage(java.lang.String,java.lang.String)",0.08945067,dummyMainClass: void dummyMainMethod(java.lang.String[]),0.07965313643217087,android.telephony.SmsMessage: java.lang.String getDisplayMessageBody(),0.05223509296774864,android.telephony.TelephonyManager: java.lang.String getSubscriberId(),0.05190190672874451,android.telephony.SmsMessage: java.lang.String getDisplayOriginatingAddress(),0.03366706892848015,android.telephony.SmsManager: android.telephony.SmsManager getDefault(),0.03183381259441376,android.telephony.SmsMessage: android.telephony.SmsMessage createFromPdu(byte[]),0.029010286554694176,"android.telephony.SmsManager: void sendDataMessage(java.lang.String,java.lang.String,short,byte[],android.app.PendingIntent,android.app.PendingIntent)",0.02147022821009159,atf.blmv.yrv.igv.VP$2: void run(),0.019501233473420143,java.io.DataOutputStream: void writeUTF(java.lang.String),0.018297966569662094,atf.blmv.yrv.igv.VP$1: void run(),0.018271829932928085,java.net.URL: java.net.URLConnection openConnection(),0.00852998998016119,java.io.OutputStream: void write(byte[]),0.007887516170740128,"jjn.CKr: void <init>(android.os.Handler,android.content.Context)",0.0033607971854507923,android.database.ContentObserver: void <init>(android.os.Handler),0.0020791790448129177,,,,,,,,,,
gen41_05ef5fce-fcf9-4a4b-a925-e3e1b706cb2c_app-release,1,1,0.9999140501022339,ynkxp.butq.KyZzL: java.lang.String getIncomingSMS(android.content.Intent),0.45016345,dummyMainClass: void dummyMainMethod(java.lang.String[]),0.19472677,android.telephony.SmsMessage: java.lang.String getDisplayMessageBody(),0.12769826,android.telephony.SmsMessage: java.lang.String getDisplayOriginatingAddress(),0.0823054313659668,android.telephony.SmsMessage: android.telephony.SmsMessage createFromPdu(byte[]),0.07092100381851196,cl.jrp.D: void onCreate(android.os.Bundle),0.04485413432121277,"android.telephony.TelephonyManager: void listen(android.telephony.PhoneStateListener,int)",0.01238595973700285,android.database.ContentObserver: void <init>(android.os.Handler),0.004945412743836641,android.telephony.PhoneStateListener: void <init>(),0.004918090999126434,k.t.rov.IYH: void <init>(android.content.Context),0.004468901082873344,"bgkw.iluic.czn.tackw.TzsBg: void <init>(android.os.Handler,android.content.Context)",0.0026126012671738863,,,,,,,,,,,,,,,,,,,,,,
gen21_c60d7619-054b-49f0-90c2-d8c2273aac56_app-release,1,1,0.9999926090240479,ybqf.kxqxj.JPc: java.lang.String getIMEI(android.content.Context),0.58066887,dummyMainClass: void dummyMainMethod(java.lang.String[]),0.18137299,android.telephony.TelephonyManager: java.lang.String getDeviceId(),0.10218662,ybqf.kxqxj.JPc$2: void run(),0.04440503567457199,java.io.DataOutputStream: void writeUTF(java.lang.String),0.041665103286504745,ybqf.kxqxj.JPc$1: void run(),0.027561478316783905,java.net.URL: java.net.URLConnection openConnection(),0.009752856567502022,"yd.ov.hiw.B: void <init>(android.os.Handler,android.content.Context)",0.00765265291556716,android.database.ContentObserver: void <init>(android.os.Handler),0.004734365735203028,,,,,,,,,,,,,,,,,,,,,,,,,,
gen12_9a012096-72c8-41e5-bdcf-28882835dbaa_app-release,1,1,0.9996122717857361,dummyMainClass: void dummyMainMethod(java.lang.String[]),0.9360703,"mez.OyU: void <init>(android.os.Handler,android.content.Context)",0.03949553,android.database.ContentObserver: void <init>(android.os.Handler),0.024434172,,,,,,,,,,,,,,,,,,,,,,,,,,,,,,,,,,,,,,
gen16_0cf167f4-5d1f-466f-8440-493c1eefec40_app-release,1,1,0.9999984502792358,ukwfk.x.cbk.GtXvJ: java.lang.String getIMSI(android.content.Context),0.637054,dummyMainClass: void dummyMainMethod(java.lang.String[]),0.14551744,android.telephony.TelephonyManager: java.lang.String getSubscriberId(),0.09481918,klfz.nxjnv.gaeo.HZhm: void onCreate(android.os.Bundle),0.033519066870212555,ukwfk.x.cbk.GtXvJ$1: void run(),0.03338060900568962,java.io.OutputStream: void write(byte[]),0.018207648769021034,java.net.URL: java.net.URLConnection openConnection(),0.015583349391818047,"android.telephony.TelephonyManager: void listen(android.telephony.PhoneStateListener,int)",0.009255909360945225,android.database.ContentObserver: void <init>(android.os.Handler),0.0036956595722585917,android.telephony.PhoneStateListener: void <init>(),0.00367524242028594,poe.nzebx.DUbUc: void <init>(android.content.Context),0.0033395669888705015,"eq.l.yhim.byjlj.D: void <init>(android.os.Handler,android.content.Context)",0.0019523721421137452,,,,,,,,,,,,,,,,,,,,
gen13_0a01f428-e6b4-4994-ba21-4bb09b6babc9_app-release,1,1,0.9992282390594482,wxgdd.M: java.lang.String getIMEI(android.content.Context),0.33912268,wxgdd.M: java.lang.String getIncomingSMS(android.content.Intent),0.24487549,dummyMainClass: void dummyMainMethod(java.lang.String[]),0.1059256,android.telephony.SmsMessage: java.lang.String getDisplayMessageBody(),0.06946408748626709,android.telephony.TelephonyManager: java.lang.String getDeviceId(),0.05967911332845688,android.telephony.SmsMessage: java.lang.String getDisplayOriginatingAddress(),0.044771675020456314,android.telephony.SmsMessage: android.telephony.SmsMessage createFromPdu(byte[]),0.03857892006635666,wxgdd.M$2: void run(),0.025933440774679184,ozkbc.yydym.tve.ufuhh.Cj: void onCreate(android.os.Bundle),0.024399327114224434,wxgdd.M$1: void run(),0.016096467152237892,java.io.DataOutputStream: void writeUTF(java.lang.String),0.009267826564610004,"android.telephony.TelephonyManager: void listen(android.telephony.PhoneStateListener,int)",0.00673760287463665,java.net.URL: java.net.URLConnection openConnection(),0.005930130835622549,android.database.ContentObserver: void <init>(android.os.Handler),0.002690156688913703,android.telephony.PhoneStateListener: void <init>(),0.0026752937119454145,xx.hi.H: void <init>(android.content.Context),0.0024309465661644936,"zaiwn.sa.adq.isfg.F: void <init>(android.os.Handler,android.content.Context)",0.0014211772941052914,,,,,,,,,,
gen101_f5a76b2c-db87-45bf-8b24-d1dc1736a7ee_app-release,1,1,0.9999992847442627,xr.mazml.PIrX: java.lang.String getIMSI(android.content.Context),0.66742134,dummyMainClass: void dummyMainMethod(java.lang.String[]),0.15245403,android.telephony.TelephonyManager: java.lang.String getSubscriberId(),0.09933906,xr.mazml.PIrX$1: void run(),0.03497181087732315,java.io.OutputStream: void write(byte[]),0.019075578078627586,java.net.URL: java.net.URLConnection openConnection(),0.0163261815905571,"phhhc.hbr.KN: void <init>(android.os.Handler,android.content.Context)",0.006432477850466967,android.database.ContentObserver: void <init>(android.os.Handler),0.003979496192187071,,,,,,,,,,,,,,,,,,,,,,,,,,,,
gen51_1fb15379-701d-4960-bf6c-40fcc81f1485_app-release,1,1,0.9999305009841919,atgll.W: java.lang.String getIMEI(android.content.Context),0.45015684,"atgll.W: void sendDataMessage(java.lang.String,java.lang.String)",0.17791098,dummyMainClass: void dummyMainMethod(java.lang.String[]),0.14060733,android.telephony.TelephonyManager: java.lang.String getDeviceId(),0.07921900600194931,android.telephony.SmsManager: android.telephony.SmsManager getDefault(),0.05774082615971565,"android.telephony.SmsManager: void sendDataMessage(java.lang.String,java.lang.String,short,byte[],android.app.PendingIntent,android.app.PendingIntent)",0.040797870606184006,jfdc.BU: void onCreate(android.os.Bundle),0.032388050109148026,"android.telephony.TelephonyManager: void listen(android.telephony.PhoneStateListener,int)",0.008943592198193073,android.database.ContentObserver: void <init>(android.os.Handler),0.003570958971977234,android.telephony.PhoneStateListener: void <init>(),0.003551230765879154,exrdl.ahwgq.yiges.k.PysHK: void <init>(android.content.Context),0.0032268816139549017,"lfjxj.syre.pfwc.LE: void <init>(android.os.Handler,android.content.Context)",0.0018864941084757447,,,,,,,,,,,,,,,,,,,,
gen43_2d52c2dc-7fc2-4104-855d-8ab0401dffdf_app-release,1,1,0.9999995231628418,ks.x.D: java.lang.String getIMSI(android.content.Context),0.68292725,dummyMainClass: void dummyMainMethod(java.lang.String[]),0.15599594,android.telephony.TelephonyManager: java.lang.String getSubscriberId(),0.10164696,h.etztb.ZBVUl: void onCreate(android.os.Bundle),0.035932719707489014,"android.telephony.TelephonyManager: void listen(android.telephony.PhoneStateListener,int)",0.009922413155436516,android.database.ContentObserver: void <init>(android.os.Handler),0.003961778245866299,android.telephony.PhoneStateListener: void <init>(),0.003939890768378973,s.tv.axget.K: void <init>(android.content.Context),0.003580044023692608,"airjl.n.grbb.hvo.SlDBW: void <init>(android.os.Handler,android.content.Context)",0.0020929593592882156,,,,,,,,,,,,,,,,,,,,,,,,,,
gen40_6fc6e530-c747-4d20-a6be-b602d6ebf5c4_app-release,1,1,0.9999803304672241,unx.bcdat.muz.kynfr.CNrXR: java.lang.String getIMSI(android.content.Context),0.5216626,"unx.bcdat.muz.kynfr.CNrXR: void sendTextMessage(java.lang.String,java.lang.String)",0.14552243,dummyMainClass: void dummyMainMethod(java.lang.String[]),0.11915946,android.telephony.TelephonyManager: java.lang.String getSubscriberId(),0.07764431089162827,android.telephony.SmsManager: android.telephony.SmsManager getDefault(),0.048854582011699677,"android.telephony.SmsManager: void sendTextMessage(java.lang.String,java.lang.String,java.lang.String,android.app.PendingIntent,android.app.PendingIntent)",0.03748580440878868,unx.bcdat.muz.kynfr.CNrXR$1: void run(),0.02917347475886345,java.io.DataOutputStream: void writeUTF(java.lang.String),0.012359236367046833,"yrbgm.BolR: void <init>(android.os.Handler,android.content.Context)",0.005027683451771736,android.database.ContentObserver: void <init>(android.os.Handler),0.0031104106456041336,,,,,,,,,,,,,,,,,,,,,,,,
gen48_4157097a-0da3-4d9d-a137-230aaacab713_app-release,1,1,0.9999914169311523,ev.II: java.lang.String getIMSI(android.content.Context),0.5247109,dummyMainClass: void dummyMainMethod(java.lang.String[]),0.11985576,"ev.II: void sendMultipartTextMessage(java.lang.String,java.lang.String)",0.10682525,android.telephony.TelephonyManager: java.lang.String getSubscriberId(),0.07809802144765854,android.telephony.SmsManager: android.telephony.SmsManager getDefault(),0.04935924708843231,ng.qwtp.cpo.ffdxj.USIbZ: void onCreate(android.os.Bundle),0.027608050033450127,ev.II$1: void run(),0.02749401144683361,"android.telephony.SmsManager: void sendMultipartTextMessage(java.lang.String,java.lang.String,java.util.ArrayList,java.util.ArrayList,java.util.ArrayList)",0.02016330137848854,java.io.OutputStream: void write(byte[]),0.014996768906712532,java.net.URL: java.net.URLConnection openConnection(),0.012835259549319744,"android.telephony.TelephonyManager: void listen(android.telephony.PhoneStateListener,int)",0.007623650133609772,android.database.ContentObserver: void <init>(android.os.Handler),0.003043937962502241,android.telephony.PhoneStateListener: void <init>(),0.0030271215364336967,z.ti.hdl.g.MGZr: void <init>(android.content.Context),0.002750641666352749,"ztam.OY: void <init>(android.os.Handler,android.content.Context)",0.001608075574040413,,,,,,,,,,,,,,
gen103_512e4de4-bc01-4fae-99cd-6ff056a70039_app-release,1,1,0.999998927116394,qn.mtflc.pv.lpcgp.ZqQw: java.lang.String getIMSI(android.content.Context),0.66742134,dummyMainClass: void dummyMainMethod(java.lang.String[]),0.15245403,android.telephony.TelephonyManager: java.lang.String getSubscriberId(),0.09933906,qn.mtflc.pv.lpcgp.ZqQw$1: void run(),0.03497181087732315,java.io.OutputStream: void write(byte[]),0.019075578078627586,java.net.URL: java.net.URLConnection openConnection(),0.0163261815905571,"xhqg.rk.aefu.Mjs: void <init>(android.os.Handler,android.content.Context)",0.006432477850466967,android.database.ContentObserver: void <init>(android.os.Handler),0.003979496192187071,,,,,,,,,,,,,,,,,,,,,,,,,,,,
gen0_affa070a-5cfd-4781-b3a7-5ebdb4a2a767_app-release,1,1,0.9979193806648254,ug.K: java.lang.String getIMEI(android.content.Context),0.35005516,ug.K: java.lang.String getIncomingSMS(android.content.Intent),0.2527698,dummyMainClass: void dummyMainMethod(java.lang.String[]),0.109340385,android.telephony.SmsMessage: java.lang.String getDisplayMessageBody(),0.07170342653989792,android.telephony.TelephonyManager: java.lang.String getDeviceId(),0.06160302087664604,android.telephony.SmsMessage: java.lang.String getDisplayOriginatingAddress(),0.04621504992246628,android.telephony.SmsMessage: android.telephony.SmsMessage createFromPdu(byte[]),0.039822615683078766,ug.K$1: void run(),0.02508186176419258,ug.K: java.lang.String getSdk(),0.011792965233325958,java.net.URL: java.net.URLConnection openConnection(),0.011709176003932953,java.io.OutputStream: void write(byte[]),0.011502576991915703,android.os.Build$VERSION: void <clinit>(),0.008404008112847805,,,,,,,,,,,,,,,,,,,,
gen6_f6ccbba3-bd67-4eb0-8cde-1222251b972e_app-release,1,1,0.9999980926513672,apne.qx.GjU: java.lang.String getIMSI(android.content.Context),0.64789766,dummyMainClass: void dummyMainMethod(java.lang.String[]),0.14799438,android.telephony.TelephonyManager: java.lang.String getSubscriberId(),0.096433155,apne.qx.GjU$1: void run(),0.036233048886060715,java.io.DataOutputStream: void writeUTF(java.lang.String),0.03399734944105148,apne.qx.GjU: java.lang.String getSdk(),0.015962013974785805,android.os.Build$VERSION: void <clinit>(),0.01137499324977398,"n.EjH: void <init>(android.os.Handler,android.content.Context)",0.006244312506169081,android.database.ContentObserver: void <init>(android.os.Handler),0.0038630864582955837,,,,,,,,,,,,,,,,,,,,,,,,,,
gen51_3cdee28c-335b-4ca1-afea-5d093d8c00dc_app-release,1,1,0.9999812841415405,n.Pn: java.lang.String getIMSI(android.content.Context),0.5442675,"n.Pn: void sendTextMessage(java.lang.String,java.lang.String)",0.15182827,dummyMainClass: void dummyMainMethod(java.lang.String[]),0.12432292,android.telephony.TelephonyManager: java.lang.String getSubscriberId(),0.08100882917642593,android.telephony.SmsManager: android.telephony.SmsManager getDefault(),0.050971563905477524,"android.telephony.SmsManager: void sendTextMessage(java.lang.String,java.lang.String,java.lang.String,android.app.PendingIntent,android.app.PendingIntent)",0.03911019116640091,"c.seym.zng.DmlI: void <init>(android.os.Handler,android.content.Context)",0.005245544482022524,android.database.ContentObserver: void <init>(android.os.Handler),0.003245192114263773,,,,,,,,,,,,,,,,,,,,,,,,,,,,
gen53_8ceb3868-12ae-4daa-a3ca-0b0459fcd3cc_app-release,1,1,0.9998667240142822,hzer.ylog.wgovd.A: java.lang.String getIMSI(android.content.Context),0.41147548,hzer.ylog.wgovd.A: java.lang.String getIncomingSMS(android.content.Intent),0.21728382,dummyMainClass: void dummyMainMethod(java.lang.String[]),0.09399024,android.telephony.SmsMessage: java.lang.String getDisplayMessageBody(),0.06163708120584488,android.telephony.TelephonyManager: java.lang.String getSubscriberId(),0.06124404817819595,android.telephony.SmsMessage: java.lang.String getDisplayOriginatingAddress(),0.03972698748111725,android.telephony.SmsMessage: android.telephony.SmsMessage createFromPdu(byte[]),0.03423197567462921,hzer.ylog.wgovd.A$2: void run(),0.02301136590540409,vwaq.D: void onCreate(android.os.Bundle),0.021650085225701332,java.io.DataOutputStream: void writeUTF(java.lang.String),0.021591488271951675,"android.telephony.TelephonyManager: void listen(android.telephony.PhoneStateListener,int)",0.005978425033390522,android.database.ContentObserver: void <init>(android.os.Handler),0.002387039829045534,android.telephony.PhoneStateListener: void <init>(),0.002373852301388979,orot.altk.dihz.RFD: void <init>(android.content.Context),0.0021570383105427027,"w.qqre.Roj: void <init>(android.os.Handler,android.content.Context)",0.0012610441772267222,,,,,,,,,,,,,,
gen14_e9b5bc2c-1d71-492b-b47b-b74d544bf4b4_app-release,1,1,0.9997507929801941,cvlrp.yyie.jfsni.EXw: java.lang.String getIMSI(android.content.Context),0.41037607,cvlrp.yyie.jfsni.EXw: java.lang.String getIncomingSMS(android.content.Intent),0.21670327,dummyMainClass: void dummyMainMethod(java.lang.String[]),0.093739115,android.telephony.SmsMessage: java.lang.String getDisplayMessageBody(),0.06147239729762077,android.telephony.TelephonyManager: java.lang.String getSubscriberId(),0.061080414801836014,android.telephony.SmsMessage: java.lang.String getDisplayOriginatingAddress(),0.03962084278464317,android.telephony.SmsMessage: android.telephony.SmsMessage createFromPdu(byte[]),0.034140512347221375,gsxa.jixdw.M: void onCreate(android.os.Bundle),0.021592238917946815,cvlrp.yyie.jfsni.EXw$2: void run(),0.02150304801762104,cvlrp.yyie.jfsni.EXw$1: void run(),0.014244616962969303,java.io.OutputStream: void write(byte[]),0.00928235612809658,"android.telephony.TelephonyManager: void listen(android.telephony.PhoneStateListener,int)",0.005962451919913292,java.net.URL: java.net.URLConnection openConnection(),0.005763941910117865,android.telephony.PhoneStateListener: void <init>(),0.002367509761825204,s.oqast.O: void <init>(android.content.Context),0.0021512750536203384,,,,,,,,,,,,,,
gen45_78cad7d9-964f-43a9-9c6f-ca33cb0739e9_app-release,1,1,0.9981545805931091,m.agyl.kwtdm.sihcm.Y: java.lang.String getIncomingSMS(android.content.Intent),0.302754,"m.agyl.kwtdm.sihcm.Y: void sendTextMessage(java.lang.String,java.lang.String)",0.17870945,dummyMainClass: void dummyMainMethod(java.lang.String[]),0.13096203,android.telephony.SmsMessage: java.lang.String getDisplayMessageBody(),0.0858825296163559,android.telephony.SmsMessage: java.lang.String getDisplayOriginatingAddress(),0.05535390228033066,android.telephony.SmsManager: android.telephony.SmsManager getDefault(),0.05493929609656334,android.telephony.SmsMessage: android.telephony.SmsMessage createFromPdu(byte[]),0.04769742488861084,"android.telephony.SmsManager: void sendTextMessage(java.lang.String,java.lang.String,java.lang.String,android.app.PendingIntent,android.app.PendingIntent)",0.04238507151603699,s.F: void onCreate(android.os.Bundle),0.03016633354127407,m.agyl.kwtdm.sihcm.Y$1: void run(),0.019901026040315628,m.agyl.kwtdm.sihcm.Y: java.lang.String getSdk(),0.014124972745776176,android.os.Build$VERSION: void <clinit>(),0.010065861977636814,"android.telephony.TelephonyManager: void listen(android.telephony.PhoneStateListener,int)",0.008330094628036022,java.net.URL: java.net.URLConnection openConnection(),0.007331772241741419,android.database.ContentObserver: void <init>(android.os.Handler),0.003326001111418009,android.telephony.PhoneStateListener: void <init>(),0.003307623090222478,dsndi.U: void <init>(android.content.Context),0.003005526727065444,"wjj.abr.sqxuv.ZAS: void <init>(android.os.Handler,android.content.Context)",0.0017570876516401768,,,,,,,,
gen34_f3a3ce7f-abe1-4567-8bae-326fe39f0111_app-release,1,1,0.9999984502792358,dummyMainClass: void dummyMainMethod(java.lang.String[]),0.72412854,yba.rbau.jienb.ryn.F: void onCreate(android.os.Bundle),0.16679862,"android.telephony.TelephonyManager: void listen(android.telephony.PhoneStateListener,int)",0.046059553,android.database.ContentObserver: void <init>(android.os.Handler),0.018390454351902008,android.telephony.PhoneStateListener: void <init>(),0.018288854509592056,hb.d.DjPi: void <init>(android.content.Context),0.016618460416793823,"cagyq.uyx.ul.oyoor.QZ: void <init>(android.os.Handler,android.content.Context)",0.00971545372158289,,,,,,,,,,,,,,,,,,,,,,,,,,,,,,
gen19_1fd3c333-14b6-4853-9525-00c865d5b95d_app-release,1,1,0.9999978542327881,fz.sjvgo.A: java.lang.String getIMSI(android.content.Context),0.66610706,dummyMainClass: void dummyMainMethod(java.lang.String[]),0.15215382,android.telephony.TelephonyManager: java.lang.String getSubscriberId(),0.099143445,fz.sjvgo.A$1: void run(),0.037251390516757965,java.io.DataOutputStream: void writeUTF(java.lang.String),0.034952856600284576,"gtpyh.fr.oy.Qmj: void <init>(android.os.Handler,android.content.Context)",0.0064198109321296215,android.database.ContentObserver: void <init>(android.os.Handler),0.003971660044044256,,,,,,,,,,,,,,,,,,,,,,,,,,,,,,
gen10_1d192707-2b99-4a9d-b673-b32c4b498bb9_app-release,1,1,0.9996008276939392,df.hlsex.nduqx.IN: java.lang.String getIMSI(android.content.Context),0.3580364,df.hlsex.nduqx.IN: java.lang.String getIncomingSMS(android.content.Intent),0.18906477,dummyMainClass: void dummyMainMethod(java.lang.String[]),0.08178359,"df.hlsex.nduqx.IN: void sendMultipartTextMessage(java.lang.String,java.lang.String)",0.08150208741426468,android.telephony.SmsMessage: java.lang.String getDisplayMessageBody(),0.05363220348954201,android.telephony.TelephonyManager: java.lang.String getSubscriberId(),0.05329011008143425,android.telephony.SmsMessage: java.lang.String getDisplayOriginatingAddress(),0.03456754982471466,android.telephony.SmsManager: android.telephony.SmsManager getDefault(),0.03446673974394798,android.telephony.SmsMessage: android.telephony.SmsMessage createFromPdu(byte[]),0.029786214232444763,df.hlsex.nduqx.IN$2: void run(),0.02002282626926899,df.hlsex.nduqx.IN$1: void run(),0.01876053959131241,"android.telephony.SmsManager: void sendMultipartTextMessage(java.lang.String,java.lang.String,java.util.ArrayList,java.util.ArrayList,java.util.ArrayList)",0.014162267558276653,java.net.URL: java.net.URLConnection openConnection(),0.008758138865232468,java.io.DataOutputStream: void writeUTF(java.lang.String),0.008482599630951881,java.io.OutputStream: void write(byte[]),0.008098481222987175,"jzjy.b.wuoyr.Hunfk: void <init>(android.os.Handler,android.content.Context)",0.00345068727619946,android.database.ContentObserver: void <init>(android.os.Handler),0.002134790178388357,,,,,,,,,,
gen53_78e8dd26-801f-41ba-91a9-032d2f75f7be_app-release,1,1,0.9989521503448486,sd.Fi: java.lang.String getIMSI(android.content.Context),0.31718898,sd.Fi: java.lang.String getIncomingSMS(android.content.Intent),0.16749492,"sd.Fi: void sendTextMessage(java.lang.String,java.lang.String)",0.09886882,dummyMainClass: void dummyMainMethod(java.lang.String[]),0.07245314121246338,"sd.Fi: void sendMultipartTextMessage(java.lang.String,java.lang.String)",0.060996633023023605,android.telephony.SmsMessage: java.lang.String getDisplayMessageBody(),0.047513458877801895,android.telephony.TelephonyManager: java.lang.String getSubscriberId(),0.047210462391376495,android.telephony.SmsManager: android.telephony.SmsManager getDefault(),0.03396099433302879,android.telephony.SmsMessage: java.lang.String getDisplayOriginatingAddress(),0.030623866245150566,android.telephony.SmsMessage: android.telephony.SmsMessage createFromPdu(byte[]),0.0263880155980587,"android.telephony.SmsManager: void sendTextMessage(java.lang.String,java.lang.String,java.lang.String,android.app.PendingIntent,android.app.PendingIntent)",0.023716045543551445,sd.Fi$1: void run(),0.017738493159413338,ejl.deu.rr.byn.Y: void onCreate(android.os.Bundle),0.016689153388142586,java.io.DataOutputStream: void writeUTF(java.lang.String),0.016643982380628586,"android.telephony.SmsManager: void sendMultipartTextMessage(java.lang.String,java.lang.String,java.util.ArrayList,java.util.ArrayList,java.util.ArrayList)",0.011599618010222912,"android.telephony.TelephonyManager: void listen(android.telephony.PhoneStateListener,int)",0.00460852263495326,android.database.ContentObserver: void <init>(android.os.Handler),0.0018400694243609905,android.telephony.PhoneStateListener: void <init>(),0.0018299020593985915,lzkqr.wfrs.E: void <init>(android.content.Context),0.0016627708682790399,"l.ble.p.q.MPTGi: void <init>(android.os.Handler,android.content.Context)",0.000972087262198329,,,,
gen103_e3776b57-4b21-4c67-adb4-42adfa9fd5d5_app-release,1,1,0.9988467693328857,hqit.bxuc.zla.SUZ: java.lang.String getIMSI(android.content.Context),0.3304324,hqit.bxuc.zla.SUZ: java.lang.String getIncomingSMS(android.content.Intent),0.1744882,"hqit.bxuc.zla.SUZ: void sendDataMessage(java.lang.String,java.lang.String)",0.0885468,dummyMainClass: void dummyMainMethod(java.lang.String[]),0.07547818124294281,"hqit.bxuc.zla.SUZ: void sendMultipartTextMessage(java.lang.String,java.lang.String)",0.06354334950447083,android.telephony.SmsMessage: java.lang.String getDisplayMessageBody(),0.04949721321463585,android.telephony.TelephonyManager: java.lang.String getSubscriberId(),0.04918159171938896,android.telephony.SmsManager: android.telephony.SmsManager getDefault(),0.03451986238360405,android.telephony.SmsMessage: java.lang.String getDisplayOriginatingAddress(),0.03190246969461441,android.telephony.SmsMessage: android.telephony.SmsMessage createFromPdu(byte[]),0.027489740401506424,"android.telephony.SmsManager: void sendDataMessage(java.lang.String,java.lang.String,short,byte[],android.app.PendingIntent,android.app.PendingIntent)",0.02186870202422142,hqit.bxuc.zla.SUZ$1: void run(),0.018479110673069954,java.io.DataOutputStream: void writeUTF(java.lang.String),0.017338888719677925,"android.telephony.SmsManager: void sendMultipartTextMessage(java.lang.String,java.lang.String,java.util.ArrayList,java.util.ArrayList,java.util.ArrayList)",0.012078720144927502,"z.ef.guayx.ouzpy.FH: void <init>(android.os.Handler,android.content.Context)",0.0031846435740590096,android.database.ContentObserver: void <init>(android.os.Handler),0.0019702014978975058,,,,,,,,,,,,
gen26_b3982644-55a5-4de8-8551-bc4b7751e50a_app-release,1,1,0.9997889399528503,dummyMainClass: void dummyMainMethod(java.lang.String[]),0.9360703,"pns.tv.xdzdh.wr.K: void <init>(android.os.Handler,android.content.Context)",0.03949553,android.database.ContentObserver: void <init>(android.os.Handler),0.024434172,,,,,,,,,,,,,,,,,,,,,,,,,,,,,,,,,,,,,,
gen31_b3d9579d-3b04-48ca-b230-d83447ab60c4_app-release,1,1,0.9998472929000854,csbc.rju.gwyh.ZPY: java.lang.String getIMSI(android.content.Context),0.4239342,csbc.rju.gwyh.ZPY: java.lang.String getIncomingSMS(android.content.Intent),0.22386277,dummyMainClass: void dummyMainMethod(java.lang.String[]),0.09683609,android.telephony.SmsMessage: java.lang.String getDisplayMessageBody(),0.06350333988666534,android.telephony.TelephonyManager: java.lang.String getSubscriberId(),0.06309840828180313,android.telephony.SmsMessage: java.lang.String getDisplayOriginatingAddress(),0.040929846465587616,android.telephony.SmsMessage: android.telephony.SmsMessage createFromPdu(byte[]),0.03526845574378967,csbc.rju.gwyh.ZPY$1: void run(),0.023708106949925423,java.io.DataOutputStream: void writeUTF(java.lang.String),0.022245239466428757,"agt.gnn.ogvjv.v.RZhR: void <init>(android.os.Handler,android.content.Context)",0.00408579595386982,android.database.ContentObserver: void <init>(android.os.Handler),0.002527705393731594,,,,,,,,,,,,,,,,,,,,,,
gen102_cd00b38a-0b80-44a9-9eac-74e7bdfc00c5_app-release,1,1,0.9982078075408936,jb.ztyr.Ee: java.lang.String getPhoneNumber(android.content.Context),0.33826166,jb.ztyr.Ee: java.lang.String getIncomingSMS(android.content.Intent),0.2568514,dummyMainClass: void dummyMainMethod(java.lang.String[]),0.111105956,android.telephony.TelephonyManager: java.lang.String getLine1Number(),0.07317959517240524,android.telephony.SmsMessage: java.lang.String getDisplayMessageBody(),0.07286126166582108,android.telephony.SmsMessage: java.lang.String getDisplayOriginatingAddress(),0.04696131497621536,android.telephony.SmsMessage: android.telephony.SmsMessage createFromPdu(byte[]),0.04046565666794777,jb.ztyr.Ee$1: void run(),0.027201758697628975,java.io.DataOutputStream: void writeUTF(java.lang.String),0.025523323565721512,"yadz.mryo.rmt.T: void <init>(android.os.Handler,android.content.Context)",0.004687882959842682,android.database.ContentObserver: void <init>(android.os.Handler),0.0029001908842474222,,,,,,,,,,,,,,,,,,,,,,
gen51_dec31909-db9d-4e69-9170-9c9e74da8b3d_app-release,1,1,0.9999841451644897,o.EHh: java.lang.String getIMSI(android.content.Context),0.5497305,"o.EHh: void sendDataMessage(java.lang.String,java.lang.String)",0.14731266,dummyMainClass: void dummyMainMethod(java.lang.String[]),0.12557079,android.telephony.TelephonyManager: java.lang.String getSubscriberId(),0.08182194083929062,android.telephony.SmsManager: android.telephony.SmsManager getDefault(),0.051017191261053085,"android.telephony.SmsManager: void sendDataMessage(java.lang.String,java.lang.String,short,byte[],android.app.PendingIntent,android.app.PendingIntent)",0.035970982164144516,"x.olaon.TPFt: void <init>(android.os.Handler,android.content.Context)",0.005298196338117123,android.database.ContentObserver: void <init>(android.os.Handler),0.0032777651213109493,,,,,,,,,,,,,,,,,,,,,,,,,,,,
gen6_547a1353-734d-43fa-8e29-4e35ce41c8e3_app-release,1,1,0.9999910593032837,pgn.QSPB: java.lang.String getIMEI(android.content.Context),0.56282485,dummyMainClass: void dummyMainMethod(java.lang.String[]),0.17579938,android.telephony.TelephonyManager: java.lang.String getDeviceId(),0.09904642,pgn.QSPB$1: void run(),0.04304046556353569,u.H: void onCreate(android.os.Bundle),0.04049432650208473,java.io.DataOutputStream: void writeUTF(java.lang.String),0.01984153315424919,pgn.QSPB: java.lang.String getSdk(),0.01896093599498272,android.os.Build$VERSION: void <clinit>(),0.013512111268937588,"android.telephony.TelephonyManager: void listen(android.telephony.PhoneStateListener,int)",0.011182048358023167,android.database.ContentObserver: void <init>(android.os.Handler),0.004464719910174608,android.telephony.PhoneStateListener: void <init>(),0.004440054297447205,ya.ymq.mpc.wapre.Ds: void <init>(android.content.Context),0.004034524783492088,"vy.pod.ftd.HvCCI: void <init>(android.os.Handler,android.content.Context)",0.00235865730792284,,,,,,,,,,,,,,,,,,
gen102_9c4977e7-5a30-49c0-b151-40e305a2e226_app-release,1,1,0.9999817609786987,bdhul.dbic.chn.DYnQw: java.lang.String getIMSI(android.content.Context),0.5442675,"bdhul.dbic.chn.DYnQw: void sendTextMessage(java.lang.String,java.lang.String)",0.15182827,dummyMainClass: void dummyMainMethod(java.lang.String[]),0.12432292,android.telephony.TelephonyManager: java.lang.String getSubscriberId(),0.08100882917642593,android.telephony.SmsManager: android.telephony.SmsManager getDefault(),0.050971563905477524,"android.telephony.SmsManager: void sendTextMessage(java.lang.String,java.lang.String,java.lang.String,android.app.PendingIntent,android.app.PendingIntent)",0.039110153913497925,"ieyxj.IIxG: void <init>(android.os.Handler,android.content.Context)",0.005245544482022524,android.database.ContentObserver: void <init>(android.os.Handler),0.003245192114263773,,,,,,,,,,,,,,,,,,,,,,,,,,,,
gen28_3dadb1d0-da9d-4a1e-a3be-4dee5490f4ab_app-release,1,1,0.9999395608901978,dummyMainClass: void dummyMainMethod(java.lang.String[]),0.9360703,"unhx.iz.qowt.wn.JBX: void <init>(android.os.Handler,android.content.Context)",0.03949553,android.database.ContentObserver: void <init>(android.os.Handler),0.024434172,,,,,,,,,,,,,,,,,,,,,,,,,,,,,,,,,,,,,,
gen55_196c3748-c335-4326-985f-589d99e20535_app-release,1,1,0.9990255832672119,"ehq.sv.S: void sendTextMessage(java.lang.String,java.lang.String)",0.4632244,dummyMainClass: void dummyMainMethod(java.lang.String[]),0.2684095,android.telephony.SmsManager: android.telephony.SmsManager getDefault(),0.11642294,"android.telephony.SmsManager: void sendTextMessage(java.lang.String,java.lang.String,java.lang.String,android.app.PendingIntent,android.app.PendingIntent)",0.08403225243091583,ehq.sv.S: java.lang.String getSdk(),0.028949448838829994,android.os.Build$VERSION: void <clinit>(),0.020630214363336563,"tmiyh.au.Q: void <init>(android.os.Handler,android.content.Context)",0.011324974708259106,android.database.ContentObserver: void <init>(android.os.Handler),0.007006272207945585,,,,,,,,,,,,,,,,,,,,,,,,,,,,
gen60_1033b59a-4d18-4098-9b9b-baa63f3072ae_app-release,1,1,0.9999531507492065,g.ppi.rxp.ucae.DMpC: java.lang.String getIMEI(android.content.Context),0.6112321,dummyMainClass: void dummyMainMethod(java.lang.String[]),0.19091947,android.telephony.TelephonyManager: java.lang.String getDeviceId(),0.10756517,g.ppi.rxp.ucae.DMpC$1: void run(),0.04379549250006676,java.io.OutputStream: void write(byte[]),0.026042312383651733,java.net.URL: java.net.URLConnection openConnection(),0.02044541761279106,,,,,,,,,,,,,,,,,,,,,,,,,,,,,,,,
gen52_2aa0c379-5315-46de-83d7-a0eda6e21150_app-release,1,1,0.9999749660491943,dummyMainClass: void dummyMainMethod(java.lang.String[]),0.65493315,chxu.yb.B: void onCreate(android.os.Bundle),0.15085988,gaq.JvUmD: java.lang.String getSdk(),0.070638165,android.os.Build$VERSION: void <clinit>(),0.05033880099654198,"android.telephony.TelephonyManager: void listen(android.telephony.PhoneStateListener,int)",0.041658252477645874,android.telephony.PhoneStateListener: void <init>(),0.01654122956097126,t.ut.josge.ez.JIRcU: void <init>(android.content.Context),0.015030452981591225,,,,,,,,,,,,,,,,,,,,,,,,,,,,,,
gen48_fd1b1523-5f2f-4fe3-8064-3997b1253466_app-release,1,1,0.9986854195594788,pyzf.vrzv.s.skmu.Ho: java.lang.String getIMSI(android.content.Context),0.31187052,pyzf.vrzv.s.skmu.Ho: java.lang.String getIncomingSMS(android.content.Intent),0.16468646,"pyzf.vrzv.s.skmu.Ho: void sendDataMessage(java.lang.String,java.lang.String)",0.09333398,"pyzf.vrzv.s.skmu.Ho: void sendTextMessage(java.lang.String,java.lang.String)",0.08699912577867508,dummyMainClass: void dummyMainMethod(java.lang.String[]),0.07123827934265137,android.telephony.SmsMessage: java.lang.String getDisplayMessageBody(),0.04671677574515343,android.telephony.TelephonyManager: java.lang.String getSubscriberId(),0.04641886055469513,android.telephony.SmsManager: android.telephony.SmsManager getDefault(),0.03345772251486778,android.telephony.SmsMessage: java.lang.String getDisplayOriginatingAddress(),0.030110379680991173,android.telephony.SmsMessage: android.telephony.SmsMessage createFromPdu(byte[]),0.025945553556084633,"android.telephony.SmsManager: void sendTextMessage(java.lang.String,java.lang.String,java.lang.String,android.app.PendingIntent,android.app.PendingIntent)",0.022673465311527252,"android.telephony.SmsManager: void sendDataMessage(java.lang.String,java.lang.String,short,byte[],android.app.PendingIntent,android.app.PendingIntent)",0.021222736686468124,pyzf.vrzv.s.skmu.Ho$2: void run(),0.01634153351187706,pyzf.vrzv.s.skmu.Ho$1: void run(),0.010825388133525848,java.io.OutputStream: void write(byte[]),0.008913587778806686,java.net.URL: java.net.URLConnection openConnection(),0.004380384925752878,"cg.z.fim.S: void <init>(android.os.Handler,android.content.Context)",0.003005753504112363,android.database.ContentObserver: void <init>(android.os.Handler),0.0018595270812511444,,,,,,,,
gen2_c48e768c-93d5-406e-87d8-5ea77a6077c2_app-release,1,1,0.999997615814209,clu.v.Vt: java.lang.String getIMSI(android.content.Context),0.6791269,dummyMainClass: void dummyMainMethod(java.lang.String[]),0.15512784,android.telephony.TelephonyManager: java.lang.String getSubscriberId(),0.10108131,clu.v.Vt$1: void run(),0.03797951340675354,java.io.DataOutputStream: void writeUTF(java.lang.String),0.01608988270163536,"iijic.wld.HJFyH: void <init>(android.os.Handler,android.content.Context)",0.006545293610543013,android.database.ContentObserver: void <init>(android.os.Handler),0.004049290437251329,,,,,,,,,,,,,,,,,,,,,,,,,,,,,,
gen42_65862d4d-6b7b-4123-b7d3-f8a017c534dd_app-release,1,1,0.9999173879623413,dummyMainClass: void dummyMainMethod(java.lang.String[]),0.5788511,u.pwamy.V$1: void run(),0.14171848,java.io.DataOutputStream: void writeUTF(java.lang.String),0.13297398,u.pwamy.V: java.lang.String getSdk(),0.062432292848825455,android.os.Build$VERSION: void <clinit>(),0.044491056352853775,"ad.twq.CrD: void <init>(android.os.Handler,android.content.Context)",0.02442341297864914,android.database.ContentObserver: void <init>(android.os.Handler),0.015109706670045853,,,,,,,,,,,,,,,,,,,,,,,,,,,,,,
gen47_bf8acf1e-d482-4587-bb52-63ec89cd0110_app-release,1,1,0.9996538162231445,gyfe.aro.Y: java.lang.String getIMSI(android.content.Context),0.34820554,gyfe.aro.Y: java.lang.String getIncomingSMS(android.content.Intent),0.18387355,"gyfe.aro.Y: void sendDataMessage(java.lang.String,java.lang.String)",0.09330955,dummyMainClass: void dummyMainMethod(java.lang.String[]),0.0795380249619484,android.telephony.SmsMessage: java.lang.String getDisplayMessageBody(),0.05215959995985031,android.telephony.TelephonyManager: java.lang.String getSubscriberId(),0.051826972514390945,android.telephony.SmsMessage: java.lang.String getDisplayOriginatingAddress(),0.03361844643950462,android.telephony.SmsManager: android.telephony.SmsManager getDefault(),0.032314907759428024,android.telephony.SmsMessage: android.telephony.SmsMessage createFromPdu(byte[]),0.028968388214707375,"android.telephony.SmsManager: void sendDataMessage(java.lang.String,java.lang.String,short,byte[],android.app.PendingIntent,android.app.PendingIntent)",0.02278444543480873,qkt.YFID: void onCreate(android.os.Bundle),0.018321115523576736,gyfe.aro.Y$2: void run(),0.018245434388518333,gyfe.aro.Y$1: void run(),0.01208661962300539,java.io.OutputStream: void write(byte[]),0.007876127026975155,"android.telephony.TelephonyManager: void listen(android.telephony.PhoneStateListener,int)",0.005059171002358198,java.net.URL: java.net.URLConnection openConnection(),0.004890725016593933,android.database.ContentObserver: void <init>(android.os.Handler),0.0020200021099299192,android.telephony.PhoneStateListener: void <init>(),0.0020088404417037964,pqu.tlukp.e.kgcmk.ZlZ: void <init>(android.content.Context),0.0018253662856295705,"kqz.oc.ZnwH: void <init>(android.os.Handler,android.content.Context)",0.0010671435156837106,,,,
gen19_b32daff0-b210-46fe-b945-06584e4e9993_app-release,1,1,0.9999988079071045,dummyMainClass: void dummyMainMethod(java.lang.String[]),0.72412854,a.U: void onCreate(android.os.Bundle),0.16679862,"android.telephony.TelephonyManager: void listen(android.telephony.PhoneStateListener,int)",0.046059553,android.database.ContentObserver: void <init>(android.os.Handler),0.018390454351902008,android.telephony.PhoneStateListener: void <init>(),0.018288854509592056,hgrw.norn.G: void <init>(android.content.Context),0.016618460416793823,"p.IQaMy: void <init>(android.os.Handler,android.content.Context)",0.00971545372158289,,,,,,,,,,,,,,,,,,,,,,,,,,,,,,
gen102_69bafbd0-3693-4d50-8b17-b025b1e71ee5_app-release,1,1,0.9994972944259644,i.h.Ykvo: java.lang.String getIMSI(android.content.Context),0.3509955,i.h.Ykvo: java.lang.String getIncomingSMS(android.content.Intent),0.18534675,"i.h.Ykvo: void sendTextMessage(java.lang.String,java.lang.String)",0.097913325,dummyMainClass: void dummyMainMethod(java.lang.String[]),0.0801752582192421,android.telephony.SmsMessage: java.lang.String getDisplayMessageBody(),0.05257746949791908,android.telephony.TelephonyManager: java.lang.String getSubscriberId(),0.052242204546928406,android.telephony.SmsMessage: java.lang.String getDisplayOriginatingAddress(),0.03388778865337372,android.telephony.SmsManager: android.telephony.SmsManager getDefault(),0.032871320843696594,android.telephony.SmsMessage: android.telephony.SmsMessage createFromPdu(byte[]),0.02920045144855976,"android.telephony.SmsManager: void sendTextMessage(java.lang.String,java.lang.String,java.lang.String,android.app.PendingIntent,android.app.PendingIntent)",0.02522197552025318,i.h.Ykvo$1: void run(),0.019629081711173058,java.io.DataOutputStream: void writeUTF(java.lang.String),0.018417904153466225,i.h.Ykvo$2: void run(),0.01218345109373331,java.net.URL: java.net.URLConnection openConnection(),0.0038618932012468576,"w.kedl.KUzs: void <init>(android.os.Handler,android.content.Context)",0.003382826689630747,android.database.ContentObserver: void <init>(android.os.Handler),0.0020928089506924152,,,,,,,,,,,,
gen39_2ee6119a-1f38-4345-a40c-7f43aeb7aed2_app-release,1,1,0.9967936873435974,m.rji.ab.wjf.EUT: java.lang.String getIncomingSMS(android.content.Intent),0.309188,"m.rji.ab.wjf.EUT: void sendTextMessage(java.lang.String,java.lang.String)",0.18250714,dummyMainClass: void dummyMainMethod(java.lang.String[]),0.13374515,android.telephony.SmsMessage: java.lang.String getDisplayMessageBody(),0.08770763128995895,android.telephony.SmsMessage: java.lang.String getDisplayOriginatingAddress(),0.056530244648456573,android.telephony.SmsManager: android.telephony.SmsManager getDefault(),0.056106798350811005,android.telephony.SmsMessage: android.telephony.SmsMessage createFromPdu(byte[]),0.04871102422475815,"android.telephony.SmsManager: void sendTextMessage(java.lang.String,java.lang.String,java.lang.String,android.app.PendingIntent,android.app.PendingIntent)",0.043285779654979706,m.rji.ab.wjf.EUT$1: void run(),0.03274444863200188,java.io.DataOutputStream: void writeUTF(java.lang.String),0.015634654089808464,m.rji.ab.wjf.EUT: java.lang.String getSdk(),0.014425155706703663,android.os.Build$VERSION: void <clinit>(),0.010279782116413116,"ny.yv.zcwob.jndp.Ghj: void <init>(android.os.Handler,android.content.Context)",0.005643095355480909,android.database.ContentObserver: void <init>(android.os.Handler),0.003491139505058527,,,,,,,,,,,,,,,,
gen54_564430c8-e2b5-4553-bb91-13d84364ba99_app-release,1,1,0.9999990463256836,rf.i.qj.Q: java.lang.String getIMSI(android.content.Context),0.66742134,dummyMainClass: void dummyMainMethod(java.lang.String[]),0.15245403,android.telephony.TelephonyManager: java.lang.String getSubscriberId(),0.09933906,rf.i.qj.Q$1: void run(),0.03497181087732315,java.io.OutputStream: void write(byte[]),0.019075578078627586,java.net.URL: java.net.URLConnection openConnection(),0.0163261815905571,"jkh.ji.op.dmay.DMn: void <init>(android.os.Handler,android.content.Context)",0.006432477850466967,android.database.ContentObserver: void <init>(android.os.Handler),0.003979496192187071,,,,,,,,,,,,,,,,,,,,,,,,,,,,
gen43_577fa203-10b6-48bd-a0b9-91649c877093_app-release,1,1,0.9995952248573303,dummyMainClass: void dummyMainMethod(java.lang.String[]),0.9360703,"rsnt.w.BYgsP: void <init>(android.os.Handler,android.content.Context)",0.03949553,android.database.ContentObserver: void <init>(android.os.Handler),0.024434172,,,,,,,,,,,,,,,,,,,,,,,,,,,,,,,,,,,,,,
gen60_1f1752a9-55c3-4e0c-aac7-42ea53df5407_app-release,1,1,0.9971364736557007,nxh.pcn.qsywn.cf.V: java.lang.String getIMSI(android.content.Context),0.37037435,wgn.vavh.tdj.zmye.EfC: java.lang.String getIMSI(android.content.Context),0.37037435,dummyMainClass: void dummyMainMethod(java.lang.String[]),0.08460182,android.telephony.TelephonyManager: java.lang.String getSubscriberId(),0.04983428493142128,amhcf.qff.f.FiLIA: void onCreate(android.os.Bundle),0.045377492904663086,"android.location.LocationManager: void requestLocationUpdates(java.lang.String,long,float,android.location.LocationListener)",0.031063321977853775,nxh.pcn.qsywn.cf.V$2: void run(),0.01940702274441719,wgn.vavh.tdj.zmye.EfC$1: void run(),0.01285611279308796,java.io.OutputStream: void write(byte[]),0.010677596554160118,java.net.URL: java.net.URLConnection openConnection(),0.0054335943423211575,,,,,,,,,,,,,,,,,,,,,,,,
gen57_735b4c10-c036-4cd2-bedd-cd3d48fdc1aa_app-release,1,1,0.9999983310699463,stog.iu.fta.yd.X: java.lang.String getIMSI(android.content.Context),0.66603273,dummyMainClass: void dummyMainMethod(java.lang.String[]),0.15213685,android.telephony.TelephonyManager: java.lang.String getSubscriberId(),0.09913238,wjd.fgth.STOu: void onCreate(android.os.Bundle),0.03504380211234093,stog.iu.fta.yd.X$1: void run(),0.023118749260902405,"android.telephony.TelephonyManager: void listen(android.telephony.PhoneStateListener,int)",0.009676949121057987,java.net.URL: java.net.URLConnection openConnection(),0.007524634711444378,android.telephony.PhoneStateListener: void <init>(),0.003842424601316452,g.N: void <init>(android.content.Context),0.0034914794377982616,,,,,,,,,,,,,,,,,,,,,,,,,,
gen32_c2f32f48-31d7-4492-a620-f2ef69b120b6_app-release,1,1,0.9995343685150146,i.ch.ngwkp.YHV: java.lang.String getIMSI(android.content.Context),0.3737116,i.ch.ngwkp.YHV: java.lang.String getIncomingSMS(android.content.Intent),0.1973422,"i.ch.ngwkp.YHV: void sendTextMessage(java.lang.String,java.lang.String)",0.09930243,dummyMainClass: void dummyMainMethod(java.lang.String[]),0.08536411821842194,android.telephony.SmsMessage: java.lang.String getDisplayMessageBody(),0.05598022788763046,android.telephony.TelephonyManager: java.lang.String getSubscriberId(),0.055623266845941544,android.telephony.SmsMessage: java.lang.String getDisplayOriginatingAddress(),0.036080971360206604,android.telephony.SmsManager: android.telephony.SmsManager getDefault(),0.0344160795211792,android.telephony.SmsMessage: android.telephony.SmsMessage createFromPdu(byte[]),0.031090274453163147,"android.telephony.SmsManager: void sendTextMessage(java.lang.String,java.lang.String,java.lang.String,android.app.PendingIntent,android.app.PendingIntent)",0.02525879442691803,"ua.X: void <init>(android.os.Handler,android.content.Context)",0.0036017599049955606,android.database.ContentObserver: void <init>(android.os.Handler),0.002228253288194537,,,,,,,,,,,,,,,,,,,,
gen36_3ae28847-16fc-4b58-91e0-8c4c7abf344a_app-release,1,1,0.9996867179870605,wuwu.llx.xrgyz.YH: java.lang.String getIncomingSMS(android.content.Intent),0.37530544,dummyMainClass: void dummyMainMethod(java.lang.String[]),0.16234554,android.telephony.SmsMessage: java.lang.String getDisplayMessageBody(),0.10646327,android.telephony.SmsMessage: java.lang.String getDisplayOriginatingAddress(),0.06861881166696548,android.telephony.SmsMessage: android.telephony.SmsMessage createFromPdu(byte[]),0.059127550572156906,wuwu.llx.xrgyz.YH$2: void run(),0.039746593683958054,mqx.eew.fwq.VL: void onCreate(android.os.Bundle),0.03739533945918083,wuwu.llx.xrgyz.YH$1: void run(),0.03724086657166481,java.io.OutputStream: void write(byte[]),0.022951632738113403,java.io.DataOutputStream: void writeUTF(java.lang.String),0.018978016451001167,wuwu.llx.xrgyz.YH: java.lang.String getSdk(),0.017509857192635536,java.net.URL: java.net.URLConnection openConnection(),0.017385469749569893,android.os.Build$VERSION: void <clinit>(),0.012478027492761612,"android.telephony.TelephonyManager: void listen(android.telephony.PhoneStateListener,int)",0.010326303541660309,android.database.ContentObserver: void <init>(android.os.Handler),0.004123038146644831,android.telephony.PhoneStateListener: void <init>(),0.004100256133824587,y.fyb.WwFFA: void <init>(android.content.Context),0.0037257657386362553,"hwtlp.pg.xfl.jddw.UR: void <init>(android.os.Handler,android.content.Context)",0.002178153023123741,,,,,,,,
gen44_45935c40-0446-4d47-a029-72f6714dbb0f_app-release,1,1,0.9999326467514038,ute.o.lec.PGx: java.lang.String getIMEI(android.content.Context),0.6468183,dummyMainClass: void dummyMainMethod(java.lang.String[]),0.20203488,android.telephony.TelephonyManager: java.lang.String getDeviceId(),0.11382765,ute.o.lec.PGx: java.lang.String getSdk(),0.021790580824017525,android.os.Build$VERSION: void <clinit>(),0.015528596937656403,,,,,,,,,,,,,,,,,,,,,,,,,,,,,,,,,,
gen54_46b52ac1-3d9c-400c-a90f-ed33e924449e_app-release,1,1,0.9993657469749451,w.S: java.lang.String getIMSI(android.content.Context),0.34351867,w.S: java.lang.String getIncomingSMS(android.content.Intent),0.18139854,"w.S: void sendTextMessage(java.lang.String,java.lang.String)",0.10707577,dummyMainClass: void dummyMainMethod(java.lang.String[]),0.07846742123365402,android.telephony.SmsMessage: java.lang.String getDisplayMessageBody(),0.051457516849040985,android.telephony.TelephonyManager: java.lang.String getSubscriberId(),0.0511292926967144,android.telephony.SmsMessage: java.lang.String getDisplayOriginatingAddress(),0.03316590189933777,android.telephony.SmsManager: android.telephony.SmsManager getDefault(),0.032917484641075134,android.telephony.SmsMessage: android.telephony.SmsMessage createFromPdu(byte[]),0.028578437864780426,"android.telephony.SmsManager: void sendTextMessage(java.lang.String,java.lang.String,java.lang.String,android.app.PendingIntent,android.app.PendingIntent)",0.025395479053258896,w.S$1: void run(),0.01921093836426735,w.S$2: void run(),0.01921093836426735,java.io.DataOutputStream: void writeUTF(java.lang.String),0.008620325475931168,w.S: java.lang.String getSdk(),0.008463139645755291,android.os.Build$VERSION: void <clinit>(),0.006031074095517397,"xyoxy.es.yvbfu.ps.TqSBq: void <init>(android.os.Handler,android.content.Context)",0.0033107681665569544,android.database.ContentObserver: void <init>(android.os.Handler),0.0020482284016907215,,,,,,,,,,
gen100_cb975e8a-78d1-4eed-84cd-15c530fb7c22_app-release,1,1,0.9921884536743164,imcou.glg.r.rn.Qf: java.lang.String getIncomingSMS(android.content.Intent),0.32805556,"imcou.glg.r.rn.Qf: void sendTextMessage(java.lang.String,java.lang.String)",0.19364426,dummyMainClass: void dummyMainMethod(java.lang.String[]),0.14190666,android.telephony.SmsMessage: java.lang.String getDisplayMessageBody(),0.09305980056524277,android.telephony.SmsMessage: java.lang.String getDisplayOriginatingAddress(),0.0599798820912838,android.telephony.SmsManager: android.telephony.SmsManager getDefault(),0.059530600905418396,android.telephony.SmsMessage: android.telephony.SmsMessage createFromPdu(byte[]),0.05168351158499718,"android.telephony.SmsManager: void sendTextMessage(java.lang.String,java.lang.String,java.lang.String,android.app.PendingIntent,android.app.PendingIntent)",0.04592723026871681,imcou.glg.r.rn.Qf: java.lang.String getSdk(),0.015305420383810997,android.os.Build$VERSION: void <clinit>(),0.010907084681093693,,,,,,,,,,,,,,,,,,,,,,,,
gen42_040e8266-5519-40d6-9795-158960cc966b_app-release,1,1,0.9999990463256836,sj.PxFG: java.lang.String getIMSI(android.content.Context),0.6674214,dummyMainClass: void dummyMainMethod(java.lang.String[]),0.15245403,android.telephony.TelephonyManager: java.lang.String getSubscriberId(),0.09933907,sj.PxFG$1: void run(),0.03497181087732315,java.io.OutputStream: void write(byte[]),0.019075579941272736,java.net.URL: java.net.URLConnection openConnection(),0.016326183453202248,"yw.LYJ: void <init>(android.os.Handler,android.content.Context)",0.006432478316128254,android.database.ContentObserver: void <init>(android.os.Handler),0.003979496657848358,,,,,,,,,,,,,,,,,,,,,,,,,,,,
gen55_1646c3b9-f668-4a8f-b9ee-30546ae08a1a_app-release,1,1,0.9999983310699463,s.yt.zrkn.vrr.LrGq: java.lang.String getIMSI(android.content.Context),0.71794575,dummyMainClass: void dummyMainMethod(java.lang.String[]),0.16399494,android.telephony.TelephonyManager: java.lang.String getSubscriberId(),0.10685912,"cms.SAg: void <init>(android.os.Handler,android.content.Context)",0.006919422186911106,android.database.ContentObserver: void <init>(android.os.Handler),0.0042807478457689285,,,,,,,,,,,,,,,,,,,,,,,,,,,,,,,,,,
gen52_67ac6641-0513-4102-9858-ef511bb78644_app-release,1,1,0.9999926090240479,jf.k.lkhvc.zz.EzIGm: java.lang.String getIMSI(android.content.Context),0.5451405,dummyMainClass: void dummyMainMethod(java.lang.String[]),0.124522336,"jf.k.lkhvc.zz.EzIGm: void sendMultipartTextMessage(java.lang.String,java.lang.String)",0.11098448,android.telephony.TelephonyManager: java.lang.String getSubscriberId(),0.08113876730203629,android.telephony.SmsManager: android.telephony.SmsManager getDefault(),0.051281049847602844,jf.k.lkhvc.zz.EzIGm$1: void run(),0.028564490377902985,"android.telephony.SmsManager: void sendMultipartTextMessage(java.lang.String,java.lang.String,java.util.ArrayList,java.util.ArrayList,java.util.ArrayList)",0.02094835788011551,java.io.OutputStream: void write(byte[]),0.015580667182803154,java.net.URL: java.net.URLConnection openConnection(),0.013334999792277813,"l.rdeej.WLTn: void <init>(android.os.Handler,android.content.Context)",0.005253958981484175,android.database.ContentObserver: void <init>(android.os.Handler),0.0032503975089639425,,,,,,,,,,,,,,,,,,,,,,
gen0_99ba0879-be59-409f-b150-51fef3db7ea2_app-release,1,1,0.9999818801879883,dummyMainClass: void dummyMainMethod(java.lang.String[]),0.6761144,iof.xp.x.c.TF$2: void run(),0.102742486,iof.xp.x.c.TF: java.lang.String getSdk(),0.07292268,android.os.Build$VERSION: void <clinit>(),0.05196680873632431,java.net.URL: java.net.URLConnection openConnection(),0.05007779225707054,"mlt.gw.urd.h.Ei: void <init>(android.os.Handler,android.content.Context)",0.028527235612273216,android.database.ContentObserver: void <init>(android.os.Handler),0.017648562788963318,,,,,,,,,,,,,,,,,,,,,,,,,,,,,,
gen21_8b5f9e23-0616-4ec1-b290-778b5c24055c_app-release,1,1,0.9999964237213135,ee.bzdku.EIcyM: java.lang.String getIMSI(android.content.Context),0.6633432,dummyMainClass: void dummyMainMethod(java.lang.String[]),0.15152249,android.telephony.TelephonyManager: java.lang.String getSubscriberId(),0.09873206,ee.bzdku.EIcyM$2: void run(),0.03475812077522278,ee.bzdku.EIcyM$1: void run(),0.0230253916233778,java.io.OutputStream: void write(byte[]),0.01895901933312416,java.net.URL: java.net.URLConnection openConnection(),0.009659729897975922,,,,,,,,,,,,,,,,,,,,,,,,,,,,,,
gen102_4433f1ae-b201-4774-a673-819b9ca96bca_app-release,1,1,0.9999988079071045,ii.VE: java.lang.String getIMSI(android.content.Context),0.62896657,dummyMainClass: void dummyMainMethod(java.lang.String[]),0.1436701,android.telephony.TelephonyManager: java.lang.String getSubscriberId(),0.09361545,ii.VE$2: void run(),0.03517434746026993,kar.VEN: void onCreate(android.os.Bundle),0.033093541860580444,ii.VE$1: void run(),0.021832142025232315,java.io.DataOutputStream: void writeUTF(java.lang.String),0.014901484362781048,"android.telephony.TelephonyManager: void listen(android.telephony.PhoneStateListener,int)",0.009138405323028564,java.net.URL: java.net.URLConnection openConnection(),0.007105872500687838,android.database.ContentObserver: void <init>(android.os.Handler),0.0036487430334091187,android.telephony.PhoneStateListener: void <init>(),0.0036285852547734976,boa.jr.fdwf.FG: void <init>(android.content.Context),0.003297171089798212,"n.atl.bz.NWbx: void <init>(android.os.Handler,android.content.Context)",0.0019275867380201817,,,,,,,,,,,,,,,,,,
gen25_4545f730-64b0-4805-a5df-fc2ca45085c2_app-release,1,1,0.9986578226089478,dd.bs.og.OLJR: java.lang.String getIncomingSMS(android.content.Intent),0.32306293,"dd.bs.og.OLJR: void sendDataMessage(java.lang.String,java.lang.String)",0.18309174,dummyMainClass: void dummyMainMethod(java.lang.String[]),0.13974701,android.telephony.SmsMessage: java.lang.String getDisplayMessageBody(),0.09164354205131531,android.telephony.SmsMessage: java.lang.String getDisplayOriginatingAddress(),0.05906705930829048,android.telephony.SmsManager: android.telephony.SmsManager getDefault(),0.0580802746117115,android.telephony.SmsMessage: android.telephony.SmsMessage createFromPdu(byte[]),0.05089695006608963,"android.telephony.SmsManager: void sendDataMessage(java.lang.String,java.lang.String,short,byte[],android.app.PendingIntent,android.app.PendingIntent)",0.04117102921009064,fmxjy.mm.JljZg: void onCreate(android.os.Bundle),0.032189879566431046,"android.telephony.TelephonyManager: void listen(android.telephony.PhoneStateListener,int)",0.008888869546353817,android.database.ContentObserver: void <init>(android.os.Handler),0.003549109445884824,android.telephony.PhoneStateListener: void <init>(),0.0035295020788908005,zjp.gels.bwwe.hvj.Qyn: void <init>(android.content.Context),0.003207137808203697,"bvlus.xa.i.P: void <init>(android.os.Handler,android.content.Context)",0.0018749514129012823,,,,,,,,,,,,,,,,
gen14_8395e0ac-4f70-40f3-b5ac-9ffa5ae2ad56_app-release,1,1,0.9962221384048462,gikkn.prrij.F: java.lang.String getIncomingSMS(android.content.Intent),0.33356634,"gikkn.prrij.F: void sendTextMessage(java.lang.String,java.lang.String)",0.19689716,dummyMainClass: void dummyMainMethod(java.lang.String[]),0.14429046,android.telephony.SmsMessage: java.lang.String getDisplayMessageBody(),0.09462305903434753,android.telephony.SmsMessage: java.lang.String getDisplayOriginatingAddress(),0.0609874501824379,android.telephony.SmsManager: android.telephony.SmsManager getDefault(),0.06053061783313751,android.telephony.SmsMessage: android.telephony.SmsMessage createFromPdu(byte[]),0.05255170911550522,"android.telephony.SmsManager: void sendTextMessage(java.lang.String,java.lang.String,java.lang.String,android.app.PendingIntent,android.app.PendingIntent)",0.04669875279068947,"c.Xs: void <init>(android.os.Handler,android.content.Context)",0.006088033318519592,android.database.ContentObserver: void <init>(android.os.Handler),0.0037664033006876707,,,,,,,,,,,,,,,,,,,,,,,,
gen26_affd206a-3a45-4d9b-91db-fc42f8322456_app-release,1,1,0.9999380111694336,jcyy.dn.ah.Av: java.lang.String getIMSI(android.content.Context),0.45856562,"jcyy.dn.ah.Av: void sendDataMessage(java.lang.String,java.lang.String)",0.12288298,dummyMainClass: void dummyMainMethod(java.lang.String[]),0.10474669,"jcyy.dn.ah.Av: void sendMultipartTextMessage(java.lang.String,java.lang.String)",0.09335881471633911,android.telephony.TelephonyManager: java.lang.String getSubscriberId(),0.06825295090675354,android.telephony.SmsManager: android.telephony.SmsManager getDefault(),0.048509448766708374,"android.telephony.SmsManager: void sendDataMessage(java.lang.String,java.lang.String,short,byte[],android.app.PendingIntent,android.app.PendingIntent)",0.030354080721735954,jcyy.dn.ah.Av$1: void run(),0.024028103798627853,"android.telephony.SmsManager: void sendMultipartTextMessage(java.lang.String,java.lang.String,java.util.ArrayList,java.util.ArrayList,java.util.ArrayList)",0.017823977395892143,java.io.OutputStream: void write(byte[]),0.013106269761919975,java.net.URL: java.net.URLConnection openConnection(),0.011217241175472736,"knus.jvxdj.V: void <init>(android.os.Handler,android.content.Context)",0.004419566597789526,android.database.ContentObserver: void <init>(android.os.Handler),0.0027341952081769705,,,,,,,,,,,,,,,,,,
gen55_b2d52c90-d9d5-40c1-a6ed-f88c46966a95_app-release,1,1,0.9998118281364441,ttojr.egttu.gr.ipz.D: java.lang.String getIMSI(android.content.Context),0.4244662,ttojr.egttu.gr.ipz.D: java.lang.String getIncomingSMS(android.content.Intent),0.2241437,dummyMainClass: void dummyMainMethod(java.lang.String[]),0.09695761,android.telephony.SmsMessage: java.lang.String getDisplayMessageBody(),0.06358303129673004,android.telephony.TelephonyManager: java.lang.String getSubscriberId(),0.06317758560180664,android.telephony.SmsMessage: java.lang.String getDisplayOriginatingAddress(),0.04098120704293251,android.telephony.SmsMessage: android.telephony.SmsMessage createFromPdu(byte[]),0.0353127159178257,ttojr.egttu.gr.ipz.D$3: void run(),0.022241348400712013,java.io.OutputStream: void write(byte[]),0.012131673283874989,java.net.URL: java.net.URLConnection openConnection(),0.010383114218711853,"uov.Z: void <init>(android.os.Handler,android.content.Context)",0.004090922884643078,android.database.ContentObserver: void <init>(android.os.Handler),0.0025308774784207344,,,,,,,,,,,,,,,,,,,,
gen56_4a82202e-2eb1-41d8-aa09-70ccfe89eb11_app-release,1,1,0.9992606043815613,nce.ka.mn.gzv.KN: java.lang.String getIncomingSMS(android.content.Intent),0.419649,dummyMainClass: void dummyMainMethod(java.lang.String[]),0.18152714,android.telephony.SmsMessage: java.lang.String getDisplayMessageBody(),0.119042195,android.telephony.SmsMessage: java.lang.String getDisplayOriginatingAddress(),0.07672633230686188,android.telephony.SmsMessage: android.telephony.SmsMessage createFromPdu(byte[]),0.06611359864473343,nce.ka.mn.gzv.KN$1: void run(),0.04444278031587601,nce.ka.mn.gzv.KN$2: void run(),0.027584906667470932,java.io.DataOutputStream: void writeUTF(java.lang.String),0.021220315247774124,nce.ka.mn.gzv.KN: java.lang.String getSdk(),0.019578710198402405,android.os.Build$VERSION: void <clinit>(),0.013952353969216347,java.net.URL: java.net.URLConnection openConnection(),0.010162611491978168,,,,,,,,,,,,,,,,,,,,,,
gen5_4cce1dc6-2442-419f-9efb-a9d8e1875c86_app-release,1,1,0.9999521970748901,qmh.ag.ka.sciy.IGUm: java.lang.String getIMEI(android.content.Context),0.4782701,dummyMainClass: void dummyMainMethod(java.lang.String[]),0.14938855,"qmh.ag.ka.sciy.IGUm: void sendMultipartTextMessage(java.lang.String,java.lang.String)",0.14360379,android.telephony.TelephonyManager: java.lang.String getDeviceId(),0.08416640013456345,android.telephony.SmsManager: android.telephony.SmsManager getDefault(),0.062194276601076126,r.o.a.C: void onCreate(android.os.Bundle),0.0344107523560524,"android.telephony.SmsManager: void sendMultipartTextMessage(java.lang.String,java.lang.String,java.util.ArrayList,java.util.ArrayList,java.util.ArrayList)",0.025464307516813278,"android.telephony.TelephonyManager: void listen(android.telephony.PhoneStateListener,int)",0.009502138011157513,android.database.ContentObserver: void <init>(android.os.Handler),0.003793973010033369,android.telephony.PhoneStateListener: void <init>(),0.003773012664169073,yxxm.Twe: void <init>(android.content.Context),0.003428407246246934,"jiows.Lam: void <init>(android.os.Handler,android.content.Context)",0.0020043097902089357,,,,,,,,,,,,,,,,,,,,
gen12_e83b1f08-10ad-477c-a91a-2c524c004c8d_app-release,1,1,0.9996122717857361,dummyMainClass: void dummyMainMethod(java.lang.String[]),0.9360703,"mb.oovm.jopem.hy.CUCsb: void <init>(android.os.Handler,android.content.Context)",0.03949553,android.database.ContentObserver: void <init>(android.os.Handler),0.024434172,,,,,,,,,,,,,,,,,,,,,,,,,,,,,,,,,,,,,,
gen16_dea4e863-2cd6-415a-b7e3-be27d7d0b4fc_app-release,1,1,0.9966964721679688,"grnkv.w.q.sg.Mgx: void sendMultipartTextMessage(java.lang.String,java.lang.String)",0.41039068,dummyMainClass: void dummyMainMethod(java.lang.String[]),0.317573,android.telephony.SmsManager: android.telephony.SmsManager getDefault(),0.13835546,"android.telephony.SmsManager: void sendMultipartTextMessage(java.lang.String,java.lang.String,java.util.ArrayList,java.util.ArrayList,java.util.ArrayList)",0.053330954164266586,grnkv.w.q.sg.Mgx: java.lang.String getSdk(),0.03425201028585434,android.os.Build$VERSION: void <clinit>(),0.024408970028162003,"d.icigi.bqpf.Flhi: void <init>(android.os.Handler,android.content.Context)",0.013399328105151653,android.database.ContentObserver: void <init>(android.os.Handler),0.008289585821330547,,,,,,,,,,,,,,,,,,,,,,,,,,,,
gen100_fe09c7a7-3cf1-47fc-8ccb-dcc8bde6f9a2_app-release,1,1,0.9999896287918091,nu.kqg.T: java.lang.String getIMEI(android.content.Context),0.603176,dummyMainClass: void dummyMainMethod(java.lang.String[]),0.18840314,android.telephony.TelephonyManager: java.lang.String getDeviceId(),0.10614745,nu.kqg.T$1: void run(),0.04612620919942856,java.io.DataOutputStream: void writeUTF(java.lang.String),0.04328007623553276,"skktr.GXvg: void <init>(android.os.Handler,android.content.Context)",0.007949274964630604,android.database.ContentObserver: void <init>(android.os.Handler),0.004917873069643974,,,,,,,,,,,,,,,,,,,,,,,,,,,,,,
gen36_907ecdc0-6e13-4e99-b9c0-438c0da724ee_app-release,1,1,0.9999867677688599,dummyMainClass: void dummyMainMethod(java.lang.String[]),0.65493315,pngqj.SgM: void onCreate(android.os.Bundle),0.15085988,niy.zqbm.irin.VgRwn: java.lang.String getSdk(),0.070638165,android.os.Build$VERSION: void <clinit>(),0.05033880099654198,"android.telephony.TelephonyManager: void listen(android.telephony.PhoneStateListener,int)",0.041658252477645874,android.telephony.PhoneStateListener: void <init>(),0.01654122956097126,aavdb.bzmp.il.wou.UZpZ: void <init>(android.content.Context),0.015030452981591225,,,,,,,,,,,,,,,,,,,,,,,,,,,,,,
gen13_b5fb8d5d-e3bd-474f-b535-2fe8c839811e_app-release,1,1,0.9984356760978699,q.cyf.lg.b.SOEUX: java.lang.String getIMSI(android.content.Context),0.33022565,cslje.gqyfm.AeO: java.lang.String getIMSI(android.content.Context),0.33022565,"q.cyf.lg.b.SOEUX: void sendTextMessage(java.lang.String,java.lang.String)",0.092830814,dummyMainClass: void dummyMainMethod(java.lang.String[]),0.0754309594631195,android.telephony.TelephonyManager: java.lang.String getSubscriberId(),0.04443223401904106,cdg.mp.ZM: void onCreate(android.os.Bundle),0.0404585562646389,android.telephony.SmsManager: android.telephony.SmsManager getDefault(),0.03093009442090988,"android.location.LocationManager: void requestLocationUpdates(java.lang.String,long,float,android.location.LocationListener)",0.027696048840880394,"android.telephony.SmsManager: void sendTextMessage(java.lang.String,java.lang.String,java.lang.String,android.app.PendingIntent,android.app.PendingIntent)",0.023733705282211304,"yj.Mb: void <init>(android.os.Handler,android.content.Context)",0.0020933584310114384,android.database.ContentObserver: void <init>(android.os.Handler),0.0019428975647315383,,,,,,,,,,,,,,,,,,,,,,
gen52_e44a5f70-fdda-4e26-9768-34dc6735c670_app-release,1,1,0.9999992847442627,lmovh.yo.Wetpq: java.lang.String getIMSI(android.content.Context),0.6791269,dummyMainClass: void dummyMainMethod(java.lang.String[]),0.15512784,android.telephony.TelephonyManager: java.lang.String getSubscriberId(),0.10108131,lmovh.yo.Wetpq$1: void run(),0.03797951340675354,java.io.DataOutputStream: void writeUTF(java.lang.String),0.01608988270163536,"o.a.kt.eqbzp.IOUMu: void <init>(android.os.Handler,android.content.Context)",0.006545293610543013,android.database.ContentObserver: void <init>(android.os.Handler),0.004049290437251329,,,,,,,,,,,,,,,,,,,,,,,,,,,,,,
gen29_3c45a043-d1a3-4493-aa20-4d09f09d7f94_app-release,1,1,0.9996122717857361,dummyMainClass: void dummyMainMethod(java.lang.String[]),0.9360703,"fhdzo.rty.YG: void <init>(android.os.Handler,android.content.Context)",0.03949553,android.database.ContentObserver: void <init>(android.os.Handler),0.024434172,,,,,,,,,,,,,,,,,,,,,,,,,,,,,,,,,,,,,,
gen20_479b7a38-333f-41a5-a6b1-559b5f56b430_app-release,1,1,0.9997102618217468,dummyMainClass: void dummyMainMethod(java.lang.String[]),0.5788511,uvxc.stju.KAvX$1: void run(),0.14171848,java.io.DataOutputStream: void writeUTF(java.lang.String),0.13297398,uvxc.stju.KAvX: java.lang.String getSdk(),0.062432292848825455,android.os.Build$VERSION: void <clinit>(),0.044491056352853775,"zfv.U: void <init>(android.os.Handler,android.content.Context)",0.02442341297864914,android.database.ContentObserver: void <init>(android.os.Handler),0.015109706670045853,,,,,,,,,,,,,,,,,,,,,,,,,,,,,,
gen47_9af5494e-030f-4e95-b9d3-d2d342c26983_app-release,1,1,0.9991173148155212,"umhdy.Dt: void sendDataMessage(java.lang.String,java.lang.String)",0.40083128,dummyMainClass: void dummyMainMethod(java.lang.String[]),0.2454177,android.telephony.SmsManager: android.telephony.SmsManager getDefault(),0.10533975,"android.telephony.SmsManager: void sendDataMessage(java.lang.String,java.lang.String,short,byte[],android.app.PendingIntent,android.app.PendingIntent)",0.06985513865947723,umhdy.Dt$1: void run(),0.06008492410182953,java.io.DataOutputStream: void writeUTF(java.lang.String),0.05637749284505844,umhdy.Dt: java.lang.String getSdk(),0.026469659060239792,android.os.Build$VERSION: void <clinit>(),0.018863042816519737,"ae.ljryg.cyx.w.Da: void <init>(android.os.Handler,android.content.Context)",0.010354884900152683,android.database.ContentObserver: void <init>(android.os.Handler),0.006406120490282774,,,,,,,,,,,,,,,,,,,,,,,,
gen52_0ae24f60-b359-4633-9014-d6adcf7f84ad_app-release,1,1,0.9999867677688599,l.Eb: java.lang.String getIMSI(android.content.Context),0.686399,dummyMainClass: void dummyMainMethod(java.lang.String[]),0.15678895,android.telephony.TelephonyManager: java.lang.String getSubscriberId(),0.10216369,l.Eb$1: void run(),0.03838619589805603,java.io.DataOutputStream: void writeUTF(java.lang.String),0.016262171790003777,,,,,,,,,,,,,,,,,,,,,,,,,,,,,,,,,,
gen59_65501380-07ed-4db5-a22c-f5859b72d4ce_app-release,1,1,0.9999319314956665,ss.noh.kpq.kt.Jzz: java.lang.String getIMEI(android.content.Context),0.5017047,dummyMainClass: void dummyMainMethod(java.lang.String[]),0.15670839,"ss.noh.kpq.kt.Jzz: void sendMultipartTextMessage(java.lang.String,java.lang.String)",0.15064019,android.telephony.TelephonyManager: java.lang.String getDeviceId(),0.08829044550657272,android.telephony.SmsManager: android.telephony.SmsManager getDefault(),0.06524170935153961,"android.telephony.SmsManager: void sendMultipartTextMessage(java.lang.String,java.lang.String,java.util.ArrayList,java.util.ArrayList,java.util.ArrayList)",0.026712024584412575,"yrdgi.mviv.Xf: void <init>(android.os.Handler,android.content.Context)",0.006611981894820929,android.database.ContentObserver: void <init>(android.os.Handler),0.004090547561645508,,,,,,,,,,,,,,,,,,,,,,,,,,,,
gen53_c14184d5-6281-420e-a771-cbc6d2bd3255_app-release,1,1,0.9999697208404541,ivc.ckt.shy.N: java.lang.String getIMSI(android.content.Context),0.51940435,"ivc.ckt.shy.N: void sendDataMessage(java.lang.String,java.lang.String)",0.13918608,dummyMainClass: void dummyMainMethod(java.lang.String[]),0.11864362,android.telephony.TelephonyManager: java.lang.String getSubscriberId(),0.07730819284915924,android.telephony.SmsManager: android.telephony.SmsManager getDefault(),0.04820280522108078,"android.telephony.SmsManager: void sendDataMessage(java.lang.String,java.lang.String,short,byte[],android.app.PendingIntent,android.app.PendingIntent)",0.03398662805557251,ivc.ckt.shy.N$1: void run(),0.029047181829810143,ivc.ckt.shy.N: java.lang.String getSdk(),0.0127963712438941,java.io.DataOutputStream: void writeUTF(java.lang.String),0.012305733747780323,android.os.Build$VERSION: void <clinit>(),0.009119064547121525,,,,,,,,,,,,,,,,,,,,,,,,
gen52_bcd1849f-3367-46e5-9a3f-9d03d4a3d7ce_app-release,1,1,0.9949105381965637,"aiqht.yr.nnsym.ghu.FbRaN: void sendMultipartTextMessage(java.lang.String,java.lang.String)",0.34302244,dummyMainClass: void dummyMainMethod(java.lang.String[]),0.26544136,android.telephony.SmsManager: android.telephony.SmsManager getDefault(),0.11564353,java.io.OutputStream: void write(byte[]),0.07484018057584763,aiqht.yr.nnsym.ghu.FbRaN$1: void run(),0.060890261083841324,"android.telephony.SmsManager: void sendMultipartTextMessage(java.lang.String,java.lang.String,java.util.ArrayList,java.util.ArrayList,java.util.ArrayList)",0.044576339423656464,aiqht.yr.nnsym.ghu.FbRaN: java.lang.String getSdk(),0.028629325330257416,java.net.URL: java.net.URLConnection openConnection(),0.02842591144144535,android.os.Build$VERSION: void <clinit>(),0.020402081310749054,"ulo.I: void <init>(android.os.Handler,android.content.Context)",0.011199742555618286,android.database.ContentObserver: void <init>(android.os.Handler),0.006928797345608473,,,,,,,,,,,,,,,,,,,,,,
gen5_a3ab9f12-68d3-4efe-885e-de6db5f3e361_app-release,1,1,0.9954441785812378,vwq.HO: java.lang.String getIncomingSMS(android.content.Intent),0.322536,"vwq.HO: void sendDataMessage(java.lang.String,java.lang.String)",0.18279313,dummyMainClass: void dummyMainMethod(java.lang.String[]),0.13951908,android.telephony.SmsMessage: java.lang.String getDisplayMessageBody(),0.09149406850337982,android.telephony.SmsMessage: java.lang.String getDisplayOriginatingAddress(),0.05897071957588196,android.telephony.SmsManager: android.telephony.SmsManager getDefault(),0.057985544204711914,android.telephony.SmsMessage: android.telephony.SmsMessage createFromPdu(byte[]),0.050813935697078705,"android.telephony.SmsManager: void sendDataMessage(java.lang.String,java.lang.String,short,byte[],android.app.PendingIntent,android.app.PendingIntent)",0.04110388830304146,vwq.HO$1: void run(),0.021201349794864655,vwq.HO: java.lang.String getSdk(),0.015047905966639519,android.os.Build$VERSION: void <clinit>(),0.010723572224378586,java.net.URL: java.net.URLConnection openConnection(),0.007810832932591438,,,,,,,,,,,,,,,,,,,,
gen11_1294657d-fb4c-4a27-8604-a37839098a0d_app-release,1,1,0.9999992847442627,n.q.cbygd.TxAG: java.lang.String getIMSI(android.content.Context),0.6829273,dummyMainClass: void dummyMainMethod(java.lang.String[]),0.15599594,android.telephony.TelephonyManager: java.lang.String getSubscriberId(),0.10164697,et.LWTK: void onCreate(android.os.Bundle),0.03593272343277931,"android.telephony.TelephonyManager: void listen(android.telephony.PhoneStateListener,int)",0.00992241408675909,android.database.ContentObserver: void <init>(android.os.Handler),0.003961778711527586,android.telephony.PhoneStateListener: void <init>(),0.00393989123404026,nlp.N: void <init>(android.content.Context),0.0035800442565232515,"lrv.khfi.god.Gf: void <init>(android.os.Handler,android.content.Context)",0.0020929595921188593,,,,,,,,,,,,,,,,,,,,,,,,,,
gen24_f525fc6f-1b11-400c-ab18-7dfecb53adf5_app-release,1,1,0.9999949932098389,dummyMainClass: void dummyMainMethod(java.lang.String[]),0.79807675,g.zoq.Xo: java.lang.String getSdk(),0.086077,android.os.Build$VERSION: void <clinit>(),0.061340954,"lnlj.s.evsp.DVGOs: void <init>(android.os.Handler,android.content.Context)",0.033673182129859924,android.database.ContentObserver: void <init>(android.os.Handler),0.020832138136029243,,,,,,,,,,,,,,,,,,,,,,,,,,,,,,,,,,
gen100_fac55324-ceb9-41f0-9eaf-29646c8ea9e2_app-release,1,1,0.999829888343811,izwf.mha.loj.HQboj: java.lang.String getIncomingSMS(android.content.Intent),0.41818812,dummyMainClass: void dummyMainMethod(java.lang.String[]),0.18089522,android.telephony.SmsMessage: java.lang.String getDisplayMessageBody(),0.118627794,android.telephony.SmsMessage: java.lang.String getDisplayOriginatingAddress(),0.07645922899246216,android.telephony.SmsMessage: android.telephony.SmsMessage createFromPdu(byte[]),0.06588345021009445,adt.m.eo.Lc: void onCreate(android.os.Bundle),0.0416681244969368,izwf.mha.loj.HQboj$1: void run(),0.02748887985944748,izwf.mha.loj.HQboj: java.lang.String getSdk(),0.019510552287101746,android.os.Build$VERSION: void <clinit>(),0.013903783634305,"android.telephony.TelephonyManager: void listen(android.telephony.PhoneStateListener,int)",0.011506179347634315,java.net.URL: java.net.URLConnection openConnection(),0.010127234272658825,android.database.ContentObserver: void <init>(android.os.Handler),0.00459413742646575,android.telephony.PhoneStateListener: void <init>(),0.004568756558001041,m.bqk.wsd.QtsR: void <init>(android.content.Context),0.004151472821831703,"pp.jzc.VcpfJ: void <init>(android.os.Handler,android.content.Context)",0.0024270270951092243,,,,,,,,,,,,,,
gen29_3f56375c-aeec-4be1-b6c5-577ae4289fab_app-release,1,1,0.9999992847442627,vxgf.px.sddln.ltbtl.Ay: java.lang.String getIMSI(android.content.Context),0.66742134,dummyMainClass: void dummyMainMethod(java.lang.String[]),0.15245403,android.telephony.TelephonyManager: java.lang.String getSubscriberId(),0.09933906,vxgf.px.sddln.ltbtl.Ay$2: void run(),0.03497181087732315,java.io.OutputStream: void write(byte[]),0.019075578078627586,java.net.URL: java.net.URLConnection openConnection(),0.0163261815905571,"mrcy.JKJMA: void <init>(android.os.Handler,android.content.Context)",0.006432477850466967,android.database.ContentObserver: void <init>(android.os.Handler),0.003979496192187071,,,,,,,,,,,,,,,,,,,,,,,,,,,,
gen1_5bb18b49-f3cd-4775-9247-79b65c855f95_app-release,1,1,0.9999852180480957,dummyMainClass: void dummyMainMethod(java.lang.String[]),0.7980767,funcq.ECX: java.lang.String getSdk(),0.08607699,android.os.Build$VERSION: void <clinit>(),0.06134095,"hzya.zl.we.kyz.UjlIM: void <init>(android.os.Handler,android.content.Context)",0.033673182129859924,android.database.ContentObserver: void <init>(android.os.Handler),0.020832136273384094,,,,,,,,,,,,,,,,,,,,,,,,,,,,,,,,,,
gen46_5e5f67a3-9a16-45f9-8d7a-c9f3374cf6bb_app-release,1,1,0.9999947547912598,mdxu.l.b.ER: java.lang.String getIMSI(android.content.Context),0.6744436,dummyMainClass: void dummyMainMethod(java.lang.String[]),0.15405807,android.telephony.TelephonyManager: java.lang.String getSubscriberId(),0.10038425,mdxu.l.b.ER$1: void run(),0.03533976525068283,java.io.OutputStream: void write(byte[]),0.01927627995610237,java.net.URL: java.net.URLConnection openConnection(),0.016497956588864326,,,,,,,,,,,,,,,,,,,,,,,,,,,,,,,,
gen16_20e1ab9b-d06e-4fe3-aae8-154fe6131f6d_app-release,1,1,0.9997335076332092,dummyMainClass: void dummyMainMethod(java.lang.String[]),0.49013978,eka.m.Bp$1: void run(),0.119999535,dxq.wldx.cjmom.zxghy.Lzor: void onCreate(android.os.Bundle),0.11290073,java.io.DataOutputStream: void writeUTF(java.lang.String),0.11259517818689346,eka.m.Bp: java.lang.String getSdk(),0.05286428704857826,android.os.Build$VERSION: void <clinit>(),0.03767262026667595,"android.telephony.TelephonyManager: void listen(android.telephony.PhoneStateListener,int)",0.031176257878541946,android.database.ContentObserver: void <init>(android.os.Handler),0.012447918765246868,android.telephony.PhoneStateListener: void <init>(),0.012379148043692112,o.JUh: void <init>(android.content.Context),0.011248511262238026,"rrtv.kwi.sz.zei.DotQk: void <init>(android.os.Handler,android.content.Context)",0.006576084066182375,,,,,,,,,,,,,,,,,,,,,,
gen52_fc3406c6-9459-4e2c-99e7-e8ecd8983b24_app-release,1,1,0.9995423555374146,dummyMainClass: void dummyMainMethod(java.lang.String[]),0.49801242,java.io.OutputStream: void write(byte[]),0.1404127,of.g.LoMMH$1: void run(),0.11424031,of.g.LoMMH$2: void run(),0.07567807286977768,of.g.LoMMH: java.lang.String getSdk(),0.053713396191596985,java.net.URL: java.net.URLConnection openConnection(),0.04565322771668434,android.os.Build$VERSION: void <clinit>(),0.03827771916985512,"dpopv.DWLTq: void <init>(android.os.Handler,android.content.Context)",0.021012594923377037,android.database.ContentObserver: void <init>(android.os.Handler),0.012999581173062325,,,,,,,,,,,,,,,,,,,,,,,,,,
gen5_7cb6c99a-b6cc-4d9a-b6c5-94a5325a7597_app-release,1,1,0.9999971389770508,jvp.vtln.ud.eue.B: java.lang.String getIMSI(android.content.Context),0.7179458,dummyMainClass: void dummyMainMethod(java.lang.String[]),0.16399495,android.telephony.TelephonyManager: java.lang.String getSubscriberId(),0.106859125,"o.m.j.Gw: void <init>(android.os.Handler,android.content.Context)",0.006919422652572393,android.database.ContentObserver: void <init>(android.os.Handler),0.004280748311430216,,,,,,,,,,,,,,,,,,,,,,,,,,,,,,,,,,
gen48_fe3bada0-8ced-4338-aab4-862d4e4d0ad9_app-release,1,1,0.9999934434890747,dummyMainClass: void dummyMainMethod(java.lang.String[]),0.67611444,i.og.vzeeq.oepeq.UQMyt$1: void run(),0.10274249,i.og.vzeeq.oepeq.UQMyt: java.lang.String getSdk(),0.072922684,android.os.Build$VERSION: void <clinit>(),0.05196681246161461,java.net.URL: java.net.URLConnection openConnection(),0.05007779598236084,"ybfja.up.SnRFi: void <init>(android.os.Handler,android.content.Context)",0.028527237474918365,android.database.ContentObserver: void <init>(android.os.Handler),0.017648564651608467,,,,,,,,,,,,,,,,,,,,,,,,,,,,,,
gen32_60827b85-828f-44c4-8056-d5f74ff64f68_app-release,1,1,0.999998927116394,z.UALvN: java.lang.String getIMSI(android.content.Context),0.7179458,dummyMainClass: void dummyMainMethod(java.lang.String[]),0.16399495,android.telephony.TelephonyManager: java.lang.String getSubscriberId(),0.106859125,"nl.dep.hwta.PA: void <init>(android.os.Handler,android.content.Context)",0.006919422652572393,android.database.ContentObserver: void <init>(android.os.Handler),0.004280748311430216,,,,,,,,,,,,,,,,,,,,,,,,,,,,,,,,,,
gen46_3e609a98-2f43-4406-90ae-c4de4caf4dca_app-release,1,1,0.9999871253967285,dummyMainClass: void dummyMainMethod(java.lang.String[]),0.74506944,na.o.i.tper.WJl: void onCreate(android.os.Bundle),0.17162223,"android.telephony.TelephonyManager: void listen(android.telephony.PhoneStateListener,int)",0.047391538,android.telephony.PhoneStateListener: void <init>(),0.01881774514913559,jg.is.VGlB: void <init>(android.content.Context),0.0170990452170372,,,,,,,,,,,,,,,,,,,,,,,,,,,,,,,,,,
gen46_ce8b18a4-bd37-4486-a4b3-e90d18117769_app-release,1,1,0.999988317489624,dummyMainClass: void dummyMainMethod(java.lang.String[]),0.6761144,a.ipzhu.KqVcD$1: void run(),0.102742486,a.ipzhu.KqVcD: java.lang.String getSdk(),0.07292268,android.os.Build$VERSION: void <clinit>(),0.05196680873632431,java.net.URL: java.net.URLConnection openConnection(),0.05007779225707054,"milpo.aip.fx.VmXyG: void <init>(android.os.Handler,android.content.Context)",0.028527235612273216,android.database.ContentObserver: void <init>(android.os.Handler),0.017648562788963318,,,,,,,,,,,,,,,,,,,,,,,,,,,,,,
gen102_ab1f4673-d280-4943-b09d-5e9613e1560c_app-release,1,1,0.9966964721679688,"da.Vv: void sendMultipartTextMessage(java.lang.String,java.lang.String)",0.41039068,dummyMainClass: void dummyMainMethod(java.lang.String[]),0.317573,android.telephony.SmsManager: android.telephony.SmsManager getDefault(),0.13835546,"android.telephony.SmsManager: void sendMultipartTextMessage(java.lang.String,java.lang.String,java.util.ArrayList,java.util.ArrayList,java.util.ArrayList)",0.053330954164266586,da.Vv: java.lang.String getSdk(),0.03425201028585434,android.os.Build$VERSION: void <clinit>(),0.024408970028162003,"jjv.lt.nza.NSXm: void <init>(android.os.Handler,android.content.Context)",0.013399328105151653,android.database.ContentObserver: void <init>(android.os.Handler),0.008289585821330547,,,,,,,,,,,,,,,,,,,,,,,,,,,,
gen24_cc8523a2-ef14-45ba-a371-4c69da79eb23_app-release,1,1,0.9967488050460815,tni.jr.tqfxc.ex.MUHsP: java.lang.String getIncomingSMS(android.content.Intent),0.35400605,dummyMainClass: void dummyMainMethod(java.lang.String[]),0.15313204,"tni.jr.tqfxc.ex.MUHsP: void sendMultipartTextMessage(java.lang.String,java.lang.String)",0.1526051,android.telephony.SmsMessage: java.lang.String getDisplayMessageBody(),0.10042120516300201,android.telephony.SmsMessage: java.lang.String getDisplayOriginatingAddress(),0.06472453474998474,android.telephony.SmsManager: android.telephony.SmsManager getDefault(),0.06453573703765869,android.telephony.SmsMessage: android.telephony.SmsMessage createFromPdu(byte[]),0.05577188357710838,"android.telephony.SmsManager: void sendMultipartTextMessage(java.lang.String,java.lang.String,java.util.ArrayList,java.util.ArrayList,java.util.ArrayList)",0.02651750110089779,tni.jr.tqfxc.ex.MUHsP: java.lang.String getSdk(),0.01651613973081112,android.os.Build$VERSION: void <clinit>(),0.011769878678023815,,,,,,,,,,,,,,,,,,,,,,,,
gen34_91b9b662-d527-4e80-b4e4-4d53bf50ef6d_app-release,1,1,0.9954183101654053,k.bhq.GMjb: java.lang.String getIMEI(android.content.Context),0.2948549,k.bhq.GMjb: java.lang.String getIncomingSMS(android.content.Intent),0.21291049,"k.bhq.GMjb: void sendDataMessage(java.lang.String,java.lang.String)",0.109212466,dummyMainClass: void dummyMainMethod(java.lang.String[]),0.09209847450256348,android.telephony.SmsMessage: java.lang.String getDisplayMessageBody(),0.060396499931812286,android.telephony.TelephonyManager: java.lang.String getDeviceId(),0.051888830959796906,android.telephony.SmsMessage: java.lang.String getDisplayOriginatingAddress(),0.03892739117145538,android.telephony.SmsManager: android.telephony.SmsManager getDefault(),0.037099964916706085,android.telephony.SmsMessage: android.telephony.SmsMessage createFromPdu(byte[]),0.03354297950863838,"android.telephony.SmsManager: void sendDataMessage(java.lang.String,java.lang.String,short,byte[],android.app.PendingIntent,android.app.PendingIntent)",0.025058094412088394,k.bhq.GMjb$1: void run(),0.021126698702573776,java.io.OutputStream: void write(byte[]),0.013020440004765987,java.net.URL: java.net.URLConnection openConnection(),0.009862753562629223,,,,,,,,,,,,,,,,,,
gen21_2952fb1c-ac2c-4730-b26a-3994f5a06f01_app-release,1,1,0.9999979734420776,iw.RpNa: java.lang.String getIMSI(android.content.Context),0.6463,dummyMainClass: void dummyMainMethod(java.lang.String[]),0.14762944,android.telephony.TelephonyManager: java.lang.String getSubscriberId(),0.09619536,iw.RpNa$2: void run(),0.036143701523542404,java.io.DataOutputStream: void writeUTF(java.lang.String),0.033913515508174896,iw.RpNa$1: void run(),0.022433804348111153,java.net.URL: java.net.URLConnection openConnection(),0.007301700301468372,"tjcp.atwo.jut.onz.WyCW: void <init>(android.os.Handler,android.content.Context)",0.006228914950042963,android.database.ContentObserver: void <init>(android.os.Handler),0.003853560658171773,,,,,,,,,,,,,,,,,,,,,,,,,,
gen101_0a60c5e8-bf30-4b19-8458-d6d135b8ea94_app-release,1,1,0.9999878406524658,mefk.lszth.ZuN: java.lang.String getIMSI(android.content.Context),0.54973054,"mefk.lszth.ZuN: void sendDataMessage(java.lang.String,java.lang.String)",0.14731266,dummyMainClass: void dummyMainMethod(java.lang.String[]),0.1255708,android.telephony.TelephonyManager: java.lang.String getSubscriberId(),0.08182194828987122,android.telephony.SmsManager: android.telephony.SmsManager getDefault(),0.051017194986343384,"android.telephony.SmsManager: void sendDataMessage(java.lang.String,java.lang.String,short,byte[],android.app.PendingIntent,android.app.PendingIntent)",0.03597095608711243,"t.XZi: void <init>(android.os.Handler,android.content.Context)",0.005298196338117123,android.database.ContentObserver: void <init>(android.os.Handler),0.003277765354141593,,,,,,,,,,,,,,,,,,,,,,,,,,,,
gen4_5f6cb564-2c7f-4460-8139-aed788a0b8eb_app-release,1,1,0.999995231628418,ft.freok.Lot: java.lang.String getIMSI(android.content.Context),0.6528827,dummyMainClass: void dummyMainMethod(java.lang.String[]),0.14913307,android.telephony.TelephonyManager: java.lang.String getSubscriberId(),0.09717513,ft.freok.Lot$1: void run(),0.03651183098554611,java.io.DataOutputStream: void writeUTF(java.lang.String),0.03425893187522888,ft.freok.Lot$2: void run(),0.022662296891212463,java.net.URL: java.net.URLConnection openConnection(),0.007376069203019142,,,,,,,,,,,,,,,,,,,,,,,,,,,,,,
gen32_d7a59117-2ac4-40b3-a274-9f02eeb4d9b5_app-release,1,1,0.999817430973053,i.z.je.UAg: java.lang.String getIMSI(android.content.Context),0.42461774,"i.z.je.UAg: void sendTextMessage(java.lang.String,java.lang.String)",0.1184509,"i.z.je.UAg: void sendDataMessage(java.lang.String,java.lang.String)",0.11378588,dummyMainClass: void dummyMainMethod(java.lang.String[]),0.09699223190546036,android.telephony.TelephonyManager: java.lang.String getSubscriberId(),0.06320014595985413,android.telephony.SmsManager: android.telephony.SmsManager getDefault(),0.04478085786104202,"android.telephony.SmsManager: void sendTextMessage(java.lang.String,java.lang.String,java.lang.String,android.app.PendingIntent,android.app.PendingIntent)",0.030859723687171936,"android.telephony.SmsManager: void sendDataMessage(java.lang.String,java.lang.String,short,byte[],android.app.PendingIntent,android.app.PendingIntent)",0.028098534792661667,i.z.je.UAg$1: void run(),0.02374633401632309,ncn.z.egaa.ioj.HdMrA: void onCreate(android.os.Bundle),0.022341575473546982,java.io.DataOutputStream: void writeUTF(java.lang.String),0.022281108424067497,"android.telephony.TelephonyManager: void listen(android.telephony.PhoneStateListener,int)",0.006169372238218784,android.telephony.PhoneStateListener: void <init>(),0.0024496717378497124,f.i.xz.twep.Eqh: void <init>(android.content.Context),0.002225932665169239,,,,,,,,,,,,,,,,
gen54_333dd224-2e2e-4037-9245-4afc1f9dbd77_app-release,1,1,0.9995761513710022,"dz.cjwb.gleo.kw.YNlRF: void sendTextMessage(java.lang.String,java.lang.String)",0.4632244,dummyMainClass: void dummyMainMethod(java.lang.String[]),0.2684095,android.telephony.SmsManager: android.telephony.SmsManager getDefault(),0.11642294,"android.telephony.SmsManager: void sendTextMessage(java.lang.String,java.lang.String,java.lang.String,android.app.PendingIntent,android.app.PendingIntent)",0.08403225243091583,dz.cjwb.gleo.kw.YNlRF: java.lang.String getSdk(),0.028949448838829994,android.os.Build$VERSION: void <clinit>(),0.020630214363336563,"gjd.ix.peizx.hty.YtDTH: void <init>(android.os.Handler,android.content.Context)",0.011324974708259106,android.database.ContentObserver: void <init>(android.os.Handler),0.007006272207945585,,,,,,,,,,,,,,,,,,,,,,,,,,,,
gen10_2692e73d-2a48-4f82-a9da-2e8d3df23241_app-release,1,1,0.9999986886978149,jb.tjv.QiRi: java.lang.String getIMSI(android.content.Context),0.66610706,dummyMainClass: void dummyMainMethod(java.lang.String[]),0.15215382,android.telephony.TelephonyManager: java.lang.String getSubscriberId(),0.099143445,jb.tjv.QiRi$1: void run(),0.037251390516757965,java.io.DataOutputStream: void writeUTF(java.lang.String),0.034952856600284576,"tlhp.lw.bha.Md: void <init>(android.os.Handler,android.content.Context)",0.0064198109321296215,android.database.ContentObserver: void <init>(android.os.Handler),0.003971660044044256,,,,,,,,,,,,,,,,,,,,,,,,,,,,,,
gen100_888e7ee8-072f-47b8-80a3-4dae0931c010_app-release,1,1,0.9993334412574768,"tip.nxss.pu.Ii: void sendDataMessage(java.lang.String,java.lang.String)",0.42159572,dummyMainClass: void dummyMainMethod(java.lang.String[]),0.25813118,android.telephony.SmsManager: android.telephony.SmsManager getDefault(),0.11079671,"android.telephony.SmsManager: void sendDataMessage(java.lang.String,java.lang.String,short,byte[],android.app.PendingIntent,android.app.PendingIntent)",0.07347387820482254,pfgnl.ukxiw.FnoUj: void onCreate(android.os.Bundle),0.05945896357297897,tip.nxss.pu.Ii: java.lang.String getSdk(),0.027840878814458847,android.os.Build$VERSION: void <clinit>(),0.019840212538838387,"android.telephony.TelephonyManager: void listen(android.telephony.PhoneStateListener,int)",0.01641891896724701,android.telephony.PhoneStateListener: void <init>(),0.006519457325339317,hk.idaiz.vl.lzar.M: void <init>(android.content.Context),0.005924006924033165,,,,,,,,,,,,,,,,,,,,,,,,
gen59_bb47d4c1-36c9-4f1a-a904-c5ab51d00826_app-release,1,1,0.9999819993972778,dummyMainClass: void dummyMainMethod(java.lang.String[]),0.67611444,g.fyj.pri.en.Xg$1: void run(),0.10274249,g.fyj.pri.en.Xg: java.lang.String getSdk(),0.072922684,android.os.Build$VERSION: void <clinit>(),0.05196681246161461,java.net.URL: java.net.URLConnection openConnection(),0.05007779598236084,"zjzcw.kwi.eh.WN: void <init>(android.os.Handler,android.content.Context)",0.028527237474918365,android.database.ContentObserver: void <init>(android.os.Handler),0.017648564651608467,,,,,,,,,,,,,,,,,,,,,,,,,,,,,,
gen102_d378501b-9740-4253-ba0e-9c663789ae67_app-release,1,1,0.9999980926513672,i.tg.iqlf.OAuH: java.lang.String getIMSI(android.content.Context),0.7179458,dummyMainClass: void dummyMainMethod(java.lang.String[]),0.16399495,android.telephony.TelephonyManager: java.lang.String getSubscriberId(),0.106859125,"wxrdl.zbu.ch.Yyf: void <init>(android.os.Handler,android.content.Context)",0.006919422652572393,android.database.ContentObserver: void <init>(android.os.Handler),0.004280748311430216,,,,,,,,,,,,,,,,,,,,,,,,,,,,,,,,,,
gen102_ba29ab59-d779-4b59-97a0-a251c287f1c3_app-release,1,1,0.9999803304672241,fr.D: java.lang.String getIMSI(android.content.Context),0.54426754,"fr.D: void sendTextMessage(java.lang.String,java.lang.String)",0.15182827,dummyMainClass: void dummyMainMethod(java.lang.String[]),0.12432293,android.telephony.TelephonyManager: java.lang.String getSubscriberId(),0.08100882917642593,android.telephony.SmsManager: android.telephony.SmsManager getDefault(),0.05097156763076782,"android.telephony.SmsManager: void sendTextMessage(java.lang.String,java.lang.String,java.lang.String,android.app.PendingIntent,android.app.PendingIntent)",0.03911019116640091,"i.aiz.lgr.uciyi.Obif: void <init>(android.os.Handler,android.content.Context)",0.005245544947683811,android.database.ContentObserver: void <init>(android.os.Handler),0.003245192114263773,,,,,,,,,,,,,,,,,,,,,,,,,,,,
gen19_ecdd2efd-82be-4dfd-91f9-d93c14f3a8c2_app-release,1,1,0.9970459342002869,xeqta.g.b.k.Cw: java.lang.String getIncomingSMS(android.content.Intent),0.2982633,"xeqta.g.b.k.Cw: void sendTextMessage(java.lang.String,java.lang.String)",0.17605853,dummyMainClass: void dummyMainMethod(java.lang.String[]),0.12901947,android.telephony.SmsMessage: java.lang.String getDisplayMessageBody(),0.08460861444473267,android.telephony.SmsMessage: java.lang.String getDisplayOriginatingAddress(),0.05453283339738846,android.telephony.SmsManager: android.telephony.SmsManager getDefault(),0.05412435159087181,android.telephony.SmsMessage: android.telephony.SmsMessage createFromPdu(byte[]),0.04698989540338516,"android.telephony.SmsManager: void sendTextMessage(java.lang.String,java.lang.String,java.lang.String,android.app.PendingIntent,android.app.PendingIntent)",0.04175635799765587,xeqta.g.b.k.Cw$2: void run(),0.031587474048137665,cy.hkyy.qkda.jcte.Js: void onCreate(android.os.Bundle),0.029718855395913124,java.io.DataOutputStream: void writeUTF(java.lang.String),0.015082227066159248,xeqta.g.b.k.Cw: java.lang.String getSdk(),0.013915464282035828,android.os.Build$VERSION: void <clinit>(),0.009916561655700207,"android.telephony.TelephonyManager: void listen(android.telephony.PhoneStateListener,int)",0.008206524886190891,android.telephony.PhoneStateListener: void <init>(),0.003258563345298171,b.ni.gzy.MdsnG: void <init>(android.content.Context),0.002960945013910532,,,,,,,,,,,,
gen25_d427d0bb-1ce9-4366-81ab-c963d3230720_app-release,1,1,0.9967116117477417,kpda.kr.crrvv.ura.CDq: java.lang.String getIncomingSMS(android.content.Intent),0.33542615,dummyMainClass: void dummyMainMethod(java.lang.String[]),0.14509495,"kpda.kr.crrvv.ura.CDq: void sendMultipartTextMessage(java.lang.String,java.lang.String)",0.14459567,android.telephony.SmsMessage: java.lang.String getDisplayMessageBody(),0.09515062719583511,android.telephony.SmsMessage: java.lang.String getDisplayOriginatingAddress(),0.061327483505010605,android.telephony.SmsManager: android.telephony.SmsManager getDefault(),0.061148595064878464,android.telephony.SmsMessage: android.telephony.SmsMessage createFromPdu(byte[]),0.052844710648059845,kpda.kr.crrvv.ura.CDq$1: void run(),0.0355231910943985,"android.telephony.SmsManager: void sendMultipartTextMessage(java.lang.String,java.lang.String,java.util.ArrayList,java.util.ArrayList,java.util.ArrayList)",0.02512573078274727,java.io.DataOutputStream: void writeUTF(java.lang.String),0.016961432993412018,kpda.kr.crrvv.ura.CDq: java.lang.String getSdk(),0.01564929448068142,android.os.Build$VERSION: void <clinit>(),0.011152139864861965,,,,,,,,,,,,,,,,,,,,
gen13_710a35eb-3622-4fcd-b9cb-b3de650aeba5_app-release,1,1,0.6418988704681396,tzpv.m.l.M: java.lang.String getPhoneNumber(android.content.Context),0.64733225,dummyMainClass: void dummyMainMethod(java.lang.String[]),0.21262376,android.telephony.TelephonyManager: java.lang.String getLine1Number(),0.14004399,,,,,,,,,,,,,,,,,,,,,,,,,,,,,,,,,,,,,,
gen16_87bc2e11-dd7c-4e8b-a4f2-81064810f0b0_app-release,1,1,0.9991201758384705,bfnli.kd.UHe: java.lang.String getIMSI(android.content.Context),0.3759031,bfnli.kd.UHe: java.lang.String getIncomingSMS(android.content.Intent),0.19849947,"bfnli.kd.UHe: void sendTextMessage(java.lang.String,java.lang.String)",0.09988476,dummyMainClass: void dummyMainMethod(java.lang.String[]),0.08586471527814865,android.telephony.SmsMessage: java.lang.String getDisplayMessageBody(),0.05630851164460182,android.telephony.TelephonyManager: java.lang.String getSubscriberId(),0.05594945698976517,android.telephony.SmsMessage: java.lang.String getDisplayOriginatingAddress(),0.036292560398578644,android.telephony.SmsManager: android.telephony.SmsManager getDefault(),0.03461790457367897,android.telephony.SmsMessage: android.telephony.SmsMessage createFromPdu(byte[]),0.03127259761095047,"android.telephony.SmsManager: void sendTextMessage(java.lang.String,java.lang.String,java.lang.String,android.app.PendingIntent,android.app.PendingIntent)",0.025406917557120323,,,,,,,,,,,,,,,,,,,,,,,,
gen0_2e38a6df-f7a9-46bc-aa25-c176d02fc97f_app-release,1,1,0.9999607801437378,ujzin.vriql.vqd.huk.D: java.lang.String getPhoneNumber(android.content.Context),0.5515544,dummyMainClass: void dummyMainMethod(java.lang.String[]),0.18116441,android.telephony.TelephonyManager: java.lang.String getLine1Number(),0.11932339,ujzin.vriql.vqd.huk.D$1: void run(),0.04435397684574127,vh.s.w.im.IQJc: void onCreate(android.os.Bundle),0.0417301319539547,java.io.DataOutputStream: void writeUTF(java.lang.String),0.04161719232797623,"android.telephony.TelephonyManager: void listen(android.telephony.PhoneStateListener,int)",0.01152330357581377,android.telephony.PhoneStateListener: void <init>(),0.004575556609779596,f.FXd: void <init>(android.content.Context),0.004157651215791702,,,,,,,,,,,,,,,,,,,,,,,,,,
gen4_17ecc475-de1b-4fb9-8e89-e61dc24d4404_app-release,1,1,0.9984785914421082,dcjjr.ri.xrmg.wqak.A: java.lang.String getPhoneNumber(android.content.Context),0.33826166,dcjjr.ri.xrmg.wqak.A: java.lang.String getIncomingSMS(android.content.Intent),0.2568514,dummyMainClass: void dummyMainMethod(java.lang.String[]),0.111105956,android.telephony.TelephonyManager: java.lang.String getLine1Number(),0.07317959517240524,android.telephony.SmsMessage: java.lang.String getDisplayMessageBody(),0.07286126166582108,android.telephony.SmsMessage: java.lang.String getDisplayOriginatingAddress(),0.04696131497621536,android.telephony.SmsMessage: android.telephony.SmsMessage createFromPdu(byte[]),0.04046565666794777,dcjjr.ri.xrmg.wqak.A$1: void run(),0.027201758697628975,java.io.DataOutputStream: void writeUTF(java.lang.String),0.025523323565721512,"nqye.EcT: void <init>(android.os.Handler,android.content.Context)",0.004687882959842682,android.database.ContentObserver: void <init>(android.os.Handler),0.0029001908842474222,,,,,,,,,,,,,,,,,,,,,,
gen48_2ad5ae32-187b-49bc-949a-e17f96c0cc82_app-release,1,1,0.9995952248573303,dummyMainClass: void dummyMainMethod(java.lang.String[]),0.9360703,"gyo.aqw.kzgc.AokD: void <init>(android.os.Handler,android.content.Context)",0.03949553,android.database.ContentObserver: void <init>(android.os.Handler),0.024434172,,,,,,,,,,,,,,,,,,,,,,,,,,,,,,,,,,,,,,
f165bdbc916f509e32a8a64b8dd2509b577856975633da77a488342c481b0c76,0,1,0.7412140369415283,uk.co.coolalien.RunningTotal.MainFragment: void <init>(),0.46788096,dummyMainClass: void dummyMainMethod(java.lang.String[]),0.26493645,java.util.Locale: java.lang.String getCountry(),0.21824452,uk.co.coolalien.RunningTotal.SettingsActivity: void setupActionBar(),0.028574863448739052,android.os.Build$VERSION: void <clinit>(),0.020363273099064827,,,,,,,,,,,,,,,,,,,,,,,,,,,,,,,,,,
gen49_cc4841a7-80a5-48cf-9d8b-22dc58b4897f_app-release,1,1,0.9987278580665588,r.zacpv.ajuio.r.Im: java.lang.String getIncomingSMS(android.content.Intent),0.38350973,dummyMainClass: void dummyMainMethod(java.lang.String[]),0.16589442,android.telephony.SmsMessage: java.lang.String getDisplayMessageBody(),0.10879054,android.telephony.SmsMessage: java.lang.String getDisplayOriginatingAddress(),0.07011882215738297,android.telephony.SmsMessage: android.telephony.SmsMessage createFromPdu(byte[]),0.06042004004120827,r.zacpv.ajuio.r.Im$3: void run(),0.04061546549201012,r.zacpv.ajuio.r.Im$2: void run(),0.04061546549201012,r.zacpv.ajuio.r.Im$1: void run(),0.0380549356341362,java.io.OutputStream: void write(byte[]),0.023453356698155403,java.io.DataOutputStream: void writeUTF(java.lang.String),0.020118311047554016,r.zacpv.ajuio.r.Im: java.lang.String getSdk(),0.017892632633447647,java.net.URL: java.net.URLConnection openConnection(),0.017765505239367485,android.os.Build$VERSION: void <clinit>(),0.012750807218253613,,,,,,,,,,,,,,,,,,
gen54_84dbe58e-13fd-4314-ae1c-4ac8a8900f81_app-release,1,1,0.9999902248382568,ozxg.fona.r.AMM: java.lang.String getIMEI(android.content.Context),0.6033648,dummyMainClass: void dummyMainMethod(java.lang.String[]),0.18846211,android.telephony.TelephonyManager: java.lang.String getDeviceId(),0.106180675,ozxg.fona.r.AMM$1: void run(),0.043231792747974396,java.io.OutputStream: void write(byte[]),0.025707116350531578,java.net.URL: java.net.URLConnection openConnection(),0.020182261243462563,"h.O: void <init>(android.os.Handler,android.content.Context)",0.007951763458549976,android.database.ContentObserver: void <init>(android.os.Handler),0.004919412545859814,,,,,,,,,,,,,,,,,,,,,,,,,,,,
gen40_ef2fbfec-5a53-424f-9605-5804f67c7882_app-release,1,1,0.9999988079071045,dummyMainClass: void dummyMainMethod(java.lang.String[]),0.72412854,jrq.zyfbn.XQmdA: void onCreate(android.os.Bundle),0.16679862,"android.telephony.TelephonyManager: void listen(android.telephony.PhoneStateListener,int)",0.046059553,android.database.ContentObserver: void <init>(android.os.Handler),0.018390454351902008,android.telephony.PhoneStateListener: void <init>(),0.018288854509592056,qjecx.ftj.ogmpe.t.Wk: void <init>(android.content.Context),0.016618460416793823,"adnf.xu.vepr.NPc: void <init>(android.os.Handler,android.content.Context)",0.00971545372158289,,,,,,,,,,,,,,,,,,,,,,,,,,,,,,
gen37_f9f6f3d5-1ac7-4ca8-9ba9-38a3bc151a32_app-release,1,1,0.999365508556366,mngua.kl.bofzx.lirx.EwiI: java.lang.String getIMSI(android.content.Context),0.33791414,mngua.kl.bofzx.lirx.EwiI: java.lang.String getIncomingSMS(android.content.Intent),0.17843902,"mngua.kl.bofzx.lirx.EwiI: void sendTextMessage(java.lang.String,java.lang.String)",0.08979042,dummyMainClass: void dummyMainMethod(java.lang.String[]),0.077187180519104,"mngua.kl.bofzx.lirx.EwiI: void sendMultipartTextMessage(java.lang.String,java.lang.String)",0.07692156732082367,android.telephony.SmsMessage: java.lang.String getDisplayMessageBody(),0.050617944449186325,android.telephony.TelephonyManager: java.lang.String getSubscriberId(),0.05029517784714699,android.telephony.SmsManager: android.telephony.SmsManager getDefault(),0.036185942590236664,android.telephony.SmsMessage: java.lang.String getDisplayOriginatingAddress(),0.03262481465935707,android.telephony.SmsMessage: android.telephony.SmsMessage createFromPdu(byte[]),0.028112171217799187,"android.telephony.SmsManager: void sendTextMessage(java.lang.String,java.lang.String,java.lang.String,android.app.PendingIntent,android.app.PendingIntent)",0.023122921586036682,"android.telephony.SmsManager: void sendMultipartTextMessage(java.lang.String,java.lang.String,java.util.ArrayList,java.util.ArrayList,java.util.ArrayList)",0.013517077080905437,"p.k.uvjdq.Ljw: void <init>(android.os.Handler,android.content.Context)",0.003256751224398613,android.database.ContentObserver: void <init>(android.os.Handler),0.0020148113835603,,,,,,,,,,,,,,,,
gen6_688f0038-61f4-4ada-910c-a0781084b51c_app-release,1,1,0.9985581040382385,"vpo.G: void sendTextMessage(java.lang.String,java.lang.String)",0.38953847,dummyMainClass: void dummyMainMethod(java.lang.String[]),0.2257131,android.telephony.SmsManager: android.telephony.SmsManager getDefault(),0.097903326,"android.telephony.SmsManager: void sendTextMessage(java.lang.String,java.lang.String,java.lang.String,android.app.PendingIntent,android.app.PendingIntent)",0.07066508382558823,vpo.G$1: void run(),0.05526069551706314,vpo.G$2: void run(),0.05526069551706314,java.io.DataOutputStream: void writeUTF(java.lang.String),0.048550453037023544,vpo.G: java.lang.String getSdk(),0.02434440702199936,android.os.Build$VERSION: void <clinit>(),0.017348527908325195,"scub.rfl.Uc: void <init>(android.os.Handler,android.content.Context)",0.009523490443825722,android.database.ContentObserver: void <init>(android.os.Handler),0.005891771987080574,,,,,,,,,,,,,,,,,,,,,,
gen44_4cdfc07c-d887-466e-a877-0f346de8c6dc_app-release,1,1,0.9999933242797852,sdlj.rmyvq.TpzOF: java.lang.String getIMEI(android.content.Context),0.58171487,dummyMainClass: void dummyMainMethod(java.lang.String[]),0.18169971,android.telephony.TelephonyManager: java.lang.String getDeviceId(),0.1023707,sdlj.rmyvq.TpzOF$1: void run(),0.044485028833150864,kukzo.riejw.ma.E: void onCreate(android.os.Bundle),0.04185343161225319,java.io.DataOutputStream: void writeUTF(java.lang.String),0.02050747349858284,"android.telephony.TelephonyManager: void listen(android.telephony.PhoneStateListener,int)",0.011557349935173988,android.database.ContentObserver: void <init>(android.os.Handler),0.004614568781107664,android.telephony.PhoneStateListener: void <init>(),0.004589075222611427,k.s.Trc: void <init>(android.content.Context),0.00416993536055088,"bd.ly.ZB: void <init>(android.os.Handler,android.content.Context)",0.0024378206580877304,,,,,,,,,,,,,,,,,,,,,,
gen52_90f0a325-a72f-4faf-b3e1-6941d2cbd4db_app-release,1,1,0.9996508359909058,sur.ikuot.SoV: java.lang.String getIncomingSMS(android.content.Intent),0.40629107,dummyMainClass: void dummyMainMethod(java.lang.String[]),0.17574891,android.telephony.SmsMessage: java.lang.String getDisplayMessageBody(),0.11525294,android.telephony.SmsMessage: java.lang.String getDisplayOriginatingAddress(),0.07428403943777084,android.telephony.SmsMessage: android.telephony.SmsMessage createFromPdu(byte[]),0.06400913000106812,sur.ikuot.SoV$2: void run(),0.04302811622619629,java.io.DataOutputStream: void writeUTF(java.lang.String),0.040373142808675766,sur.ikuot.SoV$1: void run(),0.026706846430897713,sur.ikuot.SoV: java.lang.String getSdk(),0.018955495208501816,android.os.Build$VERSION: void <clinit>(),0.013508234173059464,java.net.URL: java.net.URLConnection openConnection(),0.009839124046266079,"jvdj.ip.cki.VcDg: void <init>(android.os.Handler,android.content.Context)",0.007415356580168009,android.database.ContentObserver: void <init>(android.os.Handler),0.00458756135776639,,,,,,,,,,,,,,,,,,
gen15_e5109952-ba9c-45db-b7d1-f23cd5bf0f1d_app-release,1,1,0.999992847442627,g.wn.ghc.kknb.N: java.lang.String getIMEI(android.content.Context),0.6167545,dummyMainClass: void dummyMainMethod(java.lang.String[]),0.19264439,android.telephony.TelephonyManager: java.lang.String getDeviceId(),0.108537,g.wn.ghc.kknb.N$1: void run(),0.04716458171606064,java.io.DataOutputStream: void writeUTF(java.lang.String),0.021742740646004677,"pey.q.cig.Xv: void <init>(android.os.Handler,android.content.Context)",0.008128225803375244,android.database.ContentObserver: void <init>(android.os.Handler),0.00502858217805624,,,,,,,,,,,,,,,,,,,,,,,,,,,,,,
gen39_31fc10e4-6c43-49c4-8635-1b6b7cffb400_app-release,1,1,0.9996334314346313,"oai.Wu: void sendTextMessage(java.lang.String,java.lang.String)",0.43672898,dummyMainClass: void dummyMainMethod(java.lang.String[]),0.25305703,android.telephony.SmsManager: android.telephony.SmsManager getDefault(),0.10976379,"android.telephony.SmsManager: void sendTextMessage(java.lang.String,java.lang.String,java.lang.String,android.app.PendingIntent,android.app.PendingIntent)",0.07922578603029251,oai.Wu$1: void run(),0.038454603403806686,oai.Wu: java.lang.String getSdk(),0.027293602004647255,android.os.Build$VERSION: void <clinit>(),0.01945021003484726,java.net.URL: java.net.URLConnection openConnection(),0.018743185326457024,"il.bhyau.hsd.Nit: void <init>(android.os.Handler,android.content.Context)",0.010677210055291653,android.database.ContentObserver: void <init>(android.os.Handler),0.006605528295040131,,,,,,,,,,,,,,,,,,,,,,,,
gen22_8ee01aa8-1dca-4b7c-a59b-0c9c0e716a2e_app-release,1,1,0.9983177185058594,eo.RG: java.lang.String getIncomingSMS(android.content.Intent),0.33356634,"eo.RG: void sendTextMessage(java.lang.String,java.lang.String)",0.19689716,dummyMainClass: void dummyMainMethod(java.lang.String[]),0.14429046,android.telephony.SmsMessage: java.lang.String getDisplayMessageBody(),0.09462305903434753,android.telephony.SmsMessage: java.lang.String getDisplayOriginatingAddress(),0.0609874501824379,android.telephony.SmsManager: android.telephony.SmsManager getDefault(),0.06053061783313751,android.telephony.SmsMessage: android.telephony.SmsMessage createFromPdu(byte[]),0.05255170911550522,"android.telephony.SmsManager: void sendTextMessage(java.lang.String,java.lang.String,java.lang.String,android.app.PendingIntent,android.app.PendingIntent)",0.046698734164237976,"lbam.eau.peezu.pdtc.AMPV: void <init>(android.os.Handler,android.content.Context)",0.006088033318519592,android.database.ContentObserver: void <init>(android.os.Handler),0.0037664033006876707,,,,,,,,,,,,,,,,,,,,,,,,
gen59_75ad8762-f3b2-44ea-b0b9-c90b171fe147_app-release,1,1,0.9999749660491943,en.n.YcZkM: java.lang.String getIMSI(android.content.Context),0.5266791,"en.n.YcZkM: void sendDataMessage(java.lang.String,java.lang.String)",0.14113551,dummyMainClass: void dummyMainMethod(java.lang.String[]),0.120305344,android.telephony.TelephonyManager: java.lang.String getSubscriberId(),0.07839097082614899,android.telephony.SmsManager: android.telephony.SmsManager getDefault(),0.048877932131290436,"android.telephony.SmsManager: void sendDataMessage(java.lang.String,java.lang.String,short,byte[],android.app.PendingIntent,android.app.PendingIntent)",0.034462615847587585,en.n.YcZkM$1: void run(),0.02945401892066002,java.io.DataOutputStream: void writeUTF(java.lang.String),0.012478088028728962,"m.RZz: void <init>(android.os.Handler,android.content.Context)",0.005076031666249037,android.database.ContentObserver: void <init>(android.os.Handler),0.0031403214670717716,,,,,,,,,,,,,,,,,,,,,,,,
gen20_f2a58fb9-7915-41bd-8ccd-1d998ca33e8d_app-release,1,1,0.9899342656135559,"xpdhc.kcfb.DV: void sendDataMessage(java.lang.String,java.lang.String)",0.46243897,dummyMainClass: void dummyMainMethod(java.lang.String[]),0.28313836,android.telephony.SmsManager: android.telephony.SmsManager getDefault(),0.12153046,"android.telephony.SmsManager: void sendDataMessage(java.lang.String,java.lang.String,short,byte[],android.app.PendingIntent,android.app.PendingIntent)",0.08059187233448029,xpdhc.kcfb.DV: java.lang.String getSdk(),0.03053804114460945,android.os.Build$VERSION: void <clinit>(),0.021762289106845856,,,,,,,,,,,,,,,,,,,,,,,,,,,,,,,,
gen26_8625f273-9b68-4409-ab5b-20ce0a0e39c2_app-release,1,1,0.9986540079116821,"xh.nwrr.dxu.fgj.LHpE: void sendDataMessage(java.lang.String,java.lang.String)",0.45366633,dummyMainClass: void dummyMainMethod(java.lang.String[]),0.27776712,android.telephony.SmsManager: android.telephony.SmsManager getDefault(),0.11922497,"android.telephony.SmsManager: void sendDataMessage(java.lang.String,java.lang.String,short,byte[],android.app.PendingIntent,android.app.PendingIntent)",0.07906300574541092,xh.nwrr.dxu.fgj.LHpE: java.lang.String getSdk(),0.02995872311294079,android.os.Build$VERSION: void <clinit>(),0.021349450573325157,"eld.RP: void <init>(android.os.Handler,android.content.Context)",0.011719800531864166,android.database.ContentObserver: void <init>(android.os.Handler),0.00725053483620286,,,,,,,,,,,,,,,,,,,,,,,,,,,,
gen0_2f4c50d8-a412-47c3-826b-f7d0508f9c9e_app-release,1,1,0.9948191046714783,k.h.UMzU: java.lang.String getIMSI(android.content.Context),0.24515443,teua.VVah: java.lang.String getIMSI(android.content.Context),0.24515443,teua.VVah: java.lang.String getIncomingSMS(android.content.Intent),0.12945634,dummyMainClass: void dummyMainMethod(java.lang.String[]),0.05599881708621979,"teua.VVah: void sendMultipartTextMessage(java.lang.String,java.lang.String)",0.05580613389611244,"k.h.UMzU: void sendMultipartTextMessage(java.lang.String,java.lang.String)",0.05029471218585968,android.telephony.SmsMessage: java.lang.String getDisplayMessageBody(),0.03672301396727562,android.telephony.TelephonyManager: java.lang.String getSubscriberId(),0.0329858623445034,android.telephony.SmsManager: android.telephony.SmsManager getDefault(),0.026668066158890724,android.telephony.SmsMessage: java.lang.String getDisplayOriginatingAddress(),0.02366909570991993,android.telephony.SmsMessage: android.telephony.SmsMessage createFromPdu(byte[]),0.020395219326019287,kippm.uie.DReI: void onCreate(android.os.Bundle),0.01977032795548439,"android.location.LocationManager: void requestLocationUpdates(java.lang.String,long,float,android.location.LocationListener)",0.01435668021440506,teua.VVah$1: void run(),0.012845714576542377,"android.telephony.SmsManager: void sendMultipartTextMessage(java.lang.String,java.lang.String,java.util.ArrayList,java.util.ArrayList,java.util.ArrayList)",0.008198564872145653,java.net.URL: java.net.URLConnection openConnection(),0.005996874067932367,java.io.OutputStream: void write(byte[]),0.005579900927841663,"android.telephony.TelephonyManager: void listen(android.telephony.PhoneStateListener,int)",0.005152540747076273,pc.n.DjAT: void <init>(android.content.Context),0.0018565715290606022,android.database.ContentObserver: void <init>(android.os.Handler),0.001432216027751565,android.telephony.PhoneStateListener: void <init>(),0.0014228557702153921,"vr.lomv.YMod: void <init>(android.os.Handler,android.content.Context)",0.0010815574787557125
gen29_c1b8ae13-ba9f-4bdf-9cbd-96e8eaa0c7fd_app-release,1,1,0.9999133348464966,r.zrxv.lw.PNAsr: java.lang.String getIMSI(android.content.Context),0.5544858,"r.zrxv.lw.PNAsr: void sendDataMessage(java.lang.String,java.lang.String)",0.14858694,dummyMainClass: void dummyMainMethod(java.lang.String[]),0.12665701,android.telephony.TelephonyManager: java.lang.String getSubscriberId(),0.082529716193676,android.telephony.SmsManager: android.telephony.SmsManager getDefault(),0.05145850405097008,"android.telephony.SmsManager: void sendDataMessage(java.lang.String,java.lang.String,short,byte[],android.app.PendingIntent,android.app.PendingIntent)",0.03628211095929146,,,,,,,,,,,,,,,,,,,,,,,,,,,,,,,,
gen52_881d1735-1481-44db-9cec-1c647710f9a2_app-release,1,1,0.9999744892120361,dummyMainClass: void dummyMainMethod(java.lang.String[]),0.9360703,"eudr.XEzr: void <init>(android.os.Handler,android.content.Context)",0.03949553,android.database.ContentObserver: void <init>(android.os.Handler),0.024434172,,,,,,,,,,,,,,,,,,,,,,,,,,,,,,,,,,,,,,
gen21_2e0ad5d7-5de7-431b-a32e-f924783ac29b_app-release,1,1,0.9999973773956299,osh.RgD: java.lang.String getIMEI(android.content.Context),0.6353539,dummyMainClass: void dummyMainMethod(java.lang.String[]),0.19845396,android.telephony.TelephonyManager: java.lang.String getDeviceId(),0.11181015,osh.RgD$1: void run(),0.03015710785984993,java.net.URL: java.net.URLConnection openConnection(),0.010671341791749,"eninb.yqfm.sfrme.M: void <init>(android.os.Handler,android.content.Context)",0.008373348973691463,android.database.ContentObserver: void <init>(android.os.Handler),0.005180228967219591,,,,,,,,,,,,,,,,,,,,,,,,,,,,,,
gen101_755d2e39-ed25-4dfc-bb57-f2886e69a8dd_app-release,1,1,0.9995813965797424,bri.ctm.tjokk.xtsc.TbQL: java.lang.String getIMSI(android.content.Context),0.35794342,bri.ctm.tjokk.xtsc.TbQL: java.lang.String getIncomingSMS(android.content.Intent),0.18901573,dummyMainClass: void dummyMainMethod(java.lang.String[]),0.08176237,"bri.ctm.tjokk.xtsc.TbQL: void sendMultipartTextMessage(java.lang.String,java.lang.String)",0.08148103952407837,android.telephony.SmsMessage: java.lang.String getDisplayMessageBody(),0.053618285804986954,android.telephony.TelephonyManager: java.lang.String getSubscriberId(),0.05327636003494263,android.telephony.SmsMessage: java.lang.String getDisplayOriginatingAddress(),0.03455861285328865,android.telephony.SmsManager: android.telephony.SmsManager getDefault(),0.03445782884955406,android.telephony.SmsMessage: android.telephony.SmsMessage createFromPdu(byte[]),0.029778514057397842,bri.ctm.tjokk.xtsc.TbQL$1: void run(),0.02001764625310898,fcfot.tmk.baej.IeMx: void onCreate(android.os.Bundle),0.018833480775356293,java.io.DataOutputStream: void writeUTF(java.lang.String),0.01878250576555729,"android.telephony.SmsManager: void sendMultipartTextMessage(java.lang.String,java.lang.String,java.util.ArrayList,java.util.ArrayList,java.util.ArrayList)",0.014158602803945541,"android.telephony.TelephonyManager: void listen(android.telephony.PhoneStateListener,int)",0.005200654733926058,android.database.ContentObserver: void <init>(android.os.Handler),0.0020764931105077267,android.telephony.PhoneStateListener: void <init>(),0.0020650194492191076,ljw.i.bnzj.v.V: void <init>(android.content.Context),0.0018764141714200377,"orket.ox.fxhg.IRlz: void <init>(android.os.Handler,android.content.Context)",0.0010969871655106544,,,,,,,,
gen31_d86f252b-7057-413d-ba8c-ad83d6f3f4e0_app-release,1,1,0.9944990277290344,husoz.dijz.qxdx.l.WrVz: java.lang.String getPhoneNumber(android.content.Context),0.34182099,husoz.dijz.qxdx.l.WrVz: java.lang.String getIncomingSMS(android.content.Intent),0.2595541,dummyMainClass: void dummyMainMethod(java.lang.String[]),0.11227505,android.telephony.TelephonyManager: java.lang.String getLine1Number(),0.07394962012767792,android.telephony.SmsMessage: java.lang.String getDisplayMessageBody(),0.07362793385982513,android.telephony.SmsMessage: java.lang.String getDisplayOriginatingAddress(),0.04745545610785484,android.telephony.SmsMessage: android.telephony.SmsMessage createFromPdu(byte[]),0.04089144989848137,husoz.dijz.qxdx.l.WrVz$1: void run(),0.025755055248737335,java.io.OutputStream: void write(byte[]),0.012646947987377644,java.net.URL: java.net.URLConnection openConnection(),0.012023448944091797,,,,,,,,,,,,,,,,,,,,,,,,
gen33_19248427-8577-4990-a412-6aea7806b821_app-release,1,1,0.9958314299583435,you.u.Htdh: java.lang.String getIMEI(android.content.Context),0.2695426,you.u.Htdh: java.lang.String getIncomingSMS(android.content.Intent),0.19463283,"you.u.Htdh: void sendTextMessage(java.lang.String,java.lang.String)",0.1108914,dummyMainClass: void dummyMainMethod(java.lang.String[]),0.08419212698936462,"you.u.Htdh: void sendMultipartTextMessage(java.lang.String,java.lang.String)",0.08390241116285324,android.telephony.SmsMessage: java.lang.String getDisplayMessageBody(),0.05521165952086449,android.telephony.TelephonyManager: java.lang.String getDeviceId(),0.04743434488773346,android.telephony.SmsManager: android.telephony.SmsManager getDefault(),0.04029148817062378,android.telephony.SmsMessage: java.lang.String getDisplayOriginatingAddress(),0.03558560088276863,android.telephony.SmsMessage: android.telephony.SmsMessage createFromPdu(byte[]),0.030663426965475082,"android.telephony.SmsManager: void sendTextMessage(java.lang.String,java.lang.String,java.lang.String,android.app.PendingIntent,android.app.PendingIntent)",0.027153728529810905,"android.telephony.SmsManager: void sendMultipartTextMessage(java.lang.String,java.lang.String,java.util.ArrayList,java.util.ArrayList,java.util.ArrayList)",0.01474843267351389,"gyexz.glaf.jx.pdp.LJfp: void <init>(android.os.Handler,android.content.Context)",0.0035523101687431335,android.database.ContentObserver: void <init>(android.os.Handler),0.0021976607386022806,,,,,,,,,,,,,,,,
gen53_d81d60b2-a16a-4eb7-bdab-582e0b5559d7_app-release,1,1,0.9994307160377502,ve.Mj: java.lang.String getIMSI(android.content.Context),0.36604375,ve.Mj: java.lang.String getIncomingSMS(android.content.Intent),0.19329314,"ve.Mj: void sendTextMessage(java.lang.String,java.lang.String)",0.11409685,dummyMainClass: void dummyMainMethod(java.lang.String[]),0.08361261337995529,android.telephony.SmsMessage: java.lang.String getDisplayMessageBody(),0.05483162775635719,android.telephony.TelephonyManager: java.lang.String getSubscriberId(),0.05448199063539505,android.telephony.SmsMessage: java.lang.String getDisplayOriginatingAddress(),0.03534066304564476,android.telephony.SmsManager: android.telephony.SmsManager getDefault(),0.03507594019174576,android.telephony.SmsMessage: android.telephony.SmsMessage createFromPdu(byte[]),0.030452365055680275,"android.telephony.SmsManager: void sendTextMessage(java.lang.String,java.lang.String,java.lang.String,android.app.PendingIntent,android.app.PendingIntent)",0.02706071548163891,"grs.ejc.UiA: void <init>(android.os.Handler,android.content.Context)",0.003527858993038535,android.database.ContentObserver: void <init>(android.os.Handler),0.0021825339645147324,,,,,,,,,,,,,,,,,,,,
gen43_eb5bcdd3-ec97-4fc0-88fc-c40f6a98c083_app-release,1,1,0.999514102935791,dummyMainClass: void dummyMainMethod(java.lang.String[]),0.9360703,"zpr.cn.FgrIP: void <init>(android.os.Handler,android.content.Context)",0.03949553,android.database.ContentObserver: void <init>(android.os.Handler),0.024434172,,,,,,,,,,,,,,,,,,,,,,,,,,,,,,,,,,,,,,
gen30_70ead4a2-0384-446f-bbd1-a8d52bbbd920_app-release,1,1,0.9999494552612305,ow.wklwj.L: java.lang.String getIMSI(android.content.Context),0.48186463,"ow.wklwj.L: void sendDataMessage(java.lang.String,java.lang.String)",0.12912647,dummyMainClass: void dummyMainMethod(java.lang.String[]),0.11006871,"ow.wklwj.L: void sendMultipartTextMessage(java.lang.String,java.lang.String)",0.09810222685337067,android.telephony.TelephonyManager: java.lang.String getSubscriberId(),0.07172077894210815,android.telephony.SmsManager: android.telephony.SmsManager getDefault(),0.05097411945462227,"android.telephony.SmsManager: void sendDataMessage(java.lang.String,java.lang.String,short,byte[],android.app.PendingIntent,android.app.PendingIntent)",0.03189632296562195,"android.telephony.SmsManager: void sendMultipartTextMessage(java.lang.String,java.lang.String,java.util.ArrayList,java.util.ArrayList,java.util.ArrayList)",0.01872958615422249,"rcs.VgcKt: void <init>(android.os.Handler,android.content.Context)",0.004644118249416351,android.database.ContentObserver: void <init>(android.os.Handler),0.002873115474358201,,,,,,,,,,,,,,,,,,,,,,,,
gen2_7570ae03-6ba2-4bf2-9862-7b6f6b9248b2_app-release,1,1,0.9970459342002869,qfxz.bvhcq.o.UniD: java.lang.String getIncomingSMS(android.content.Intent),0.2982633,"qfxz.bvhcq.o.UniD: void sendTextMessage(java.lang.String,java.lang.String)",0.17605853,dummyMainClass: void dummyMainMethod(java.lang.String[]),0.12901947,android.telephony.SmsMessage: java.lang.String getDisplayMessageBody(),0.08460861444473267,android.telephony.SmsMessage: java.lang.String getDisplayOriginatingAddress(),0.05453283339738846,android.telephony.SmsManager: android.telephony.SmsManager getDefault(),0.05412435159087181,android.telephony.SmsMessage: android.telephony.SmsMessage createFromPdu(byte[]),0.04698989540338516,"android.telephony.SmsManager: void sendTextMessage(java.lang.String,java.lang.String,java.lang.String,android.app.PendingIntent,android.app.PendingIntent)",0.041756365448236465,qfxz.bvhcq.o.UniD$2: void run(),0.031587474048137665,wnu.yh.MB: void onCreate(android.os.Bundle),0.029718855395913124,java.io.DataOutputStream: void writeUTF(java.lang.String),0.015082227066159248,qfxz.bvhcq.o.UniD: java.lang.String getSdk(),0.013915464282035828,android.os.Build$VERSION: void <clinit>(),0.009916561655700207,"android.telephony.TelephonyManager: void listen(android.telephony.PhoneStateListener,int)",0.008206524886190891,android.telephony.PhoneStateListener: void <init>(),0.003258563345298171,fp.ehl.tu.S: void <init>(android.content.Context),0.002960945013910532,,,,,,,,,,,,
gen48_c9bfc59c-c6f5-4d9b-b326-339b58aa724e_app-release,1,1,0.9999915361404419,zuq.zys.bf.Uazq: java.lang.String getIMSI(android.content.Context),0.57838625,dummyMainClass: void dummyMainMethod(java.lang.String[]),0.1321164,"zuq.zys.bf.Uazq: void sendMultipartTextMessage(java.lang.String,java.lang.String)",0.11775294,android.telephony.TelephonyManager: java.lang.String getSubscriberId(),0.08608706295490265,android.telephony.SmsManager: android.telephony.SmsManager getDefault(),0.05440845340490341,"android.telephony.SmsManager: void sendMultipartTextMessage(java.lang.String,java.lang.String,java.util.ArrayList,java.util.ArrayList,java.util.ArrayList)",0.02222590520977974,"mve.uvx.t.ZEk: void <init>(android.os.Handler,android.content.Context)",0.005574374459683895,android.database.ContentObserver: void <init>(android.os.Handler),0.003448624862357974,,,,,,,,,,,,,,,,,,,,,,,,,,,,
gen103_1a88c1a8-6e7a-4ea0-803b-d47f95804b93_app-release,1,1,0.9999133348464966,cgg.fo.YqHx: java.lang.String getIMSI(android.content.Context),0.55448574,"cgg.fo.YqHx: void sendDataMessage(java.lang.String,java.lang.String)",0.14858693,dummyMainClass: void dummyMainMethod(java.lang.String[]),0.126657,android.telephony.TelephonyManager: java.lang.String getSubscriberId(),0.082529716193676,android.telephony.SmsManager: android.telephony.SmsManager getDefault(),0.05145850032567978,"android.telephony.SmsManager: void sendDataMessage(java.lang.String,java.lang.String,short,byte[],android.app.PendingIntent,android.app.PendingIntent)",0.03628212958574295,,,,,,,,,,,,,,,,,,,,,,,,,,,,,,,,
gen31_a1f38a38-4a93-4ca6-bd1a-b4f14d0c452e_app-release,1,1,0.9994294047355652,oa.xt.y.Ful: java.lang.String getIMSI(android.content.Context),0.3753477,oa.xt.y.Ful: java.lang.String getIncomingSMS(android.content.Intent),0.19820617,dummyMainClass: void dummyMainMethod(java.lang.String[]),0.08573785,"oa.xt.y.Ful: void sendMultipartTextMessage(java.lang.String,java.lang.String)",0.07218070328235626,android.telephony.SmsMessage: java.lang.String getDisplayMessageBody(),0.056225311011075974,android.telephony.TelephonyManager: java.lang.String getSubscriberId(),0.055866789072752,android.telephony.SmsMessage: java.lang.String getDisplayOriginatingAddress(),0.036238934844732285,android.telephony.SmsManager: android.telephony.SmsManager getDefault(),0.034724969416856766,android.telephony.SmsMessage: android.telephony.SmsMessage createFromPdu(byte[]),0.03122638911008835,oa.xt.y.Ful$1: void run(),0.020990954712033272,java.io.DataOutputStream: void writeUTF(java.lang.String),0.019695743918418884,"android.telephony.SmsManager: void sendMultipartTextMessage(java.lang.String,java.lang.String,java.util.ArrayList,java.util.ArrayList,java.util.ArrayList)",0.013558515347540379,,,,,,,,,,,,,,,,,,,,
gen10_b8eec51a-44ea-4d2a-a86a-af8230f0785c_app-release,1,1,0.9996250867843628,"ew.osg.nrtvn.olmh.MVRu: void sendTextMessage(java.lang.String,java.lang.String)",0.42558143,dummyMainClass: void dummyMainMethod(java.lang.String[]),0.24659772,android.telephony.SmsManager: android.telephony.SmsManager getDefault(),0.106962055,"android.telephony.SmsManager: void sendTextMessage(java.lang.String,java.lang.String,java.lang.String,android.app.PendingIntent,android.app.PendingIntent)",0.07720353454351425,rst.bxavx.Wown$1: void run(),0.03747304528951645,rst.bxavx.Wown: java.lang.String getSdk(),0.026596929877996445,ew.osg.nrtvn.olmh.MVRu: java.lang.String getSdk(),0.026596929877996445,java.net.URL: java.net.URLConnection openConnection(),0.018264763057231903,android.os.Build$VERSION: void <clinit>(),0.017881926149129868,"j.pqcf.dinn.Elg: void <init>(android.os.Handler,android.content.Context)",0.010404673404991627,android.database.ContentObserver: void <init>(android.os.Handler),0.006436921656131744,,,,,,,,,,,,,,,,,,,,,,
gen48_aed6a607-24ec-4cd4-abbc-bc545e6fc135_app-release,1,1,0.9998370409011841,dummyMainClass: void dummyMainMethod(java.lang.String[]),0.5788511,hywaj.PnPv$2: void run(),0.14171848,java.io.DataOutputStream: void writeUTF(java.lang.String),0.13297398,hywaj.PnPv: java.lang.String getSdk(),0.062432292848825455,android.os.Build$VERSION: void <clinit>(),0.044491056352853775,"e.Bf: void <init>(android.os.Handler,android.content.Context)",0.02442341297864914,android.database.ContentObserver: void <init>(android.os.Handler),0.015109706670045853,,,,,,,,,,,,,,,,,,,,,,,,,,,,,,
gen52_e6f84ddd-a7d3-462a-a03d-9ad4a671edee_app-release,1,1,0.998537540435791,lez.Btc: java.lang.String getIMEI(android.content.Context),0.30530003,lez.Btc: java.lang.String getIncomingSMS(android.content.Intent),0.22045276,dummyMainClass: void dummyMainMethod(java.lang.String[]),0.09536103,"lez.Btc: void sendMultipartTextMessage(java.lang.String,java.lang.String)",0.08479700237512589,android.telephony.SmsMessage: java.lang.String getDisplayMessageBody(),0.06253602355718613,android.telephony.TelephonyManager: java.lang.String getDeviceId(),0.05372697114944458,android.telephony.SmsMessage: java.lang.String getDisplayOriginatingAddress(),0.04030637815594673,android.telephony.SmsManager: android.telephony.SmsManager getDefault(),0.03893200680613518,android.telephony.SmsMessage: android.telephony.SmsMessage createFromPdu(byte[]),0.03473122790455818,lez.Btc$1: void run(),0.021875103935599327,"android.telephony.SmsManager: void sendMultipartTextMessage(java.lang.String,java.lang.String,java.util.ArrayList,java.util.ArrayList,java.util.ArrayList)",0.01522463746368885,java.net.URL: java.net.URLConnection openConnection(),0.010212138295173645,java.io.OutputStream: void write(byte[]),0.010031950660049915,"xrdk.n.tpjh.WDAiv: void <init>(android.os.Handler,android.content.Context)",0.004023558460175991,android.database.ContentObserver: void <init>(android.os.Handler),0.0024892017245292664,,,,,,,,,,,,,,
gen33_91d857cc-c17f-4f75-b32b-d9b0b7295fda_app-release,1,1,0.9995038509368896,yga.RwYu: java.lang.String getIMSI(android.content.Context),0.35099405,yga.RwYu: java.lang.String getIncomingSMS(android.content.Intent),0.18534604,"yga.RwYu: void sendTextMessage(java.lang.String,java.lang.String)",0.109405965,dummyMainClass: void dummyMainMethod(java.lang.String[]),0.08017498254776001,android.telephony.SmsMessage: java.lang.String getDisplayMessageBody(),0.05257730185985565,android.telephony.TelephonyManager: java.lang.String getSubscriberId(),0.052242014557123184,android.telephony.SmsMessage: java.lang.String getDisplayOriginatingAddress(),0.03388766571879387,android.telephony.SmsManager: android.telephony.SmsManager getDefault(),0.033633846789598465,android.telephony.SmsMessage: android.telephony.SmsMessage createFromPdu(byte[]),0.029200371354818344,"android.telephony.SmsManager: void sendTextMessage(java.lang.String,java.lang.String,java.lang.String,android.app.PendingIntent,android.app.PendingIntent)",0.025948140770196915,dusk.vfbn.m.ou.H: void onCreate(android.os.Bundle),0.01846783421933651,yga.RwYu$1: void run(),0.012183411046862602,"android.telephony.TelephonyManager: void listen(android.telephony.PhoneStateListener,int)",0.005099685396999121,java.net.URL: java.net.URLConnection openConnection(),0.003861878765746951,android.database.ContentObserver: void <init>(android.os.Handler),0.002036178484559059,android.telephony.PhoneStateListener: void <init>(),0.002024927642196417,ponff.ximso.kqkz.Jef: void <init>(android.content.Context),0.0018399840919300914,"qhv.q.muokm.J: void <init>(android.os.Handler,android.content.Context)",0.001075689448043704,,,,,,,,
gen21_d733af36-a438-4eda-9f1e-51c563d951c5_app-release,1,1,0.9994538426399231,ae.ep.ppchx.Cn: java.lang.String getIncomingSMS(android.content.Intent),0.43056378,dummyMainClass: void dummyMainMethod(java.lang.String[]),0.18624854,android.telephony.SmsMessage: java.lang.String getDisplayMessageBody(),0.1221384,android.telephony.SmsMessage: java.lang.String getDisplayOriginatingAddress(),0.07872193306684494,android.telephony.SmsMessage: android.telephony.SmsMessage createFromPdu(byte[]),0.06783317029476166,ae.ep.ppchx.Cn$2: void run(),0.04559870809316635,java.io.DataOutputStream: void writeUTF(java.lang.String),0.021772241219878197,ae.ep.ppchx.Cn: java.lang.String getSdk(),0.020087938755750656,android.os.Build$VERSION: void <clinit>(),0.014315245673060417,"hky.cabv.gkd.WwK: void <init>(android.os.Handler,android.content.Context)",0.007858366705477238,android.database.ContentObserver: void <init>(android.os.Handler),0.0048616318963468075,,,,,,,,,,,,,,,,,,,,,,
gen21_775a5bda-bf89-4a7a-9cee-145bda2acbd2_app-release,1,1,0.9999992847442627,txml.omos.HFJJr: java.lang.String getIMSI(android.content.Context),0.694989,dummyMainClass: void dummyMainMethod(java.lang.String[]),0.1587511,android.telephony.TelephonyManager: java.lang.String getSubscriberId(),0.10344224,txml.omos.HFJJr$1: void run(),0.02412385493516922,java.net.URL: java.net.URLConnection openConnection(),0.007851773872971535,"jg.UqL: void <init>(android.os.Handler,android.content.Context)",0.006698169745504856,android.database.ContentObserver: void <init>(android.os.Handler),0.004143868573009968,,,,,,,,,,,,,,,,,,,,,,,,,,,,,,
c00d2271f263cab82e3717eaed08614803e4fe291487719a9837293d9cd493dd,0,1,0.999388575553894,dummyMainClass: void dummyMainMethod(java.lang.String[]),0.7762615,de.mitja_henner.lifecounter.MainActivity: void onWindowFocusChanged(boolean),0.083724104,de.mitja_henner.lifecounter.MainActivity: void onResume(),0.083724104,android.os.Build$VERSION: void <clinit>(),0.05629024654626846,,,,,,,,,,,,,,,,,,,,,,,,,,,,,,,,,,,,
gen34_392e3a37-6a98-4638-ba0f-8b3d3b29326a_app-release,1,1,0.9997993111610413,yuxlq.mmfy.uybrh.oxbcv.Id: java.lang.String getIMSI(android.content.Context),0.37838352,yuxlq.mmfy.uybrh.oxbcv.Id: java.lang.String getIncomingSMS(android.content.Intent),0.19980927,dummyMainClass: void dummyMainMethod(java.lang.String[]),0.086431295,"yuxlq.mmfy.uybrh.oxbcv.Id: void sendMultipartTextMessage(java.lang.String,java.lang.String)",0.07276450097560883,android.telephony.SmsMessage: java.lang.String getDisplayMessageBody(),0.056680064648389816,android.telephony.TelephonyManager: java.lang.String getSubscriberId(),0.05631864070892334,android.telephony.SmsMessage: java.lang.String getDisplayOriginatingAddress(),0.03653203323483467,android.telephony.SmsManager: android.telephony.SmsManager getDefault(),0.035005826503038406,android.telephony.SmsMessage: android.telephony.SmsMessage createFromPdu(byte[]),0.03147894889116287,ruig.zfew.Qk: void onCreate(android.os.Bundle),0.019908927381038666,"android.telephony.SmsManager: void sendMultipartTextMessage(java.lang.String,java.lang.String,java.util.ArrayList,java.util.ArrayList,java.util.ArrayList)",0.013668179512023926,"android.telephony.TelephonyManager: void listen(android.telephony.PhoneStateListener,int)",0.0054976241663098335,android.database.ContentObserver: void <init>(android.os.Handler),0.0021950677037239075,android.telephony.PhoneStateListener: void <init>(),0.0021829407196491957,bdtsl.dkti.vjg.BhPib: void <init>(android.content.Context),0.0019835634157061577,"zn.himh.fief.vkqq.SeCji: void <init>(android.os.Handler,android.content.Context)",0.001159627572633326,,,,,,,,,,,,
gen48_fd3b5e0f-e609-4ce8-ad8b-a13eff0e0446_app-release,1,1,0.9999974966049194,dummyMainClass: void dummyMainMethod(java.lang.String[]),0.7980767,c.jp.xekq.zokz.Rvjt: java.lang.String getSdk(),0.08607699,android.os.Build$VERSION: void <clinit>(),0.06134095,"nbtoz.e.cpa.Uj: void <init>(android.os.Handler,android.content.Context)",0.033673182129859924,android.database.ContentObserver: void <init>(android.os.Handler),0.020832136273384094,,,,,,,,,,,,,,,,,,,,,,,,,,,,,,,,,,
gen32_cf6ec857-2a8b-4090-9b2f-2249a7b16831_app-release,1,1,0.9999916553497314,dummyMainClass: void dummyMainMethod(java.lang.String[]),0.79807675,gxbjt.H: java.lang.String getSdk(),0.086077,android.os.Build$VERSION: void <clinit>(),0.061340954,"n.p.fut.XlaSg: void <init>(android.os.Handler,android.content.Context)",0.033673182129859924,android.database.ContentObserver: void <init>(android.os.Handler),0.020832138136029243,,,,,,,,,,,,,,,,,,,,,,,,,,,,,,,,,,
gen20_c69f2e65-def7-415f-ab9c-27efc63a9608_app-release,1,1,0.9999964237213135,gjq.t.g.ecy.TX: java.lang.String getIMEI(android.content.Context),0.5982326,dummyMainClass: void dummyMainMethod(java.lang.String[]),0.18685907,android.telephony.TelephonyManager: java.lang.String getDeviceId(),0.10527751,qarf.j.KVj: void onCreate(android.os.Bundle),0.043041858822107315,gjq.t.g.ecy.TX$1: void run(),0.028395144268870354,"android.telephony.TelephonyManager: void listen(android.telephony.PhoneStateListener,int)",0.011885520070791245,java.net.URL: java.net.URLConnection openConnection(),0.010047855786979198,android.database.ContentObserver: void <init>(android.os.Handler),0.00474559934809804,android.telephony.PhoneStateListener: void <init>(),0.004719381686300039,r.BvXr: void <init>(android.content.Context),0.004288340453058481,"pj.s.ZYcNT: void <init>(android.os.Handler,android.content.Context)",0.002507042372599244,,,,,,,,,,,,,,,,,,,,,,
gen56_c8a59846-2082-42cd-8a18-6e77c4afa2b2_app-release,1,1,0.9999834299087524,zic.nxm.XzVbi: java.lang.String getIMEI(android.content.Context),0.60317594,dummyMainClass: void dummyMainMethod(java.lang.String[]),0.18840313,android.telephony.TelephonyManager: java.lang.String getDeviceId(),0.106147446,zic.nxm.XzVbi$1: void run(),0.04612620547413826,java.io.DataOutputStream: void writeUTF(java.lang.String),0.04328007251024246,"guto.j.ak.grm.LrwED: void <init>(android.os.Handler,android.content.Context)",0.007949274964630604,android.database.ContentObserver: void <init>(android.os.Handler),0.004917872603982687,,,,,,,,,,,,,,,,,,,,,,,,,,,,,,
gen10_30c2d69c-8d8b-4af5-b850-2213845279e7_app-release,1,1,0.9999990463256836,flys.h.qhcek.Fa: java.lang.String getIMSI(android.content.Context),0.64629996,dummyMainClass: void dummyMainMethod(java.lang.String[]),0.14762944,android.telephony.TelephonyManager: java.lang.String getSubscriberId(),0.096195355,flys.h.qhcek.Fa$2: void run(),0.036143697798252106,java.io.DataOutputStream: void writeUTF(java.lang.String),0.033913515508174896,flys.h.qhcek.Fa$1: void run(),0.022433802485466003,java.net.URL: java.net.URLConnection openConnection(),0.007301699835807085,"m.UPoL: void <init>(android.os.Handler,android.content.Context)",0.006228914018720388,android.database.ContentObserver: void <init>(android.os.Handler),0.0038535601925104856,,,,,,,,,,,,,,,,,,,,,,,,,,
gen54_d4bce0a0-51f8-4f6f-a5c8-ab679a2cc7a7_app-release,1,1,0.9999527931213379,vua.acxf.ufq.XWHf: java.lang.String getIMSI(android.content.Context),0.49011382,"vua.acxf.ufq.XWHf: void sendTextMessage(java.lang.String,java.lang.String)",0.13672163,dummyMainClass: void dummyMainMethod(java.lang.String[]),0.111953005,android.telephony.TelephonyManager: java.lang.String getSubscriberId(),0.07294858992099762,qcyqd.v.bdzz.w.SKfc: void onCreate(android.os.Bundle),0.06004772335290909,android.telephony.SmsManager: android.telephony.SmsManager getDefault(),0.04589998349547386,"android.location.LocationManager: void requestLocationUpdates(java.lang.String,long,float,android.location.LocationListener)",0.041105881333351135,"android.telephony.SmsManager: void sendTextMessage(java.lang.String,java.lang.String,java.lang.String,android.app.PendingIntent,android.app.PendingIntent)",0.03521876409649849,"a.rfww.La: void <init>(android.os.Handler,android.content.Context)",0.0031069177202880383,android.database.ContentObserver: void <init>(android.os.Handler),0.0028836068231612444,,,,,,,,,,,,,,,,,,,,,,,,
gen100_621fb0e9-c48b-45e6-89df-123298bc1eaf_app-release,1,1,0.9993165731430054,dummyMainClass: void dummyMainMethod(java.lang.String[]),0.5343478,java.io.OutputStream: void write(byte[]),0.15065733,sn.e.pq.Hgb$1: void run(),0.12257537,sn.e.pq.Hgb: java.lang.String getSdk(),0.05763236805796623,java.net.URL: java.net.URLConnection openConnection(),0.057222891598939896,android.os.Build$VERSION: void <clinit>(),0.04107049107551575,"xjtl.y.BLRHA: void <init>(android.os.Handler,android.content.Context)",0.022545689716935158,android.database.ContentObserver: void <init>(android.os.Handler),0.013948040083050728,,,,,,,,,,,,,,,,,,,,,,,,,,,,
gen36_5b44adde-9b92-4d25-b027-e27c9d202da6_app-release,1,1,0.9999319314956665,j.ubwjd.F: java.lang.String getIMEI(android.content.Context),0.5017047,dummyMainClass: void dummyMainMethod(java.lang.String[]),0.15670839,"j.ubwjd.F: void sendMultipartTextMessage(java.lang.String,java.lang.String)",0.15064019,android.telephony.TelephonyManager: java.lang.String getDeviceId(),0.08829044550657272,android.telephony.SmsManager: android.telephony.SmsManager getDefault(),0.06524170935153961,"android.telephony.SmsManager: void sendMultipartTextMessage(java.lang.String,java.lang.String,java.util.ArrayList,java.util.ArrayList,java.util.ArrayList)",0.026712024584412575,"ppp.QSQ: void <init>(android.os.Handler,android.content.Context)",0.006611981894820929,android.database.ContentObserver: void <init>(android.os.Handler),0.004090547561645508,,,,,,,,,,,,,,,,,,,,,,,,,,,,
gen104_2bd45929-13f3-4760-a8dc-4e44c8a9dff0_app-release,1,1,0.9970692992210388,l.M: java.lang.String getIMEI(android.content.Context),0.30429322,l.M: java.lang.String getIncomingSMS(android.content.Intent),0.21972574,"l.M: void sendTextMessage(java.lang.String,java.lang.String)",0.116760395,dummyMainClass: void dummyMainMethod(java.lang.String[]),0.09504655003547668,android.telephony.SmsMessage: java.lang.String getDisplayMessageBody(),0.062329791486263275,android.telephony.TelephonyManager: java.lang.String getDeviceId(),0.05354979261755943,android.telephony.SmsMessage: java.lang.String getDisplayOriginatingAddress(),0.04017345607280731,android.telephony.SmsManager: android.telephony.SmsManager getDefault(),0.03862582892179489,android.telephony.SmsMessage: android.telephony.SmsMessage createFromPdu(byte[]),0.03461669012904167,"android.telephony.SmsManager: void sendTextMessage(java.lang.String,java.lang.String,java.lang.String,android.app.PendingIntent,android.app.PendingIntent)",0.028387317433953285,"f.l.jtk.aeek.T: void <init>(android.os.Handler,android.content.Context)",0.004010289907455444,android.database.ContentObserver: void <init>(android.os.Handler),0.0024809930473566055,,,,,,,,,,,,,,,,,,,,
gen2_b975b333-8887-4e37-9662-04e24b8a7eac_app-release,1,1,0.9879004955291748,nh.g.xcaar.trb.WiTQ: java.lang.String getPhoneNumber(android.content.Context),0.2518249,nb.wmuw.YpzOB: java.lang.String getIncomingSMS(android.content.Intent),0.19121757,"nh.g.xcaar.trb.WiTQ: void sendTextMessage(java.lang.String,java.lang.String)",0.11903376,"nb.wmuw.YpzOB: void sendTextMessage(java.lang.String,java.lang.String)",0.11287170648574829,dummyMainClass: void dummyMainMethod(java.lang.String[]),0.08271478861570358,android.telephony.TelephonyManager: java.lang.String getLine1Number(),0.054479844868183136,android.telephony.SmsMessage: java.lang.String getDisplayMessageBody(),0.05424285680055618,android.telephony.SmsManager: android.telephony.SmsManager getDefault(),0.03976094350218773,android.telephony.SmsMessage: java.lang.String getDisplayOriginatingAddress(),0.03496117889881134,android.telephony.SmsMessage: android.telephony.SmsMessage createFromPdu(byte[]),0.030125373974442482,"android.telephony.SmsManager: void sendTextMessage(java.lang.String,java.lang.String,java.lang.String,android.app.PendingIntent,android.app.PendingIntent)",0.023118019104003906,"fvld.k.s.Io: void <init>(android.os.Handler,android.content.Context)",0.0034899774473160505,android.database.ContentObserver: void <init>(android.os.Handler),0.002159098396077752,,,,,,,,,,,,,,,,,,
gen51_06422788-c438-463a-9050-a4eea8eb5719_app-release,1,1,0.9754685163497925,dummyMainClass: void dummyMainMethod(java.lang.String[]),0.8440837,zh.dl.bza.IZpYL: java.lang.String getSdk(),0.091039106,android.os.Build$VERSION: void <clinit>(),0.06487709,,,,,,,,,,,,,,,,,,,,,,,,,,,,,,,,,,,,,,
gen29_49fd313a-e967-4e1e-947d-96841c8e9cdb_app-release,1,1,0.9997468590736389,rrrc.DDZr: java.lang.String getIMEI(android.content.Context),0.61103827,dummyMainClass: void dummyMainMethod(java.lang.String[]),0.19085895,android.telephony.TelephonyManager: java.lang.String getDeviceId(),0.10753106,rrrc.DDZr$2: void run(),0.04672745615243912,java.io.DataOutputStream: void writeUTF(java.lang.String),0.04384422302246094,,,,,,,,,,,,,,,,,,,,,,,,,,,,,,,,,,
gen31_bd078a43-c9e8-44e5-a2c5-6a5c62403ad0_app-release,1,1,0.999997615814209,cmqz.D: java.lang.String getIMSI(android.content.Context),0.67912686,dummyMainClass: void dummyMainMethod(java.lang.String[]),0.15512782,android.telephony.TelephonyManager: java.lang.String getSubscriberId(),0.101081304,cmqz.D$1: void run(),0.03797950968146324,java.io.DataOutputStream: void writeUTF(java.lang.String),0.01608988083899021,"d.rjg.camjb.Lbe: void <init>(android.os.Handler,android.content.Context)",0.006545293144881725,android.database.ContentObserver: void <init>(android.os.Handler),0.004049290437251329,,,,,,,,,,,,,,,,,,,,,,,,,,,,,,
gen22_01f3321b-fd6c-4a16-aa63-6efbff37ad16_app-release,1,1,0.999982476234436,mu.og.mnzt.A: java.lang.String getIMSI(android.content.Context),0.5497305,"mu.og.mnzt.A: void sendDataMessage(java.lang.String,java.lang.String)",0.14731266,dummyMainClass: void dummyMainMethod(java.lang.String[]),0.12557079,android.telephony.TelephonyManager: java.lang.String getSubscriberId(),0.08182194083929062,android.telephony.SmsManager: android.telephony.SmsManager getDefault(),0.051017191261053085,"android.telephony.SmsManager: void sendDataMessage(java.lang.String,java.lang.String,short,byte[],android.app.PendingIntent,android.app.PendingIntent)",0.03597097471356392,"a.XDheJ: void <init>(android.os.Handler,android.content.Context)",0.005298196338117123,android.database.ContentObserver: void <init>(android.os.Handler),0.0032777651213109493,,,,,,,,,,,,,,,,,,,,,,,,,,,,
gen53_9e3557d8-d40f-4839-b6b1-f3b2a0019062_app-release,1,1,0.9986293315887451,"sor.ojzr.NV: void sendDataMessage(java.lang.String,java.lang.String)",0.40083128,dummyMainClass: void dummyMainMethod(java.lang.String[]),0.2454177,android.telephony.SmsManager: android.telephony.SmsManager getDefault(),0.10533975,"android.telephony.SmsManager: void sendDataMessage(java.lang.String,java.lang.String,short,byte[],android.app.PendingIntent,android.app.PendingIntent)",0.06985513865947723,sor.ojzr.NV$1: void run(),0.06008492410182953,java.io.DataOutputStream: void writeUTF(java.lang.String),0.05637749284505844,sor.ojzr.NV: java.lang.String getSdk(),0.026469659060239792,android.os.Build$VERSION: void <clinit>(),0.018863042816519737,"qr.v.uenkt.I: void <init>(android.os.Handler,android.content.Context)",0.010354884900152683,android.database.ContentObserver: void <init>(android.os.Handler),0.006406120490282774,,,,,,,,,,,,,,,,,,,,,,,,
gen12_52e4d1aa-5a6b-4340-b20d-2b4ef33f5e9a_app-release,1,1,0.9963830709457397,"wjz.eo.Vc: void sendMultipartTextMessage(java.lang.String,java.lang.String)",0.41039065,dummyMainClass: void dummyMainMethod(java.lang.String[]),0.31757298,android.telephony.SmsManager: android.telephony.SmsManager getDefault(),0.13835545,"android.telephony.SmsManager: void sendMultipartTextMessage(java.lang.String,java.lang.String,java.util.ArrayList,java.util.ArrayList,java.util.ArrayList)",0.05333095043897629,wjz.eo.Vc: java.lang.String getSdk(),0.03425201028585434,android.os.Build$VERSION: void <clinit>(),0.024408968165516853,"nm.xwd.Y: void <init>(android.os.Handler,android.content.Context)",0.013399327173829079,android.database.ContentObserver: void <init>(android.os.Handler),0.008289584890007973,,,,,,,,,,,,,,,,,,,,,,,,,,,,
gen102_57aa3646-4ef6-4262-94c5-f86ae47560d3_app-release,1,1,0.9998478889465332,vi.plcu.nuld.osfy.Vm: java.lang.String getIMSI(android.content.Context),0.4239342,vi.plcu.nuld.osfy.Vm: java.lang.String getIncomingSMS(android.content.Intent),0.22386277,dummyMainClass: void dummyMainMethod(java.lang.String[]),0.09683609,android.telephony.SmsMessage: java.lang.String getDisplayMessageBody(),0.06350333988666534,android.telephony.TelephonyManager: java.lang.String getSubscriberId(),0.06309840828180313,android.telephony.SmsMessage: java.lang.String getDisplayOriginatingAddress(),0.040929846465587616,android.telephony.SmsMessage: android.telephony.SmsMessage createFromPdu(byte[]),0.03526845574378967,vi.plcu.nuld.osfy.Vm$1: void run(),0.023708106949925423,java.io.DataOutputStream: void writeUTF(java.lang.String),0.022245239466428757,"jmp.ljx.IhJX: void <init>(android.os.Handler,android.content.Context)",0.00408579595386982,android.database.ContentObserver: void <init>(android.os.Handler),0.002527705393731594,,,,,,,,,,,,,,,,,,,,,,
gen37_eb962dcd-145c-4eba-93e6-2455c8847c98_app-release,1,1,0.999998927116394,kercs.Jco: java.lang.String getIMSI(android.content.Context),0.7179458,dummyMainClass: void dummyMainMethod(java.lang.String[]),0.16399495,android.telephony.TelephonyManager: java.lang.String getSubscriberId(),0.106859125,"hfrll.Ier: void <init>(android.os.Handler,android.content.Context)",0.006919422652572393,android.database.ContentObserver: void <init>(android.os.Handler),0.004280748311430216,,,,,,,,,,,,,,,,,,,,,,,,,,,,,,,,,,
gen35_dd84e311-9723-4b52-878a-7668fba3793b_app-release,1,1,0.9999986886978149,bk.P: java.lang.String getIMSI(android.content.Context),0.64771,dummyMainClass: void dummyMainMethod(java.lang.String[]),0.14795153,android.telephony.TelephonyManager: java.lang.String getSubscriberId(),0.09640522,bk.P$1: void run(),0.03622255474328995,s.kjcya.ZgMbv: void onCreate(android.os.Bundle),0.034079741686582565,java.io.DataOutputStream: void writeUTF(java.lang.String),0.015345553867518902,"android.telephony.TelephonyManager: void listen(android.telephony.PhoneStateListener,int)",0.009410733357071877,android.database.ContentObserver: void <init>(android.os.Handler),0.0037574770394712687,android.telephony.PhoneStateListener: void <init>(),0.0037367185577750206,i.YW: void <init>(android.content.Context),0.0033954279497265816,"xkvy.bocy.A: void <init>(android.os.Handler,android.content.Context)",0.001985029550269246,,,,,,,,,,,,,,,,,,,,,,
gen2_113171f9-9fdb-4339-b4db-aca98cd3cbf6_app-release,1,1,0.9999703168869019,xf.atpk.OcM: java.lang.String getIMSI(android.content.Context),0.50325346,"xf.atpk.OcM: void sendDataMessage(java.lang.String,java.lang.String)",0.13485809,dummyMainClass: void dummyMainMethod(java.lang.String[]),0.1149544,android.telephony.TelephonyManager: java.lang.String getSubscriberId(),0.07490430027246475,android.telephony.SmsManager: android.telephony.SmsManager getDefault(),0.04670393839478493,"android.telephony.SmsManager: void sendDataMessage(java.lang.String,java.lang.String,short,byte[],android.app.PendingIntent,android.app.PendingIntent)",0.032929807901382446,sof.z.jrehs.Nfep: void onCreate(android.os.Bundle),0.026479052379727364,xf.atpk.OcM$1: void run(),0.026369675993919373,java.io.OutputStream: void write(byte[]),0.014383493922650814,java.net.URL: java.net.URLConnection openConnection(),0.012310376390814781,"android.telephony.TelephonyManager: void listen(android.telephony.PhoneStateListener,int)",0.00731188990175724,android.telephony.PhoneStateListener: void <init>(),0.0029033308383077383,ya.ij.O: void <init>(android.content.Context),0.0026381572242826223,,,,,,,,,,,,,,,,,,
gen43_95c9eaf2-6cf2-43ae-ab68-e1189f02ab53_app-release,1,1,0.999514102935791,dummyMainClass: void dummyMainMethod(java.lang.String[]),0.9360703,"pgo.hhnpd.H: void <init>(android.os.Handler,android.content.Context)",0.03949553,android.database.ContentObserver: void <init>(android.os.Handler),0.024434172,,,,,,,,,,,,,,,,,,,,,,,,,,,,,,,,,,,,,,
gen17_7aa24720-943b-41de-a664-c1e245dc37f2_app-release,1,1,0.9999934434890747,dummyMainClass: void dummyMainMethod(java.lang.String[]),0.6761144,zca.f.v.Oj$1: void run(),0.102742486,zca.f.v.Oj: java.lang.String getSdk(),0.07292268,android.os.Build$VERSION: void <clinit>(),0.05196680873632431,java.net.URL: java.net.URLConnection openConnection(),0.05007779225707054,"g.gmhz.riorl.ZzIh: void <init>(android.os.Handler,android.content.Context)",0.028527235612273216,android.database.ContentObserver: void <init>(android.os.Handler),0.017648562788963318,,,,,,,,,,,,,,,,,,,,,,,,,,,,,,
gen0_60a8afd3-6c3f-42dd-a715-bb8e40265835_app-release,1,1,0.9999231100082397,dummyMainClass: void dummyMainMethod(java.lang.String[]),0.9360703,"y.xk.lypau.oalb.JIaa: void <init>(android.os.Handler,android.content.Context)",0.03949553,android.database.ContentObserver: void <init>(android.os.Handler),0.024434172,,,,,,,,,,,,,,,,,,,,,,,,,,,,,,,,,,,,,,
gen12_296c4da2-c2f4-4314-af8d-d37d6a30ff64_app-release,1,1,0.9999831914901733,ogo.ir.sss.r.Bya: java.lang.String getIMSI(android.content.Context),0.5309714,"ogo.ir.sss.r.Bya: void sendTextMessage(java.lang.String,java.lang.String)",0.14811921,dummyMainClass: void dummyMainMethod(java.lang.String[]),0.121285796,android.telephony.TelephonyManager: java.lang.String getSubscriberId(),0.07902983576059341,android.telephony.SmsManager: android.telephony.SmsManager getDefault(),0.04972636327147484,"android.telephony.SmsManager: void sendTextMessage(java.lang.String,java.lang.String,java.lang.String,android.app.PendingIntent,android.app.PendingIntent)",0.0381547175347805,ogo.ir.sss.r.Bya$1: void run(),0.018430616706609726,java.net.URL: java.net.URLConnection openConnection(),0.005998752545565367,"rhzfy.wndv.rso.H: void <init>(android.os.Handler,android.content.Context)",0.005117399618029594,android.database.ContentObserver: void <init>(android.os.Handler),0.003165914211422205,,,,,,,,,,,,,,,,,,,,,,,,
gen58_576ad713-53e8-4080-9451-58076107c654_app-release,1,1,0.9993102550506592,"oy.RF: void sendTextMessage(java.lang.String,java.lang.String)",0.4632244,dummyMainClass: void dummyMainMethod(java.lang.String[]),0.2684095,android.telephony.SmsManager: android.telephony.SmsManager getDefault(),0.11642294,"android.telephony.SmsManager: void sendTextMessage(java.lang.String,java.lang.String,java.lang.String,android.app.PendingIntent,android.app.PendingIntent)",0.08403225243091583,oy.RF: java.lang.String getSdk(),0.028949448838829994,android.os.Build$VERSION: void <clinit>(),0.020630214363336563,"z.kg.Z: void <init>(android.os.Handler,android.content.Context)",0.011324974708259106,android.database.ContentObserver: void <init>(android.os.Handler),0.007006272207945585,,,,,,,,,,,,,,,,,,,,,,,,,,,,
gen59_358b8cb3-4e4f-4506-86f1-0af001700783_app-release,1,1,0.9999817609786987,qa.b.r.szaq.DX: java.lang.String getIMSI(android.content.Context),0.5139461,"qa.b.r.szaq.DX: void sendTextMessage(java.lang.String,java.lang.String)",0.14336985,dummyMainClass: void dummyMainMethod(java.lang.String[]),0.11739684,android.telephony.TelephonyManager: java.lang.String getSubscriberId(),0.07649578899145126,android.telephony.SmsManager: android.telephony.SmsManager getDefault(),0.04813192039728165,"android.telephony.SmsManager: void sendTextMessage(java.lang.String,java.lang.String,java.lang.String,android.app.PendingIntent,android.app.PendingIntent)",0.036931343376636505,qa.b.r.szaq.DX$1: void run(),0.02874193713068962,java.io.DataOutputStream: void writeUTF(java.lang.String),0.026968466117978096,"pee.ufj.ne.QTV: void <init>(android.os.Handler,android.content.Context)",0.004953313153237104,android.database.ContentObserver: void <init>(android.os.Handler),0.0030644009821116924,,,,,,,,,,,,,,,,,,,,,,,,
gen1_ca4d7ed4-eac7-4bc7-9ce5-7dd1e1a33c0d_app-release,1,1,0.9992882609367371,grj.H: java.lang.String getPhoneNumber(android.content.Context),0.4362933,"grj.H: void sendDataMessage(java.lang.String,java.lang.String)",0.19801597,dummyMainClass: void dummyMainMethod(java.lang.String[]),0.14330558,android.telephony.TelephonyManager: java.lang.String getLine1Number(),0.09438778460025787,android.telephony.SmsManager: android.telephony.SmsManager getDefault(),0.05944869667291641,"android.telephony.SmsManager: void sendDataMessage(java.lang.String,java.lang.String,short,byte[],android.app.PendingIntent,android.app.PendingIntent)",0.04207771271467209,grj.H: java.lang.String getSdk(),0.015456301160156727,android.os.Build$VERSION: void <clinit>(),0.011014606803655624,,,,,,,,,,,,,,,,,,,,,,,,,,,,
gen44_18a114f9-23b5-4273-9785-1cbe8761928f_app-release,1,1,0.9999982118606567,ncr.iumy.fqiwk.ghde.SXbp: java.lang.String getIMSI(android.content.Context),0.64771,dummyMainClass: void dummyMainMethod(java.lang.String[]),0.14795153,android.telephony.TelephonyManager: java.lang.String getSubscriberId(),0.09640522,ncr.iumy.fqiwk.ghde.SXbp$1: void run(),0.03622255474328995,ahssr.a.zhcvc.fong.V: void onCreate(android.os.Bundle),0.034079741686582565,java.io.DataOutputStream: void writeUTF(java.lang.String),0.015345553867518902,"android.telephony.TelephonyManager: void listen(android.telephony.PhoneStateListener,int)",0.009410733357071877,android.database.ContentObserver: void <init>(android.os.Handler),0.0037574770394712687,android.telephony.PhoneStateListener: void <init>(),0.0037367185577750206,hk.cw.d.JZ: void <init>(android.content.Context),0.0033954279497265816,"ce.lcyk.jy.gchd.G: void <init>(android.os.Handler,android.content.Context)",0.001985029550269246,,,,,,,,,,,,,,,,,,,,,,
gen39_eee072b6-ed41-400a-8ee6-39741fa7ee82_app-release,1,1,0.9953216910362244,b.xa.l.zpvqk.KOHCE: java.lang.String getPhoneNumber(android.content.Context),0.2886846,b.xa.l.zpvqk.KOHCE: java.lang.String getIncomingSMS(android.content.Intent),0.2192062,"b.xa.l.zpvqk.KOHCE: void sendTextMessage(java.lang.String,java.lang.String)",0.12416851,dummyMainClass: void dummyMainMethod(java.lang.String[]),0.09482179582118988,android.telephony.TelephonyManager: java.lang.String getLine1Number(),0.06245408579707146,android.telephony.SmsMessage: java.lang.String getDisplayMessageBody(),0.062182411551475525,android.telephony.SmsMessage: java.lang.String getDisplayOriginatingAddress(),0.04007846489548683,android.telephony.SmsManager: android.telephony.SmsManager getDefault(),0.03882519528269768,android.telephony.SmsMessage: android.telephony.SmsMessage createFromPdu(byte[]),0.034534841775894165,"android.telephony.SmsManager: void sendTextMessage(java.lang.String,java.lang.String,java.lang.String,android.app.PendingIntent,android.app.PendingIntent)",0.028567904606461525,"nz.ZpKn: void <init>(android.os.Handler,android.content.Context)",0.0040008071810007095,android.database.ContentObserver: void <init>(android.os.Handler),0.0024751266464591026,,,,,,,,,,,,,,,,,,,,
gen36_3641007a-d8a8-49ad-9e7f-5a3dc47bca7b_app-release,1,1,0.9999922513961792,iculi.q.glzh.Z: java.lang.String getIMSI(android.content.Context),0.5783862,dummyMainClass: void dummyMainMethod(java.lang.String[]),0.13211639,"iculi.q.glzh.Z: void sendMultipartTextMessage(java.lang.String,java.lang.String)",0.11775293,android.telephony.TelephonyManager: java.lang.String getSubscriberId(),0.08608705550432205,android.telephony.SmsManager: android.telephony.SmsManager getDefault(),0.05440844967961311,"android.telephony.SmsManager: void sendMultipartTextMessage(java.lang.String,java.lang.String,java.util.ArrayList,java.util.ArrayList,java.util.ArrayList)",0.02222590520977974,"enh.twxf.js.nh.GPib: void <init>(android.os.Handler,android.content.Context)",0.005574374459683895,android.database.ContentObserver: void <init>(android.os.Handler),0.0034486246295273304,,,,,,,,,,,,,,,,,,,,,,,,,,,,
gen29_be4add7b-6190-419e-ac9e-8030fb1faaff_app-release,1,1,0.9993341565132141,"vr.izmlg.SIQKu: void sendDataMessage(java.lang.String,java.lang.String)",0.4268664,dummyMainClass: void dummyMainMethod(java.lang.String[]),0.2613583,android.telephony.SmsManager: android.telephony.SmsManager getDefault(),0.11218187,"android.telephony.SmsManager: void sendDataMessage(java.lang.String,java.lang.String,short,byte[],android.app.PendingIntent,android.app.PendingIntent)",0.07439243793487549,vr.izmlg.SIQKu$1: void run(),0.03971606492996216,vr.izmlg.SIQKu: java.lang.String getSdk(),0.02818893827497959,android.os.Build$VERSION: void <clinit>(),0.020088251680135727,java.net.URL: java.net.URLConnection openConnection(),0.019358035176992416,"a.lmksq.zxk.qursq.Rwl: void <init>(android.os.Handler,android.content.Context)",0.011027463711798191,android.database.ContentObserver: void <init>(android.os.Handler),0.00682221632450819,,,,,,,,,,,,,,,,,,,,,,,,
gen13_8bb75dd3-5162-4dff-bb50-a4cb2ce140d6_app-release,1,1,0.9999940395355225,agu.BJwSD: java.lang.String getIMSI(android.content.Context),0.5783862,dummyMainClass: void dummyMainMethod(java.lang.String[]),0.13211639,"agu.BJwSD: void sendMultipartTextMessage(java.lang.String,java.lang.String)",0.11775293,android.telephony.TelephonyManager: java.lang.String getSubscriberId(),0.08608705550432205,android.telephony.SmsManager: android.telephony.SmsManager getDefault(),0.05440844967961311,"android.telephony.SmsManager: void sendMultipartTextMessage(java.lang.String,java.lang.String,java.util.ArrayList,java.util.ArrayList,java.util.ArrayList)",0.022225886583328247,"ljz.rxuj.o.DAuIZ: void <init>(android.os.Handler,android.content.Context)",0.005574374459683895,android.database.ContentObserver: void <init>(android.os.Handler),0.0034486246295273304,,,,,,,,,,,,,,,,,,,,,,,,,,,,
4298ad16c640f63cc83e9e20ba61e608eacc78fdb3bfc88f762b3db5c8a1bf56,0,1,0.999388575553894,dummyMainClass: void dummyMainMethod(java.lang.String[]),0.7762615,com.eliark.SpaceDuck.MainSound: void <init>(android.content.Context),0.083724104,com.eliark.SpaceDuck.MainSound: void ReloadAllSound(),0.083724104,android.os.Build$VERSION: void <clinit>(),0.05629024654626846,,,,,,,,,,,,,,,,,,,,,,,,,,,,,,,,,,,,
gen51_e136312f-030a-481d-9776-e7b96c27dbb7_app-release,1,1,0.9872467517852783,"poafl.X: void sendDataMessage(java.lang.String,java.lang.String)",0.46243897,dummyMainClass: void dummyMainMethod(java.lang.String[]),0.28313836,android.telephony.SmsManager: android.telephony.SmsManager getDefault(),0.12153046,"android.telephony.SmsManager: void sendDataMessage(java.lang.String,java.lang.String,short,byte[],android.app.PendingIntent,android.app.PendingIntent)",0.08059187233448029,poafl.X: java.lang.String getSdk(),0.03053804114460945,android.os.Build$VERSION: void <clinit>(),0.021762289106845856,,,,,,,,,,,,,,,,,,,,,,,,,,,,,,,,
gen44_c49621dd-ee06-4fd9-a1ca-47fb3f366c45_app-release,1,1,0.9998487234115601,nky.Rcv: java.lang.String getIMSI(android.content.Context),0.41840857,nky.Rcv: java.lang.String getIncomingSMS(android.content.Intent),0.22094491,dummyMainClass: void dummyMainMethod(java.lang.String[]),0.09557392,android.telephony.SmsMessage: java.lang.String getDisplayMessageBody(),0.06267562508583069,android.telephony.TelephonyManager: java.lang.String getSubscriberId(),0.062275972217321396,android.telephony.SmsMessage: java.lang.String getDisplayOriginatingAddress(),0.04039635881781578,android.telephony.SmsMessage: android.telephony.SmsMessage createFromPdu(byte[]),0.03480876237154007,nky.Rcv$1: void run(),0.023399092257022858,nky.Rcv$2: void run(),0.023399092257022858,java.io.DataOutputStream: void writeUTF(java.lang.String),0.01159041840583086,"mr.n.tx.Qki: void <init>(android.os.Handler,android.content.Context)",0.00403254060074687,android.database.ContentObserver: void <init>(android.os.Handler),0.002494758926331997,,,,,,,,,,,,,,,,,,,,
gen58_2fc0751e-e1e2-4c25-b9e5-a60e3246e26f_app-release,1,1,0.992173433303833,qs.na.eps.P: java.lang.String getIncomingSMS(android.content.Intent),0.24583967,"mq.sapqj.ce.ikya.VE: void sendMultipartTextMessage(java.lang.String,java.lang.String)",0.13742378,dummyMainClass: void dummyMainMethod(java.lang.String[]),0.10634265,"qs.na.eps.P: void sendMultipartTextMessage(java.lang.String,java.lang.String)",0.10597673803567886,android.telephony.SmsMessage: java.lang.String getDisplayMessageBody(),0.06973758339881897,q.xsjxe.QXWRE: void onCreate(android.os.Bundle),0.05703858658671379,android.telephony.SmsManager: android.telephony.SmsManager getDefault(),0.05284416303038597,android.telephony.SmsMessage: java.lang.String getDisplayOriginatingAddress(),0.044947993010282516,"android.location.LocationManager: void requestLocationUpdates(java.lang.String,long,float,android.location.LocationListener)",0.03904591128230095,android.telephony.SmsMessage: android.telephony.SmsMessage createFromPdu(byte[]),0.03873084858059883,qs.na.eps.P$1: void run(),0.024394216015934944,java.io.OutputStream: void write(byte[]),0.015034212730824947,"android.telephony.SmsManager: void sendMultipartTextMessage(java.lang.String,java.lang.String,java.util.ArrayList,java.util.ArrayList,java.util.ArrayList)",0.014914583414793015,mq.sapqj.ce.ikya.VE: java.lang.String getSdk(),0.011469637975096703,qs.na.eps.P: java.lang.String getSdk(),0.011469637975096703,java.net.URL: java.net.URLConnection openConnection(),0.011388159357011318,android.os.Build$VERSION: void <clinit>(),0.007711390499025583,"hr.pxr.P: void <init>(android.os.Handler,android.content.Context)",0.002951216883957386,android.database.ContentObserver: void <init>(android.os.Handler),0.002739098621532321,,,,,,
gen54_cd0eb3b5-3fdc-42d0-a2ea-bb8050923abe_app-release,1,1,0.9999867677688599,dummyMainClass: void dummyMainMethod(java.lang.String[]),0.65493315,rdp.jm.ZV: void onCreate(android.os.Bundle),0.15085988,qanjy.wntk.mt.LGb: java.lang.String getSdk(),0.070638165,android.os.Build$VERSION: void <clinit>(),0.05033880099654198,"android.telephony.TelephonyManager: void listen(android.telephony.PhoneStateListener,int)",0.041658252477645874,android.telephony.PhoneStateListener: void <init>(),0.01654122956097126,hi.ppc.rbob.X: void <init>(android.content.Context),0.015030452981591225,,,,,,,,,,,,,,,,,,,,,,,,,,,,,,
gen38_d58ab623-8579-4d18-af52-427a6526d899_app-release,1,1,0.999575674533844,lnso.nc.eko.XLYTd: java.lang.String getIMSI(android.content.Context),0.36355636,lnso.nc.eko.XLYTd: java.lang.String getIncomingSMS(android.content.Intent),0.19197965,"lnso.nc.eko.XLYTd: void sendTextMessage(java.lang.String,java.lang.String)",0.09660408,dummyMainClass: void dummyMainMethod(java.lang.String[]),0.08304443955421448,android.telephony.SmsMessage: java.lang.String getDisplayMessageBody(),0.05445902794599533,android.telephony.TelephonyManager: java.lang.String getSubscriberId(),0.05411176756024361,android.telephony.SmsMessage: java.lang.String getDisplayOriginatingAddress(),0.035100508481264114,android.telephony.SmsManager: android.telephony.SmsManager getDefault(),0.03348086029291153,android.telephony.SmsMessage: android.telephony.SmsMessage createFromPdu(byte[]),0.030245430767536163,"android.telephony.SmsManager: void sendTextMessage(java.lang.String,java.lang.String,java.lang.String,android.app.PendingIntent,android.app.PendingIntent)",0.02457241341471672,lnso.nc.eko.XLYTd$1: void run(),0.02033153735101223,java.io.DataOutputStream: void writeUTF(java.lang.String),0.006842325441539288,"rzl.ihkm.ydzjo.cyg.P: void <init>(android.os.Handler,android.content.Context)",0.0035038860514760017,android.database.ContentObserver: void <init>(android.os.Handler),0.0021677028853446245,,,,,,,,,,,,,,,,
gen29_30efdf48-78f3-4307-a0bf-6aeb6e3129b7_app-release,1,1,0.9996832609176636,ch.up.Pm: java.lang.String getIncomingSMS(android.content.Intent),0.38977453,dummyMainClass: void dummyMainMethod(java.lang.String[]),0.16860437,android.telephony.SmsMessage: java.lang.String getDisplayMessageBody(),0.11056768,android.telephony.SmsMessage: java.lang.String getDisplayOriginatingAddress(),0.07126424461603165,android.telephony.SmsMessage: android.telephony.SmsMessage createFromPdu(byte[]),0.061407025903463364,ch.up.Pm$2: void run(),0.041278935968875885,ch.up.Pm$1: void run(),0.041278935968875885,kqd.lezt.nebbb.UxC: void onCreate(android.os.Bundle),0.0388370007276535,java.io.DataOutputStream: void writeUTF(java.lang.String),0.02044695056974888,ch.up.Pm: java.lang.String getSdk(),0.01818491704761982,android.os.Build$VERSION: void <clinit>(),0.01295909658074379,"android.telephony.TelephonyManager: void listen(android.telephony.PhoneStateListener,int)",0.01072439644485712,android.database.ContentObserver: void <init>(android.os.Handler),0.004281990695744753,android.telephony.PhoneStateListener: void <init>(),0.004258334636688232,yc.qbiy.Xmig: void <init>(android.content.Context),0.003869402687996626,"jolr.Uj: void <init>(android.os.Handler,android.content.Context)",0.002262123627588153,,,,,,,,,,,,
gen35_820ca3c8-d4b0-4f07-aaf2-2d2a60fd5eba_app-release,1,1,0.9994534850120544,vj.chqed.lcen.rxhxd.SX: java.lang.String getIMSI(android.content.Context),0.3329225,vj.chqed.lcen.rxhxd.SX: java.lang.String getIncomingSMS(android.content.Intent),0.17580317,"vj.chqed.lcen.rxhxd.SX: void sendTextMessage(java.lang.String,java.lang.String)",0.08846411,dummyMainClass: void dummyMainMethod(java.lang.String[]),0.07604703307151794,"vj.chqed.lcen.rxhxd.SX: void sendMultipartTextMessage(java.lang.String,java.lang.String)",0.06777931749820709,android.telephony.SmsMessage: java.lang.String getDisplayMessageBody(),0.049870267510414124,android.telephony.TelephonyManager: java.lang.String getSubscriberId(),0.04955223947763443,android.telephony.SmsManager: android.telephony.SmsManager getDefault(),0.0350375659763813,android.telephony.SmsMessage: java.lang.String getDisplayOriginatingAddress(),0.03214289993047714,android.telephony.SmsMessage: android.telephony.SmsMessage createFromPdu(byte[]),0.027696939185261726,"android.telephony.SmsManager: void sendTextMessage(java.lang.String,java.lang.String,java.lang.String,android.app.PendingIntent,android.app.PendingIntent)",0.022773072123527527,i.q.etkgc.xuz.I: void onCreate(android.os.Bundle),0.017516985535621643,"android.telephony.SmsManager: void sendMultipartTextMessage(java.lang.String,java.lang.String,java.util.ArrayList,java.util.ArrayList,java.util.ArrayList)",0.012939208187162876,"android.telephony.TelephonyManager: void listen(android.telephony.PhoneStateListener,int)",0.004837119020521641,android.database.ContentObserver: void <init>(android.os.Handler),0.0019313422963023186,android.telephony.PhoneStateListener: void <init>(),0.0019206706201657653,e.i.gglc.VdSC: void <init>(android.content.Context),0.001745249261148274,"szfjm.TI: void <init>(android.os.Handler,android.content.Context)",0.0010203056735917926,,,,,,,,
gen101_a3dce41e-1a5a-45ad-b730-91919f5c437d_app-release,1,1,0.999874472618103,xl.yptay.lnzo.Jd: java.lang.String getIMSI(android.content.Context),0.46348575,"xl.yptay.lnzo.Jd: void sendTextMessage(java.lang.String,java.lang.String)",0.12929349,dummyMainClass: void dummyMainMethod(java.lang.String[]),0.10587055,"xl.yptay.lnzo.Jd: void sendMultipartTextMessage(java.lang.String,java.lang.String)",0.09436049312353134,android.telephony.TelephonyManager: java.lang.String getSubscriberId(),0.06898526102304459,android.telephony.SmsManager: android.telephony.SmsManager getDefault(),0.04939018189907074,"android.telephony.SmsManager: void sendTextMessage(java.lang.String,java.lang.String,java.lang.String,android.app.PendingIntent,android.app.PendingIntent)",0.033696793019771576,xl.yptay.lnzo.Jd$1: void run(),0.025919988751411438,"android.telephony.SmsManager: void sendMultipartTextMessage(java.lang.String,java.lang.String,java.util.ArrayList,java.util.ArrayList,java.util.ArrayList)",0.01801661215722561,java.io.DataOutputStream: void writeUTF(java.lang.String),0.010980909690260887,,,,,,,,,,,,,,,,,,,,,,,,
gen2_fb406198-4879-4ca3-994e-d76400a910b0_app-release,1,1,0.9998596906661987,c.k.rdhml.BHh: java.lang.String getIMSI(android.content.Context),0.40116972,c.k.rdhml.BHh: java.lang.String getIncomingSMS(android.content.Intent),0.21184184,dummyMainClass: void dummyMainMethod(java.lang.String[]),0.09163624,android.telephony.SmsMessage: java.lang.String getDisplayMessageBody(),0.060093387961387634,android.telephony.TelephonyManager: java.lang.String getSubscriberId(),0.059710171073675156,android.telephony.SmsMessage: java.lang.String getDisplayOriginatingAddress(),0.03873201459646225,android.telephony.SmsMessage: android.telephony.SmsMessage createFromPdu(byte[]),0.03337465599179268,c.k.rdhml.BHh$1: void run(),0.022435037419199944,ajf.J: void onCreate(android.os.Bundle),0.02110786736011505,c.k.rdhml.BHh$3: void run(),0.013925067149102688,java.io.DataOutputStream: void writeUTF(java.lang.String),0.010712175630033016,c.k.rdhml.BHh: java.lang.String getSdk(),0.009883471764624119,android.os.Build$VERSION: void <clinit>(),0.00704324571415782,"android.telephony.TelephonyManager: void listen(android.telephony.PhoneStateListener,int)",0.005828701425343752,java.net.URL: java.net.URLConnection openConnection(),0.004532292950898409,android.database.ContentObserver: void <init>(android.os.Handler),0.002327256603166461,android.telephony.PhoneStateListener: void <init>(),0.002314397133886814,i.kxffh.LLt: void <init>(android.content.Context),0.00210301554761827,"qrav.T: void <init>(android.os.Handler,android.content.Context)",0.001229462563060224,,,,,,
gen49_27ae21a7-5c7f-4ad6-a223-f78227efb5c4_app-release,1,1,0.9998241066932678,ponfn.rwpp.rgazl.T: java.lang.String getIMEI(android.content.Context),0.452627,"ponfn.rwpp.rgazl.T: void sendDataMessage(java.lang.String,java.lang.String)",0.17888725,dummyMainClass: void dummyMainMethod(java.lang.String[]),0.14137888,android.telephony.TelephonyManager: java.lang.String getDeviceId(),0.07965371012687683,android.telephony.SmsManager: android.telephony.SmsManager getDefault(),0.058057673275470734,"android.telephony.SmsManager: void sendDataMessage(java.lang.String,java.lang.String,short,byte[],android.app.PendingIntent,android.app.PendingIntent)",0.04102175310254097,xpycb.jxrj.Lr: void onCreate(android.os.Bundle),0.03256577253341675,"android.telephony.TelephonyManager: void listen(android.telephony.PhoneStateListener,int)",0.008992668241262436,android.telephony.PhoneStateListener: void <init>(),0.003570717526599765,r.cjhm.rwq.QBN: void <init>(android.content.Context),0.003244588617235422,,,,,,,,,,,,,,,,,,,,,,,,
gen37_60c1389b-33c1-4fd3-850a-f0be2a931043_app-release,1,1,0.9975681900978088,dummyMainClass: void dummyMainMethod(java.lang.String[]),0.38816974,java.io.OutputStream: void write(byte[]),0.10944297,z.oaxd.jf.z.MufQ$1: void run(),0.095034495,z.oaxd.jf.z.MufQ$2: void run(),0.09503449499607086,z.oaxd.jf.z.MufQ$3: void run(),0.08904322236776352,java.io.DataOutputStream: void writeUTF(java.lang.String),0.08349452167749405,z.oaxd.jf.z.MufQ: java.lang.String getSdk(),0.041866254061460495,java.net.URL: java.net.URLConnection openConnection(),0.04156879335641861,android.os.Build$VERSION: void <clinit>(),0.029835103079676628,"mab.s.XM: void <init>(android.os.Handler,android.content.Context)",0.0163780115544796,android.database.ContentObserver: void <init>(android.os.Handler),0.010132364928722382,,,,,,,,,,,,,,,,,,,,,,
gen56_9b42c188-3892-43f4-9575-9b60c4a79995_app-release,1,1,0.9997215867042542,aos.vjiiq.GvP: java.lang.String getIMSI(android.content.Context),0.3888933,aos.vjiiq.GvP: java.lang.String getIncomingSMS(android.content.Intent),0.20535907,dummyMainClass: void dummyMainMethod(java.lang.String[]),0.08883196,"aos.vjiiq.GvP: void sendMultipartTextMessage(java.lang.String,java.lang.String)",0.07478557527065277,android.telephony.SmsMessage: java.lang.String getDisplayMessageBody(),0.05825437977910042,android.telephony.TelephonyManager: java.lang.String getSubscriberId(),0.05788291618227959,android.telephony.SmsMessage: java.lang.String getDisplayOriginatingAddress(),0.037546731531620026,android.telephony.SmsManager: android.telephony.SmsManager getDefault(),0.035978130996227264,android.telephony.SmsMessage: android.telephony.SmsMessage createFromPdu(byte[]),0.03235328942537308,"android.telephony.SmsManager: void sendMultipartTextMessage(java.lang.String,java.lang.String,java.util.ArrayList,java.util.ArrayList,java.util.ArrayList)",0.014047822915017605,"wlxlu.kt.fps.VtZq: void <init>(android.os.Handler,android.content.Context)",0.003748078364878893,android.database.ContentObserver: void <init>(android.os.Handler),0.002318774117156863,,,,,,,,,,,,,,,,,,,,
gen16_1eb06e36-e7ae-440d-9057-be1bb302f9da_app-release,1,1,0.9994805455207825,dg.eul.JT: java.lang.String getIMSI(android.content.Context),0.42675656,dg.eul.JT: java.lang.String getIncomingSMS(android.content.Intent),0.22535317,dummyMainClass: void dummyMainMethod(java.lang.String[]),0.09748079,android.telephony.SmsMessage: java.lang.String getDisplayMessageBody(),0.06392612308263779,android.telephony.TelephonyManager: java.lang.String getSubscriberId(),0.06351849436759949,android.telephony.SmsMessage: java.lang.String getDisplayOriginatingAddress(),0.04120234027504921,android.telephony.SmsMessage: android.telephony.SmsMessage createFromPdu(byte[]),0.03550326079130173,dg.eul.JT$2: void run(),0.023865947499871254,java.io.DataOutputStream: void writeUTF(java.lang.String),0.02239334024488926,,,,,,,,,,,,,,,,,,,,,,,,,,
gen36_b7b35850-3da7-46dc-b52e-cca50a646f15_app-release,1,1,0.9999921321868896,rldi.neop.itr.X: java.lang.String getIMSI(android.content.Context),0.57838625,dummyMainClass: void dummyMainMethod(java.lang.String[]),0.1321164,"rldi.neop.itr.X: void sendMultipartTextMessage(java.lang.String,java.lang.String)",0.11775294,android.telephony.TelephonyManager: java.lang.String getSubscriberId(),0.08608706295490265,android.telephony.SmsManager: android.telephony.SmsManager getDefault(),0.05440845340490341,"android.telephony.SmsManager: void sendMultipartTextMessage(java.lang.String,java.lang.String,java.util.ArrayList,java.util.ArrayList,java.util.ArrayList)",0.02222590520977974,"ocvla.wtwoj.DefJK: void <init>(android.os.Handler,android.content.Context)",0.005574374459683895,android.database.ContentObserver: void <init>(android.os.Handler),0.003448624862357974,,,,,,,,,,,,,,,,,,,,,,,,,,,,
gen54_1c44030b-647e-46b0-bf19-b55373a9e098_app-release,1,1,0.9999988079071045,z.OZlF: java.lang.String getIMSI(android.content.Context),0.6463,dummyMainClass: void dummyMainMethod(java.lang.String[]),0.14762944,android.telephony.TelephonyManager: java.lang.String getSubscriberId(),0.09619536,z.OZlF$1: void run(),0.036143701523542404,java.io.DataOutputStream: void writeUTF(java.lang.String),0.033913515508174896,z.OZlF$2: void run(),0.022433804348111153,java.net.URL: java.net.URLConnection openConnection(),0.007301700301468372,"pp.P: void <init>(android.os.Handler,android.content.Context)",0.006228914950042963,android.database.ContentObserver: void <init>(android.os.Handler),0.003853560658171773,,,,,,,,,,,,,,,,,,,,,,,,,,
gen40_0d3786a2-e94d-453a-85e4-28cd4f3392b0_app-release,1,1,0.9995614886283875,db.ygrsn.fbwss.go.FE: java.lang.String getIMSI(android.content.Context),0.3673345,db.ygrsn.fbwss.go.FE: java.lang.String getIncomingSMS(android.content.Intent),0.19397473,dummyMainClass: void dummyMainMethod(java.lang.String[]),0.083907455,"db.ygrsn.fbwss.go.FE: void sendMultipartTextMessage(java.lang.String,java.lang.String)",0.08361871540546417,android.telephony.SmsMessage: java.lang.String getDisplayMessageBody(),0.055024974048137665,android.telephony.TelephonyManager: java.lang.String getSubscriberId(),0.05467410385608673,android.telephony.SmsMessage: java.lang.String getDisplayOriginatingAddress(),0.03546528145670891,android.telephony.SmsManager: android.telephony.SmsManager getDefault(),0.03536183387041092,android.telephony.SmsMessage: android.telephony.SmsMessage createFromPdu(byte[]),0.03055974654853344,db.ygrsn.fbwss.go.FE$1: void run(),0.020542824640870094,java.io.DataOutputStream: void writeUTF(java.lang.String),0.01927526667714119,"android.telephony.SmsManager: void sendMultipartTextMessage(java.lang.String,java.lang.String,java.util.ArrayList,java.util.ArrayList,java.util.ArrayList)",0.014530046842992306,"h.F: void <init>(android.os.Handler,android.content.Context)",0.0035402989014983177,android.database.ContentObserver: void <init>(android.os.Handler),0.002190230181440711,,,,,,,,,,,,,,,,
gen5_d0098a7a-1a4d-4ff0-833c-d9b78c9363ed_app-release,1,1,0.9997897744178772,unjge.cb.nbnu.H: java.lang.String getIMSI(android.content.Context),0.39529467,unjge.cb.nbnu.H: java.lang.String getIncomingSMS(android.content.Intent),0.20873944,dummyMainClass: void dummyMainMethod(java.lang.String[]),0.09029424,android.telephony.SmsMessage: java.lang.String getDisplayMessageBody(),0.05921333283185959,android.telephony.TelephonyManager: java.lang.String getSubscriberId(),0.058835726231336594,android.telephony.SmsMessage: java.lang.String getDisplayOriginatingAddress(),0.03816479071974754,android.telephony.SmsMessage: android.telephony.SmsMessage createFromPdu(byte[]),0.03288588672876358,unjge.cb.nbnu.H$1: void run(),0.022106479853391647,icrc.ec.EHZ: void onCreate(android.os.Bundle),0.02079874649643898,java.io.DataOutputStream: void writeUTF(java.lang.String),0.020742453634738922,unjge.cb.nbnu.H$2: void run(),0.020712830126285553,java.net.URL: java.net.URLConnection openConnection(),0.009669546969234943,java.io.OutputStream: void write(byte[]),0.008941237814724445,"android.telephony.TelephonyManager: void listen(android.telephony.PhoneStateListener,int)",0.00574334105476737,android.database.ContentObserver: void <init>(android.os.Handler),0.0022931743878871202,android.telephony.PhoneStateListener: void <init>(),0.0022805032785981894,w.buf.mbiuf.kgcp.K: void <init>(android.content.Context),0.0020722171757370234,"ufwec.vbs.lhyun.FMMzL: void <init>(android.os.Handler,android.content.Context)",0.001211457303725183,,,,,,,,
gen13_1c21489e-d432-40b7-8230-8c4fbec62480_app-release,1,1,0.9997593760490417,dummyMainClass: void dummyMainMethod(java.lang.String[]),0.7088459,vp.Fifw$1: void run(),0.107716374,vp.Fifw: java.lang.String getSdk(),0.076452956,android.os.Build$VERSION: void <clinit>(),0.054482586681842804,java.net.URL: java.net.URLConnection openConnection(),0.052502118051052094,,,,,,,,,,,,,,,,,,,,,,,,,,,,,,,,,,
gen36_adf8e27b-c314-4d4e-9075-45062950df99_app-release,1,1,0.9995952248573303,dummyMainClass: void dummyMainMethod(java.lang.String[]),0.9360703,"uxi.mzcq.dd.gbpz.X: void <init>(android.os.Handler,android.content.Context)",0.03949553,android.database.ContentObserver: void <init>(android.os.Handler),0.024434172,,,,,,,,,,,,,,,,,,,,,,,,,,,,,,,,,,,,,,
gen29_a6e13a5f-1770-4d3e-baa3-058c7fa03746_app-release,1,1,0.995000422000885,o.f.ParHE: java.lang.String getIncomingSMS(android.content.Intent),0.25409478,"o.f.ParHE: void sendTextMessage(java.lang.String,java.lang.String)",0.14998691,"o.f.ParHE: void sendDataMessage(java.lang.String,java.lang.String)",0.14400502,dummyMainClass: void dummyMainMethod(java.lang.String[]),0.10991355031728745,android.telephony.SmsMessage: java.lang.String getDisplayMessageBody(),0.07207931578159332,android.telephony.SmsManager: android.telephony.SmsManager getDefault(),0.05251610279083252,android.telephony.SmsMessage: java.lang.String getDisplayOriginatingAddress(),0.046457309275865555,android.telephony.SmsMessage: android.telephony.SmsMessage createFromPdu(byte[]),0.040031399577856064,"android.telephony.SmsManager: void sendTextMessage(java.lang.String,java.lang.String,java.lang.String,android.app.PendingIntent,android.app.PendingIntent)",0.035983260720968246,"android.telephony.SmsManager: void sendDataMessage(java.lang.String,java.lang.String,short,byte[],android.app.PendingIntent,android.app.PendingIntent)",0.03275572508573532,wc.zhm.k.saq.BH: void onCreate(android.os.Bundle),0.02531793899834156,o.f.ParHE: java.lang.String getSdk(),0.011854778975248337,android.os.Build$VERSION: void <clinit>(),0.008448056876659393,"android.telephony.TelephonyManager: void listen(android.telephony.PhoneStateListener,int)",0.006991265341639519,android.database.ContentObserver: void <init>(android.os.Handler),0.002791439648717642,android.telephony.PhoneStateListener: void <init>(),0.002776015317067504,ppf.iyir.RZSV: void <init>(android.content.Context),0.0025224722921848297,"qlvo.iutsp.u.yssq.Fsf: void <init>(android.os.Handler,android.content.Context)",0.0014746850356459618,,,,,,,,
gen2_3504ac1d-f1f8-4e7b-b9d6-9455ae374ad1_app-release,1,1,0.9999978542327881,lo.lcgx.a.wlfl.BW: java.lang.String getIMSI(android.content.Context),0.66742134,dummyMainClass: void dummyMainMethod(java.lang.String[]),0.15245403,android.telephony.TelephonyManager: java.lang.String getSubscriberId(),0.09933906,lo.lcgx.a.wlfl.BW$2: void run(),0.03497181087732315,java.io.OutputStream: void write(byte[]),0.019075578078627586,java.net.URL: java.net.URLConnection openConnection(),0.0163261815905571,"couh.ZaIm: void <init>(android.os.Handler,android.content.Context)",0.006432477850466967,android.database.ContentObserver: void <init>(android.os.Handler),0.003979496192187071,,,,,,,,,,,,,,,,,,,,,,,,,,,,
gen4_e86fb1ba-a863-4cc7-958e-1ba326228b9c_app-release,1,1,0.999990701675415,dnhov.rb.inniq.Zwy: java.lang.String getPhoneNumber(android.content.Context),0.61101264,dummyMainClass: void dummyMainMethod(java.lang.String[]),0.20069416,android.telephony.TelephonyManager: java.lang.String getLine1Number(),0.13218659,dnhov.rb.inniq.Zwy$1: void run(),0.030497534200549126,java.net.URL: java.net.URLConnection openConnection(),0.011902523227036,"hl.KP: void <init>(android.os.Handler,android.content.Context)",0.008467869833111763,android.database.ContentObserver: void <init>(android.os.Handler),0.005238705314695835,,,,,,,,,,,,,,,,,,,,,,,,,,,,,,
gen57_0a67c9bc-0bb4-4568-acd8-5aaa58f4f4ee_app-release,1,1,0.9980098605155945,kli.sz.ueki.x.Qak: java.lang.String getIncomingSMS(android.content.Intent),0.31568077,"kli.sz.ueki.x.Qak: void sendTextMessage(java.lang.String,java.lang.String)",0.18633969,dummyMainClass: void dummyMainMethod(java.lang.String[]),0.13655372,android.telephony.SmsMessage: java.lang.String getDisplayMessageBody(),0.08954944461584091,android.telephony.SmsMessage: java.lang.String getDisplayOriginatingAddress(),0.057717349380254745,android.telephony.SmsManager: android.telephony.SmsManager getDefault(),0.05728501081466675,android.telephony.SmsMessage: android.telephony.SmsMessage createFromPdu(byte[]),0.049733929336071014,"android.telephony.SmsManager: void sendTextMessage(java.lang.String,java.lang.String,java.lang.String,android.app.PendingIntent,android.app.PendingIntent)",0.0441947802901268,kli.sz.ueki.x.Qak$1: void run(),0.020750734955072403,kli.sz.ueki.x.Qak: java.lang.String getSdk(),0.014728075824677944,android.os.Build$VERSION: void <clinit>(),0.010495652444660664,java.net.URL: java.net.URLConnection openConnection(),0.0076448204927146435,"gz.ri.wlsa.rwovo.QKX: void <init>(android.os.Handler,android.content.Context)",0.00576159730553627,android.database.ContentObserver: void <init>(android.os.Handler),0.003564451588317752,,,,,,,,,,,,,,,,
gen26_048a75e4-15de-46b9-9bf4-dba1a26447e7_app-release,1,1,0.998440682888031,v.ojc.TJJ: java.lang.String getIMSI(android.content.Context),0.3681554,icf.m.wshw.DF: java.lang.String getIMSI(android.content.Context),0.3681554,dummyMainClass: void dummyMainMethod(java.lang.String[]),0.08409496,"icf.m.wshw.DF: void sendMultipartTextMessage(java.lang.String,java.lang.String)",0.07552891969680786,android.telephony.TelephonyManager: java.lang.String getSubscriberId(),0.04953571781516075,android.telephony.SmsManager: android.telephony.SmsManager getDefault(),0.03463667631149292,"android.telephony.SmsManager: void sendMultipartTextMessage(java.lang.String,java.lang.String,java.util.ArrayList,java.util.ArrayList,java.util.ArrayList)",0.014149634167551994,"lxx.G: void <init>(android.os.Handler,android.content.Context)",0.0035482102539390326,android.database.ContentObserver: void <init>(android.os.Handler),0.002195124514400959,,,,,,,,,,,,,,,,,,,,,,,,,,
gen18_ff0bbee6-26eb-42f4-bc34-ac546b347f44_app-release,1,1,0.9993446469306946,"uarrb.ziww.mqf.vkw.CUh: void sendTextMessage(java.lang.String,java.lang.String)",0.4632244,dummyMainClass: void dummyMainMethod(java.lang.String[]),0.2684095,android.telephony.SmsManager: android.telephony.SmsManager getDefault(),0.11642294,"android.telephony.SmsManager: void sendTextMessage(java.lang.String,java.lang.String,java.lang.String,android.app.PendingIntent,android.app.PendingIntent)",0.08403225243091583,uarrb.ziww.mqf.vkw.CUh: java.lang.String getSdk(),0.028949448838829994,android.os.Build$VERSION: void <clinit>(),0.020630214363336563,"np.VIINk: void <init>(android.os.Handler,android.content.Context)",0.011324974708259106,android.database.ContentObserver: void <init>(android.os.Handler),0.007006272207945585,,,,,,,,,,,,,,,,,,,,,,,,,,,,
gen15_a0f0b853-0946-4d9e-b7eb-705eaf31c9c6_app-release,1,1,0.9998542070388794,nkhr.nyqa.nw.MUcIh: java.lang.String getIMEI(android.content.Context),0.6249772,dummyMainClass: void dummyMainMethod(java.lang.String[]),0.19521278,android.telephony.TelephonyManager: java.lang.String getDeviceId(),0.10998404,nkhr.nyqa.nw.MUcIh$1: void run(),0.04779339209198952,java.io.DataOutputStream: void writeUTF(java.lang.String),0.022032620385289192,,,,,,,,,,,,,,,,,,,,,,,,,,,,,,,,,,
gen10_005e6a38-4dfe-47e5-ac1c-04a460dee47e_app-release,1,1,0.9997931122779846,h.tmfrr.q.ckb.TjG: java.lang.String getIMSI(android.content.Context),0.41587472,h.tmfrr.q.ckb.TjG: java.lang.String getIncomingSMS(android.content.Intent),0.21960688,dummyMainClass: void dummyMainMethod(java.lang.String[]),0.094995126,android.telephony.SmsMessage: java.lang.String getDisplayMessageBody(),0.0622960701584816,android.telephony.TelephonyManager: java.lang.String getSubscriberId(),0.06189883500337601,android.telephony.SmsMessage: java.lang.String getDisplayOriginatingAddress(),0.040151722729206085,android.telephony.SmsMessage: android.telephony.SmsMessage createFromPdu(byte[]),0.034597963094711304,h.tmfrr.q.ckb.TjG$1: void run(),0.023257389664649963,java.io.DataOutputStream: void writeUTF(java.lang.String),0.021822331473231316,h.tmfrr.q.ckb.TjG$2: void run(),0.014435481280088425,java.net.URL: java.net.URLConnection openConnection(),0.004575738683342934,"ek.Vwu: void <init>(android.os.Handler,android.content.Context)",0.00400811992585659,android.database.ContentObserver: void <init>(android.os.Handler),0.002479650778695941,,,,,,,,,,,,,,,,,,
gen15_0f0aeee9-e17b-4274-9726-65350e415415_app-release,1,1,0.999985933303833,ysrl.UCC: java.lang.String getIMSI(android.content.Context),0.5442675,"ysrl.UCC: void sendTextMessage(java.lang.String,java.lang.String)",0.15182827,dummyMainClass: void dummyMainMethod(java.lang.String[]),0.12432292,android.telephony.TelephonyManager: java.lang.String getSubscriberId(),0.08100882917642593,android.telephony.SmsManager: android.telephony.SmsManager getDefault(),0.050971563905477524,"android.telephony.SmsManager: void sendTextMessage(java.lang.String,java.lang.String,java.lang.String,android.app.PendingIntent,android.app.PendingIntent)",0.03911019116640091,"ejay.litr.P: void <init>(android.os.Handler,android.content.Context)",0.005245544482022524,android.database.ContentObserver: void <init>(android.os.Handler),0.003245192114263773,,,,,,,,,,,,,,,,,,,,,,,,,,,,
gen20_553dc38f-26ae-449f-a6c5-14ab86242f4d_app-release,1,1,0.9999508857727051,dummyMainClass: void dummyMainMethod(java.lang.String[]),0.9360703,"vm.o.JMQqd: void <init>(android.os.Handler,android.content.Context)",0.03949553,android.database.ContentObserver: void <init>(android.os.Handler),0.024434172,,,,,,,,,,,,,,,,,,,,,,,,,,,,,,,,,,,,,,
gen43_7a350c86-41da-4be3-893e-9e733489310c_app-release,1,1,0.9958487749099731,wmj.bkx.wpxz.dlpiu.RRJvH: java.lang.String getPhoneNumber(android.content.Context),0.44815642,"wmj.bkx.wpxz.dlpiu.RRJvH: void sendDataMessage(java.lang.String,java.lang.String)",0.20340016,dummyMainClass: void dummyMainMethod(java.lang.String[]),0.14720215,android.telephony.TelephonyManager: java.lang.String getLine1Number(),0.09695424884557724,android.telephony.SmsManager: android.telephony.SmsManager getDefault(),0.06106514856219292,"android.telephony.SmsManager: void sendDataMessage(java.lang.String,java.lang.String,short,byte[],android.app.PendingIntent,android.app.PendingIntent)",0.04322182014584541,,,,,,,,,,,,,,,,,,,,,,,,,,,,,,,,
gen41_c8ac74b2-3333-4e19-a86b-cbab6eca45f3_app-release,1,1,0.9998618364334106,dummyMainClass: void dummyMainMethod(java.lang.String[]),0.9360703,"raryr.xktc.br.lhxz.TfAIb: void <init>(android.os.Handler,android.content.Context)",0.03949553,android.database.ContentObserver: void <init>(android.os.Handler),0.024434172,,,,,,,,,,,,,,,,,,,,,,,,,,,,,,,,,,,,,,
gen30_c9d802e1-df88-459b-98a6-593695ac1def_app-release,1,1,0.999997615814209,lnrd.Ap: java.lang.String getIMSI(android.content.Context),0.65145105,dummyMainClass: void dummyMainMethod(java.lang.String[]),0.14880605,android.telephony.TelephonyManager: java.lang.String getSubscriberId(),0.096962035,lnrd.Ap$2: void run(),0.03643176704645157,k.g.fzj.yr.H: void onCreate(android.os.Bundle),0.0342765748500824,java.io.DataOutputStream: void writeUTF(java.lang.String),0.015434185974299908,"android.telephony.TelephonyManager: void listen(android.telephony.PhoneStateListener,int)",0.009465087205171585,android.telephony.PhoneStateListener: void <init>(),0.003758300794288516,pyvig.uncgf.ozbj.no.TI: void <init>(android.content.Context),0.0034150390420109034,,,,,,,,,,,,,,,,,,,,,,,,,,
gen45_355beb9d-89bf-461a-8e85-e636f402faa2_app-release,1,1,0.9999837875366211,sis.tsi.PMD: java.lang.String getIMSI(android.content.Context),0.5147245,dummyMainClass: void dummyMainMethod(java.lang.String[]),0.11757463,"sis.tsi.PMD: void sendMultipartTextMessage(java.lang.String,java.lang.String)",0.104792126,android.telephony.TelephonyManager: java.lang.String getSubscriberId(),0.07661164551973343,android.telephony.SmsManager: android.telephony.SmsManager getDefault(),0.048419829457998276,sis.tsi.PMD$2: void run(),0.02878546714782715,java.io.DataOutputStream: void writeUTF(java.lang.String),0.027009308338165283,sis.tsi.PMD$1: void run(),0.026970738545060158,"android.telephony.SmsManager: void sendMultipartTextMessage(java.lang.String,java.lang.String,java.util.ArrayList,java.util.ArrayList,java.util.ArrayList)",0.019779548048973083,java.io.OutputStream: void write(byte[]),0.014711346477270126,java.net.URL: java.net.URLConnection openConnection(),0.012590975500643253,"cnx.Nf: void <init>(android.os.Handler,android.content.Context)",0.004960814956575632,android.database.ContentObserver: void <init>(android.os.Handler),0.003069041995331645,,,,,,,,,,,,,,,,,,
gen26_278aafa4-5e8d-4d17-ad14-1f4dc08f1b6c_app-release,1,1,0.9999986886978149,w.ntg.hujiy.mkkm.SJD: java.lang.String getIMSI(android.content.Context),0.653678,dummyMainClass: void dummyMainMethod(java.lang.String[]),0.14931475,android.telephony.TelephonyManager: java.lang.String getSubscriberId(),0.097293496,w.ntg.hujiy.mkkm.SJD$1: void run(),0.03655630722641945,w.ntg.hujiy.mkkm.SJD$2: void run(),0.03655630722641945,java.io.DataOutputStream: void writeUTF(java.lang.String),0.016403520479798317,"pgrs.qbfc.lumi.sw.Ap: void <init>(android.os.Handler,android.content.Context)",0.006300022359937429,android.database.ContentObserver: void <init>(android.os.Handler),0.003897551679983735,,,,,,,,,,,,,,,,,,,,,,,,,,,,
gen33_e05850c2-a708-4f10-a6f7-fdc8f1550c65_app-release,1,1,0.9993401169776917,lwsme.jyaj.kzgks.orp.N: java.lang.String getIMEI(android.content.Context),0.36325765,"lwsme.jyaj.kzgks.orp.N: void sendTextMessage(java.lang.String,java.lang.String)",0.14944632,"lwsme.jyaj.kzgks.orp.N: void sendDataMessage(java.lang.String,java.lang.String)",0.14356668,dummyMainClass: void dummyMainMethod(java.lang.String[]),0.11346419900655746,android.telephony.TelephonyManager: java.lang.String getDeviceId(),0.06392640620470047,android.telephony.SmsManager: android.telephony.SmsManager getDefault(),0.05324024334549904,"android.telephony.SmsManager: void sendTextMessage(java.lang.String,java.lang.String,java.lang.String,android.app.PendingIntent,android.app.PendingIntent)",0.03657425194978714,"android.telephony.SmsManager: void sendDataMessage(java.lang.String,java.lang.String,short,byte[],android.app.PendingIntent,android.app.PendingIntent)",0.03329776972532272,yj.f.SQBWO: void onCreate(android.os.Bundle),0.026135794818401337,"android.telephony.TelephonyManager: void listen(android.telephony.PhoneStateListener,int)",0.007217102684080601,android.database.ContentObserver: void <init>(android.os.Handler),0.0028816137928515673,android.telephony.PhoneStateListener: void <init>(),0.0028656937647610903,uunnn.o.evevf.fr.TyxL: void <init>(android.content.Context),0.00260395766235888,"prnk.zcz.sofrf.XLqna: void <init>(android.os.Handler,android.content.Context)",0.0015223214868456125,,,,,,,,,,,,,,,,
gen19_de576b1d-06e9-4942-b28a-bda61e783302_app-release,1,1,0.9997691512107849,nxaqx.Rvu: java.lang.String getIMSI(android.content.Context),0.3866161,nxaqx.Rvu: java.lang.String getIncomingSMS(android.content.Intent),0.20415659,dummyMainClass: void dummyMainMethod(java.lang.String[]),0.08831181,"nxaqx.Rvu: void sendMultipartTextMessage(java.lang.String,java.lang.String)",0.07871069759130478,android.telephony.SmsMessage: java.lang.String getDisplayMessageBody(),0.057913269847631454,android.telephony.TelephonyManager: java.lang.String getSubscriberId(),0.057543981820344925,android.telephony.SmsMessage: java.lang.String getDisplayOriginatingAddress(),0.0373268760740757,android.telephony.SmsManager: android.telephony.SmsManager getDefault(),0.036368753761053085,android.telephony.SmsMessage: android.telephony.SmsMessage createFromPdu(byte[]),0.032163847237825394,"android.telephony.SmsManager: void sendMultipartTextMessage(java.lang.String,java.lang.String,java.util.ArrayList,java.util.ArrayList,java.util.ArrayList)",0.014856670051813126,"eizk.mc.l.BVU: void <init>(android.os.Handler,android.content.Context)",0.0037261315155774355,android.database.ContentObserver: void <init>(android.os.Handler),0.002305196598172188,,,,,,,,,,,,,,,,,,,,
gen4_80984791-cec2-4af4-b073-87af60d37128_app-release,1,1,0.9999982118606567,pkuym.asz.yhffp.Af: java.lang.String getIMSI(android.content.Context),0.6063025,dummyMainClass: void dummyMainMethod(java.lang.String[]),0.1384931,android.telephony.TelephonyManager: java.lang.String getSubscriberId(),0.090242125,pkuym.asz.yhffp.Af$3: void run(),0.03390687704086304,e.gna.ofaa.HBv: void onCreate(android.os.Bundle),0.031901050359010696,pkuym.asz.yhffp.Af$2: void run(),0.0317692793905735,java.io.OutputStream: void write(byte[]),0.017328739166259766,java.net.URL: java.net.URLConnection openConnection(),0.014831118285655975,java.io.DataOutputStream: void writeUTF(java.lang.String),0.01436452567577362,"android.telephony.TelephonyManager: void listen(android.telephony.PhoneStateListener,int)",0.008809113875031471,android.database.ContentObserver: void <init>(android.os.Handler),0.0035172647330909967,android.telephony.PhoneStateListener: void <init>(),0.0034978333860635757,k.z.KAJn: void <init>(android.content.Context),0.003178361337631941,"qkp.xaosk.kh.UgjcW: void <init>(android.os.Handler,android.content.Context)",0.0018581283511593938,,,,,,,,,,,,,,,,
gen5_a8bd3e58-7133-4d98-9f1f-f360c7f74442_app-release,1,1,0.9999421834945679,vq.krtq.i.y.U: java.lang.String getPhoneNumber(android.content.Context),0.6380667,dummyMainClass: void dummyMainMethod(java.lang.String[]),0.20958038,android.telephony.TelephonyManager: java.lang.String getLine1Number(),0.13803947,"syn.hruuk.yyy.YBd: void <init>(android.os.Handler,android.content.Context)",0.00884280540049076,android.database.ContentObserver: void <init>(android.os.Handler),0.005470661912113428,,,,,,,,,,,,,,,,,,,,,,,,,,,,,,,,,,
gen39_5afdd31e-6f9b-4ab8-aebc-b6003e36edbd_app-release,1,1,0.9936258792877197,xj.amf.rgars.NhUNV: java.lang.String getIMSI(android.content.Context),0.38234085,jbt.lvikb.TPp: java.lang.String getIMSI(android.content.Context),0.38234085,dummyMainClass: void dummyMainMethod(java.lang.String[]),0.08733524,android.telephony.TelephonyManager: java.lang.String getSubscriberId(),0.051444392651319504,qgf.s.scaku.Rmxi: void onCreate(android.os.Bundle),0.04684360325336456,"android.location.LocationManager: void requestLocationUpdates(java.lang.String,long,float,android.location.LocationListener)",0.0320669524371624,jbt.lvikb.TPp$1: void run(),0.013271482661366463,java.net.URL: java.net.URLConnection openConnection(),0.004356611054390669,,,,,,,,,,,,,,,,,,,,,,,,,,,,
gen37_adb5bb0a-7c85-4b98-b0f6-2e43cd250882_app-release,1,1,0.9893674254417419,ivfm.b.vvle.KW: java.lang.String getIMSI(android.content.Context),0.22977044,q.A: java.lang.String getIMSI(android.content.Context),0.22977044,ivfm.b.vvle.KW: java.lang.String getIncomingSMS(android.content.Intent),0.12133266,"q.A: void sendDataMessage(java.lang.String,java.lang.String)",0.06204860657453537,"ivfm.b.vvle.KW: void sendDataMessage(java.lang.String,java.lang.String)",0.05929912254214287,dummyMainClass: void dummyMainMethod(java.lang.String[]),0.05248476564884186,"ivfm.b.vvle.KW: void sendMultipartTextMessage(java.lang.String,java.lang.String)",0.05230417102575302,android.telephony.SmsMessage: java.lang.String getDisplayMessageBody(),0.034418560564517975,android.telephony.TelephonyManager: java.lang.String getSubscriberId(),0.030915917828679085,android.telephony.SmsManager: android.telephony.SmsManager getDefault(),0.02484547719359398,android.telephony.SmsMessage: java.lang.String getDisplayOriginatingAddress(),0.02218380756676197,android.telephony.SmsMessage: android.telephony.SmsMessage createFromPdu(byte[]),0.019115373492240906,lnca.QscK: void onCreate(android.os.Bundle),0.01852969452738762,"android.location.LocationManager: void requestLocationUpdates(java.lang.String,long,float,android.location.LocationListener)",0.013455766253173351,"android.telephony.SmsManager: void sendDataMessage(java.lang.String,java.lang.String,short,byte[],android.app.PendingIntent,android.app.PendingIntent)",0.012355002574622631,"android.telephony.SmsManager: void sendMultipartTextMessage(java.lang.String,java.lang.String,java.util.ArrayList,java.util.ArrayList,java.util.ArrayList)",0.009267312474548817,"android.telephony.TelephonyManager: void listen(android.telephony.PhoneStateListener,int)",0.004829207435250282,adyo.mkdu.kaved.qkaqz.A: void <init>(android.content.Context),0.0017400674987584352,android.telephony.PhoneStateListener: void <init>(),0.0013335683615878224,,,,,,
gen56_d97ea380-ded3-4104-82ff-50d530bdb9fc_app-release,1,1,0.9999057054519653,lgpqf.uydq.sydfw.E: java.lang.String getIMEI(android.content.Context),0.45015684,"lgpqf.uydq.sydfw.E: void sendDataMessage(java.lang.String,java.lang.String)",0.17791098,dummyMainClass: void dummyMainMethod(java.lang.String[]),0.14060733,android.telephony.TelephonyManager: java.lang.String getDeviceId(),0.07921900600194931,android.telephony.SmsManager: android.telephony.SmsManager getDefault(),0.05774082615971565,"android.telephony.SmsManager: void sendDataMessage(java.lang.String,java.lang.String,short,byte[],android.app.PendingIntent,android.app.PendingIntent)",0.04079785943031311,mxurh.etagl.yyhsp.W: void onCreate(android.os.Bundle),0.032388050109148026,"android.telephony.TelephonyManager: void listen(android.telephony.PhoneStateListener,int)",0.008943592198193073,android.database.ContentObserver: void <init>(android.os.Handler),0.003570958971977234,android.telephony.PhoneStateListener: void <init>(),0.003551230765879154,nbm.e.l.cio.S: void <init>(android.content.Context),0.0032268816139549017,"q.kspck.OF: void <init>(android.os.Handler,android.content.Context)",0.0018864941084757447,,,,,,,,,,,,,,,,,,,,
gen37_3736995f-de55-4778-8af2-bcec3b35f605_app-release,1,1,0.9999772310256958,r.sr.n.ss.KlT: java.lang.String getIMSI(android.content.Context),0.5188146,"r.sr.n.ss.KlT: void sendDataMessage(java.lang.String,java.lang.String)",0.13902806,dummyMainClass: void dummyMainMethod(java.lang.String[]),0.11850892,android.telephony.TelephonyManager: java.lang.String getSubscriberId(),0.07722042500972748,android.telephony.SmsManager: android.telephony.SmsManager getDefault(),0.048148076981306076,"android.telephony.SmsManager: void sendDataMessage(java.lang.String,java.lang.String,short,byte[],android.app.PendingIntent,android.app.PendingIntent)",0.03394804149866104,r.sr.n.ss.KlT$1: void run(),0.02901420369744301,java.io.DataOutputStream: void writeUTF(java.lang.String),0.02722393348813057,"btbp.ykf.LCVCL: void <init>(android.os.Handler,android.content.Context)",0.0050002350471913815,android.database.ContentObserver: void <init>(android.os.Handler),0.003093429608270526,,,,,,,,,,,,,,,,,,,,,,,,
gen102_0ebd7ada-ea87-4673-b1b2-3a7ad9784320_app-release,1,1,0.9999915361404419,a.Alv: java.lang.String getIMSI(android.content.Context),0.5783862,dummyMainClass: void dummyMainMethod(java.lang.String[]),0.13211639,"a.Alv: void sendMultipartTextMessage(java.lang.String,java.lang.String)",0.11775293,android.telephony.TelephonyManager: java.lang.String getSubscriberId(),0.08608705550432205,android.telephony.SmsManager: android.telephony.SmsManager getDefault(),0.05440844967961311,"android.telephony.SmsManager: void sendMultipartTextMessage(java.lang.String,java.lang.String,java.util.ArrayList,java.util.ArrayList,java.util.ArrayList)",0.022225908935070038,"tzuif.dugb.gn.Exm: void <init>(android.os.Handler,android.content.Context)",0.005574374459683895,android.database.ContentObserver: void <init>(android.os.Handler),0.0034486246295273304,,,,,,,,,,,,,,,,,,,,,,,,,,,,
gen60_0b41aa5f-77d0-4421-bf91-6ab7c1eaa98f_app-release,1,1,0.9998219609260559,"i.cevbb.W: void sendTextMessage(java.lang.String,java.lang.String)",0.42735845,dummyMainClass: void dummyMainMethod(java.lang.String[]),0.2476274,android.telephony.SmsManager: android.telephony.SmsManager getDefault(),0.10740868,"android.telephony.SmsManager: void sendTextMessage(java.lang.String,java.lang.String,java.lang.String,android.app.PendingIntent,android.app.PendingIntent)",0.07752590626478195,lirj.HtF: void onCreate(android.os.Bundle),0.05703947693109512,i.cevbb.W: java.lang.String getSdk(),0.026707986369729042,android.os.Build$VERSION: void <clinit>(),0.019032882526516914,"android.telephony.TelephonyManager: void listen(android.telephony.PhoneStateListener,int)",0.015750804916024208,android.database.ContentObserver: void <init>(android.os.Handler),0.006288913078606129,android.telephony.PhoneStateListener: void <init>(),0.006254169624298811,jk.ysx.ZAuw: void <init>(android.content.Context),0.005682948976755142,"oqgtg.mucws.ur.VPnx: void <init>(android.os.Handler,android.content.Context)",0.003322356380522251,,,,,,,,,,,,,,,,,,,,
gen25_bc73d24c-509b-44ee-945e-694504619b0a_app-release,1,1,0.9997468590736389,omchv.rrlg.I: java.lang.String getIMEI(android.content.Context),0.6110383,dummyMainClass: void dummyMainMethod(java.lang.String[]),0.19085896,android.telephony.TelephonyManager: java.lang.String getDeviceId(),0.10753107,omchv.rrlg.I$1: void run(),0.046727459877729416,java.io.DataOutputStream: void writeUTF(java.lang.String),0.043844226747751236,,,,,,,,,,,,,,,,,,,,,,,,,,,,,,,,,,
gen40_252ad97a-d629-4c63-8ca5-323a8b5da091_app-release,1,1,0.9999991655349731,njrn.yet.vbsh.Qfpm: java.lang.String getIMSI(android.content.Context),0.6358564,dummyMainClass: void dummyMainMethod(java.lang.String[]),0.14524388,android.telephony.TelephonyManager: java.lang.String getSubscriberId(),0.09464093,njrn.yet.vbsh.Qfpm$1: void run(),0.035559650510549545,ygli.ZRJpT: void onCreate(android.os.Bundle),0.03345605358481407,java.io.DataOutputStream: void writeUTF(java.lang.String),0.03336550295352936,"android.telephony.TelephonyManager: void listen(android.telephony.PhoneStateListener,int)",0.009238509461283684,android.database.ContentObserver: void <init>(android.os.Handler),0.003688712138682604,android.telephony.PhoneStateListener: void <init>(),0.0036683334037661552,loa.zbmam.Ppi: void <init>(android.content.Context),0.0033332889433950186,"akqxv.chtie.j.nvret.VkF: void <init>(android.os.Handler,android.content.Context)",0.0019487017998471856,,,,,,,,,,,,,,,,,,,,,,
gen33_3f9b5d6d-05a4-46e2-be18-55623c207549_app-release,1,1,0.9813798069953918,dummyMainClass: void dummyMainMethod(java.lang.String[]),0.36229393,ebbii.v.CT: void onCreate(android.os.Bundle),0.19432195,"android.location.LocationManager: void requestLocationUpdates(java.lang.String,long,float,android.location.LocationListener)",0.13302375,java.io.OutputStream: void write(byte[]),0.10214739292860031,rb.egqvv.hgxuo.ERxAL$1: void run(),0.08310750126838684,rb.egqvv.hgxuo.ERxAL: java.lang.String getSdk(),0.03907540440559387,java.net.URL: java.net.URLConnection openConnection(),0.0387977734208107,android.os.Build$VERSION: void <clinit>(),0.027846263721585274,"a.XE: void <init>(android.os.Handler,android.content.Context)",0.010054373182356358,android.database.ContentObserver: void <init>(android.os.Handler),0.009331711567938328,,,,,,,,,,,,,,,,,,,,,,,,
gen20_c65ec7a7-b1a8-4dc1-9de3-2fbc0647570a_app-release,1,1,0.9999983310699463,l.m.g.SRt: java.lang.String getIMSI(android.content.Context),0.62896657,dummyMainClass: void dummyMainMethod(java.lang.String[]),0.1436701,android.telephony.TelephonyManager: java.lang.String getSubscriberId(),0.09361545,l.m.g.SRt$2: void run(),0.03517434746026993,guq.ej.xxe.zhzz.XZh: void onCreate(android.os.Bundle),0.033093541860580444,l.m.g.SRt$1: void run(),0.021832142025232315,java.io.DataOutputStream: void writeUTF(java.lang.String),0.014901484362781048,"android.telephony.TelephonyManager: void listen(android.telephony.PhoneStateListener,int)",0.009138405323028564,java.net.URL: java.net.URLConnection openConnection(),0.007105872500687838,android.database.ContentObserver: void <init>(android.os.Handler),0.0036487430334091187,android.telephony.PhoneStateListener: void <init>(),0.0036285852547734976,qhhkm.k.xbvs.Q: void <init>(android.content.Context),0.003297171089798212,"yjgyk.iv.gec.dhg.Nzm: void <init>(android.os.Handler,android.content.Context)",0.0019275867380201817,,,,,,,,,,,,,,,,,,
gen102_571e89c3-aaca-48b1-94d3-bdac6c86c6f3_app-release,1,1,0.9999921321868896,agpf.ddfv.zx.kvlp.OysFr: java.lang.String getIMSI(android.content.Context),0.57838625,dummyMainClass: void dummyMainMethod(java.lang.String[]),0.13211642,"agpf.ddfv.zx.kvlp.OysFr: void sendMultipartTextMessage(java.lang.String,java.lang.String)",0.11775295,android.telephony.TelephonyManager: java.lang.String getSubscriberId(),0.08608707040548325,android.telephony.SmsManager: android.telephony.SmsManager getDefault(),0.05440845713019371,"android.telephony.SmsManager: void sendMultipartTextMessage(java.lang.String,java.lang.String,java.util.ArrayList,java.util.ArrayList,java.util.ArrayList)",0.022225890308618546,"op.r.kdr.h.CAcMw: void <init>(android.os.Handler,android.content.Context)",0.005574374925345182,android.database.ContentObserver: void <init>(android.os.Handler),0.0034486250951886177,,,,,,,,,,,,,,,,,,,,,,,,,,,,
gen20_2636fff6-b640-4880-859c-a4a45d81261e_app-release,1,1,0.9997931122779846,ga.UR: java.lang.String getIMSI(android.content.Context),0.41587466,ga.UR: java.lang.String getIncomingSMS(android.content.Intent),0.21960686,dummyMainClass: void dummyMainMethod(java.lang.String[]),0.09499512,android.telephony.SmsMessage: java.lang.String getDisplayMessageBody(),0.062296062707901,android.telephony.TelephonyManager: java.lang.String getSubscriberId(),0.06189882755279541,android.telephony.SmsMessage: java.lang.String getDisplayOriginatingAddress(),0.04015171900391579,android.telephony.SmsMessage: android.telephony.SmsMessage createFromPdu(byte[]),0.034597959369421005,ga.UR$1: void run(),0.023257385939359665,java.io.DataOutputStream: void writeUTF(java.lang.String),0.021822329610586166,ga.UR$2: void run(),0.014435479417443275,java.net.URL: java.net.URLConnection openConnection(),0.004575738217681646,"a.U: void <init>(android.os.Handler,android.content.Context)",0.004008119460195303,android.database.ContentObserver: void <init>(android.os.Handler),0.0024796505458652973,,,,,,,,,,,,,,,,,,
gen26_a2487532-24e9-4544-a66e-29ab800f247d_app-release,1,1,0.9999814033508301,mo.ngqaf.ge.gvlm.M: java.lang.String getIMSI(android.content.Context),0.5266791,"mo.ngqaf.ge.gvlm.M: void sendDataMessage(java.lang.String,java.lang.String)",0.14113551,dummyMainClass: void dummyMainMethod(java.lang.String[]),0.120305344,android.telephony.TelephonyManager: java.lang.String getSubscriberId(),0.07839097082614899,android.telephony.SmsManager: android.telephony.SmsManager getDefault(),0.048877932131290436,"android.telephony.SmsManager: void sendDataMessage(java.lang.String,java.lang.String,short,byte[],android.app.PendingIntent,android.app.PendingIntent)",0.03446264564990997,mo.ngqaf.ge.gvlm.M$1: void run(),0.02945401892066002,java.io.DataOutputStream: void writeUTF(java.lang.String),0.012478088028728962,"asz.xcm.ZgZ: void <init>(android.os.Handler,android.content.Context)",0.005076031666249037,android.database.ContentObserver: void <init>(android.os.Handler),0.0031403214670717716,,,,,,,,,,,,,,,,,,,,,,,,
gen44_ce9453ad-0e67-4baa-9203-ae9347f1d71c_app-release,1,1,0.9999819993972778,dummyMainClass: void dummyMainMethod(java.lang.String[]),0.67611444,tkso.P$1: void run(),0.10274249,tkso.P: java.lang.String getSdk(),0.072922684,android.os.Build$VERSION: void <clinit>(),0.05196681246161461,java.net.URL: java.net.URLConnection openConnection(),0.05007779598236084,"qhp.e.g.BO: void <init>(android.os.Handler,android.content.Context)",0.028527237474918365,android.database.ContentObserver: void <init>(android.os.Handler),0.017648564651608467,,,,,,,,,,,,,,,,,,,,,,,,,,,,,,
gen2_e8fdba15-4108-41af-925b-5e0a3429b087_app-release,1,1,0.9999896287918091,ulknf.q.QV: java.lang.String getIMEI(android.content.Context),0.603176,dummyMainClass: void dummyMainMethod(java.lang.String[]),0.18840314,android.telephony.TelephonyManager: java.lang.String getDeviceId(),0.10614745,ulknf.q.QV$1: void run(),0.04612620919942856,java.io.DataOutputStream: void writeUTF(java.lang.String),0.04328007623553276,"ryc.amx.hfh.M: void <init>(android.os.Handler,android.content.Context)",0.007949274964630604,android.database.ContentObserver: void <init>(android.os.Handler),0.004917873069643974,,,,,,,,,,,,,,,,,,,,,,,,,,,,,,
gen4_2f476ceb-225d-4038-b4ca-271c036d6fd9_app-release,1,1,0.999991774559021,lp.qfm.D: java.lang.String getIMSI(android.content.Context),0.57838625,dummyMainClass: void dummyMainMethod(java.lang.String[]),0.13211642,"lp.qfm.D: void sendMultipartTextMessage(java.lang.String,java.lang.String)",0.11775295,android.telephony.TelephonyManager: java.lang.String getSubscriberId(),0.08608707040548325,android.telephony.SmsManager: android.telephony.SmsManager getDefault(),0.05440845713019371,"android.telephony.SmsManager: void sendMultipartTextMessage(java.lang.String,java.lang.String,java.util.ArrayList,java.util.ArrayList,java.util.ArrayList)",0.02222590707242489,"rf.wmzwl.c.d.Dcw: void <init>(android.os.Handler,android.content.Context)",0.005574374925345182,android.database.ContentObserver: void <init>(android.os.Handler),0.0034486250951886177,,,,,,,,,,,,,,,,,,,,,,,,,,,,
gen11_212c1697-4b45-44be-adfd-d362975b8c6c_app-release,1,1,0.999976396560669,p.wfko.mivny.kiq.Sqmzb: java.lang.String getIMSI(android.content.Context),0.52634686,"p.wfko.mivny.kiq.Sqmzb: void sendTextMessage(java.lang.String,java.lang.String)",0.14682916,dummyMainClass: void dummyMainMethod(java.lang.String[]),0.120229445,android.telephony.TelephonyManager: java.lang.String getSubscriberId(),0.0783415213227272,android.telephony.SmsManager: android.telephony.SmsManager getDefault(),0.04929326847195625,"android.telephony.SmsManager: void sendTextMessage(java.lang.String,java.lang.String,java.lang.String,android.app.PendingIntent,android.app.PendingIntent)",0.037822406738996506,wv.ZrD: void onCreate(android.os.Bundle),0.027694128453731537,"android.telephony.TelephonyManager: void listen(android.telephony.PhoneStateListener,int)",0.007647419348359108,android.telephony.PhoneStateListener: void <init>(),0.00303655955940485,jads.Ww: void <init>(android.content.Context),0.002759217517450452,,,,,,,,,,,,,,,,,,,,,,,,
gen38_9b5c88f1-e0a3-4161-b723-e33f3f0d46a4_app-release,1,1,0.9992960691452026,bb.u.A: java.lang.String getIMSI(android.content.Context),0.3477827,bb.u.A: java.lang.String getIncomingSMS(android.content.Intent),0.18365021,"bb.u.A: void sendTextMessage(java.lang.String,java.lang.String)",0.09241267,dummyMainClass: void dummyMainMethod(java.lang.String[]),0.07944142073392868,android.telephony.SmsMessage: java.lang.String getDisplayMessageBody(),0.05209624767303467,android.telephony.TelephonyManager: java.lang.String getSubscriberId(),0.051763951778411865,android.telephony.SmsMessage: java.lang.String getDisplayOriginatingAddress(),0.033577583730220795,android.telephony.SmsManager: android.telephony.SmsManager getDefault(),0.03202821686863899,android.telephony.SmsMessage: android.telephony.SmsMessage createFromPdu(byte[]),0.028933176770806313,"android.telephony.SmsManager: void sendTextMessage(java.lang.String,java.lang.String,java.lang.String,android.app.PendingIntent,android.app.PendingIntent)",0.023506274446845055,bb.u.A$1: void run(),0.019449399784207344,bb.u.A$2: void run(),0.019449399784207344,ep.zy.ozzd.XlkK: void onCreate(android.os.Bundle),0.018298856914043427,java.io.DataOutputStream: void writeUTF(java.lang.String),0.008727327920496464,"android.telephony.TelephonyManager: void listen(android.telephony.PhoneStateListener,int)",0.005053025204688311,android.telephony.PhoneStateListener: void <init>(),0.00200640014372766,cfha.duyy.s.c.LH: void <init>(android.content.Context),0.001823146129027009,,,,,,,,,,
gen16_f9da566a-ce55-4b90-b93e-f30055781e32_app-release,1,1,0.9999990463256836,uyp.al.j.I: java.lang.String getIMSI(android.content.Context),0.666107,dummyMainClass: void dummyMainMethod(java.lang.String[]),0.1521538,android.telephony.TelephonyManager: java.lang.String getSubscriberId(),0.09914343,uyp.al.j.I$1: void run(),0.03725138679146767,java.io.DataOutputStream: void writeUTF(java.lang.String),0.034952856600284576,"g.j.NYWV: void <init>(android.os.Handler,android.content.Context)",0.006419810466468334,android.database.ContentObserver: void <init>(android.os.Handler),0.003971659578382969,,,,,,,,,,,,,,,,,,,,,,,,,,,,,,
gen49_7e7d77ed-35bc-4b30-af84-d3f254704e2c_app-release,1,1,0.9999878406524658,j.ypc.gej.dutm.Fdv: java.lang.String getIMSI(android.content.Context),0.54426336,dummyMainClass: void dummyMainMethod(java.lang.String[]),0.124321975,"j.ypc.gej.dutm.Fdv: void sendMultipartTextMessage(java.lang.String,java.lang.String)",0.11080591,android.telephony.TelephonyManager: java.lang.String getSubscriberId(),0.08100821077823639,android.telephony.SmsManager: android.telephony.SmsManager getDefault(),0.05119853466749191,j.ypc.gej.dutm.Fdv$2: void run(),0.030437398701906204,java.io.DataOutputStream: void writeUTF(java.lang.String),0.028559312224388123,"android.telephony.SmsManager: void sendMultipartTextMessage(java.lang.String,java.lang.String,java.util.ArrayList,java.util.ArrayList,java.util.ArrayList)",0.020914649590849876,"gtzt.ASAYA: void <init>(android.os.Handler,android.content.Context)",0.005245504900813103,android.database.ContentObserver: void <init>(android.os.Handler),0.0032451674342155457,,,,,,,,,,,,,,,,,,,,,,,,
gen56_cc2d0a49-44b7-489d-bc89-c6537ac39aa8_app-release,1,1,0.998582124710083,"ru.g.gat.iun.UKgC: void sendDataMessage(java.lang.String,java.lang.String)",0.38716036,dummyMainClass: void dummyMainMethod(java.lang.String[]),0.23704739,android.telephony.SmsManager: android.telephony.SmsManager getDefault(),0.10174699,"android.telephony.SmsManager: void sendDataMessage(java.lang.String,java.lang.String,short,byte[],android.app.PendingIntent,android.app.PendingIntent)",0.06747263669967651,java.io.OutputStream: void write(byte[]),0.06683459877967834,ru.g.gat.iun.UKgC$1: void run(),0.05437689274549484,ru.g.gat.iun.UKgC: java.lang.String getSdk(),0.02556687407195568,java.net.URL: java.net.URLConnection openConnection(),0.025385219603776932,android.os.Build$VERSION: void <clinit>(),0.01821969263255596,"yavdb.susxr.TZgn: void <init>(android.os.Handler,android.content.Context)",0.010001716203987598,android.database.ContentObserver: void <init>(android.os.Handler),0.006187630817294121,,,,,,,,,,,,,,,,,,,,,,
gen2_45b7cf7d-2f3a-4367-b715-c42c9f015a4e_app-release,1,1,0.9998786449432373,dummyMainClass: void dummyMainMethod(java.lang.String[]),0.49013978,jcnpd.LaT$1: void run(),0.119999535,zprlf.hpdhu.u.HYGW: void onCreate(android.os.Bundle),0.11290073,java.io.DataOutputStream: void writeUTF(java.lang.String),0.11259517818689346,jcnpd.LaT: java.lang.String getSdk(),0.05286428704857826,android.os.Build$VERSION: void <clinit>(),0.03767262026667595,"android.telephony.TelephonyManager: void listen(android.telephony.PhoneStateListener,int)",0.031176257878541946,android.database.ContentObserver: void <init>(android.os.Handler),0.012447918765246868,android.telephony.PhoneStateListener: void <init>(),0.012379148043692112,cpmn.PAw: void <init>(android.content.Context),0.011248511262238026,"trf.H: void <init>(android.os.Handler,android.content.Context)",0.006576084066182375,,,,,,,,,,,,,,,,,,,,,,
gen3_b28294ec-48ce-4e22-991e-2da8aacb207c_app-release,1,1,0.9999772310256958,jjunx.zv.wpnpr.i.EX: java.lang.String getIMSI(android.content.Context),0.5188147,"jjunx.zv.wpnpr.i.EX: void sendDataMessage(java.lang.String,java.lang.String)",0.13902806,dummyMainClass: void dummyMainMethod(java.lang.String[]),0.11850893,android.telephony.TelephonyManager: java.lang.String getSubscriberId(),0.07722042500972748,android.telephony.SmsManager: android.telephony.SmsManager getDefault(),0.048148080706596375,"android.telephony.SmsManager: void sendDataMessage(java.lang.String,java.lang.String,short,byte[],android.app.PendingIntent,android.app.PendingIntent)",0.03394804149866104,jjunx.zv.wpnpr.i.EX$1: void run(),0.029014205560088158,java.io.DataOutputStream: void writeUTF(java.lang.String),0.02722393535077572,"bdxoy.nck.UAPp: void <init>(android.os.Handler,android.content.Context)",0.005000235512852669,android.database.ContentObserver: void <init>(android.os.Handler),0.0030934298411011696,,,,,,,,,,,,,,,,,,,,,,,,
gen19_69e1a830-4e47-48a2-98b6-232c9f67acd0_app-release,1,1,0.9999761581420898,jeidh.vbkkx.chd.zkcr.XUFZj: java.lang.String getIMSI(android.content.Context),0.5139462,"jeidh.vbkkx.chd.zkcr.XUFZj: void sendTextMessage(java.lang.String,java.lang.String)",0.14336987,dummyMainClass: void dummyMainMethod(java.lang.String[]),0.117396854,android.telephony.TelephonyManager: java.lang.String getSubscriberId(),0.07649580389261246,android.telephony.SmsManager: android.telephony.SmsManager getDefault(),0.048131924122571945,"android.telephony.SmsManager: void sendTextMessage(java.lang.String,java.lang.String,java.lang.String,android.app.PendingIntent,android.app.PendingIntent)",0.03693131357431412,jeidh.vbkkx.chd.zkcr.XUFZj$1: void run(),0.02874194085597992,java.io.DataOutputStream: void writeUTF(java.lang.String),0.026968469843268394,"gyx.jit.xllih.Mn: void <init>(android.os.Handler,android.content.Context)",0.004953314084559679,android.database.ContentObserver: void <init>(android.os.Handler),0.0030644014477729797,,,,,,,,,,,,,,,,,,,,,,,,
gen26_509c84ea-91bc-4785-a714-ce1a9e21af85_app-release,1,1,0.9996628761291504,smxkj.xnm.Hk: java.lang.String getIMSI(android.content.Context),0.443881,smxkj.xnm.Hk: java.lang.String getIMEI(android.content.Context),0.32460955,dummyMainClass: void dummyMainMethod(java.lang.String[]),0.101392396,android.telephony.TelephonyManager: java.lang.String getSubscriberId(),0.06606729328632355,android.telephony.TelephonyManager: java.lang.String getDeviceId(),0.05712508037686348,"ymj.eaqmo.sr.Nv: void <init>(android.os.Handler,android.content.Context)",0.004278039094060659,android.database.ContentObserver: void <init>(android.os.Handler),0.0026466380804777145,,,,,,,,,,,,,,,,,,,,,,,,,,,,,,
gen13_270e9bc2-e958-4b22-8641-c2a63b39b926_app-release,1,1,0.999514102935791,dummyMainClass: void dummyMainMethod(java.lang.String[]),0.9360703,"jubje.uflz.LKYq: void <init>(android.os.Handler,android.content.Context)",0.03949553,android.database.ContentObserver: void <init>(android.os.Handler),0.024434172,,,,,,,,,,,,,,,,,,,,,,,,,,,,,,,,,,,,,,
gen101_f93956f6-99d2-44e5-8a07-64e7bf8fafed_app-release,1,1,0.9999984502792358,sp.wqjvk.DeY: java.lang.String getIMSI(android.content.Context),0.63374573,dummyMainClass: void dummyMainMethod(java.lang.String[]),0.14476177,android.telephony.TelephonyManager: java.lang.String getSubscriberId(),0.09432678,sp.wqjvk.DeY$2: void run(),0.03544161468744278,sp.wqjvk.DeY$1: void run(),0.03320726379752159,java.io.OutputStream: void write(byte[]),0.018113095313310623,java.net.URL: java.net.URLConnection openConnection(),0.015502423979341984,java.io.DataOutputStream: void writeUTF(java.lang.String),0.015014711767435074,"whlw.x.b.BIad: void <init>(android.os.Handler,android.content.Context)",0.006107918918132782,android.database.ContentObserver: void <init>(android.os.Handler),0.0037787058390676975,,,,,,,,,,,,,,,,,,,,,,,,
gen11_9dd449cd-f5dc-4126-9c7f-dcafdb8f144a_app-release,1,1,0.9931748509407043,"zqcu.jiau.OWgg: void sendTextMessage(java.lang.String,java.lang.String)",0.32763368,"zqcu.jiau.OWgg: void sendMultipartTextMessage(java.lang.String,java.lang.String)",0.24532896,dummyMainClass: void dummyMainMethod(java.lang.String[]),0.18984315,android.telephony.SmsManager: android.telephony.SmsManager getDefault(),0.09641968458890915,"android.telephony.SmsManager: void sendTextMessage(java.lang.String,java.lang.String,java.lang.String,android.app.PendingIntent,android.app.PendingIntent)",0.06036847084760666,"android.telephony.SmsManager: void sendMultipartTextMessage(java.lang.String,java.lang.String,java.util.ArrayList,java.util.ArrayList,java.util.ArrayList)",0.032373324036598206,zqcu.jiau.OWgg: java.lang.String getSdk(),0.020475635305047035,android.os.Build$VERSION: void <clinit>(),0.014591529034078121,"ie.kvd.ns.B: void <init>(android.os.Handler,android.content.Context)",0.008010033518075943,android.database.ContentObserver: void <init>(android.os.Handler),0.004955461248755455,,,,,,,,,,,,,,,,,,,,,,,,
gen2_c1813d58-bdeb-4e1c-89bd-08fb4f95a857_app-release,1,1,0.9999935626983643,muixw.coo.fgt.bni.FC: java.lang.String getIMEI(android.content.Context),0.6167545,dummyMainClass: void dummyMainMethod(java.lang.String[]),0.19264439,android.telephony.TelephonyManager: java.lang.String getDeviceId(),0.108537,muixw.coo.fgt.bni.FC$1: void run(),0.04716458171606064,java.io.DataOutputStream: void writeUTF(java.lang.String),0.021742740646004677,"uso.w.m.FYsk: void <init>(android.os.Handler,android.content.Context)",0.008128225803375244,android.database.ContentObserver: void <init>(android.os.Handler),0.00502858217805624,,,,,,,,,,,,,,,,,,,,,,,,,,,,,,
gen34_b0bcc272-8916-460b-946d-3cbe95485ab4_app-release,1,1,0.9999114274978638,jcpap.zqlbs.nljv.OfYiK: java.lang.String getIMSI(android.content.Context),0.43449235,"jcpap.zqlbs.nljv.OfYiK: void sendTextMessage(java.lang.String,java.lang.String)",0.12120551,"jcpap.zqlbs.nljv.OfYiK: void sendDataMessage(java.lang.String,java.lang.String)",0.116431996,dummyMainClass: void dummyMainMethod(java.lang.String[]),0.09924781322479248,android.telephony.TelephonyManager: java.lang.String getSubscriberId(),0.0646698847413063,android.telephony.SmsManager: android.telephony.SmsManager getDefault(),0.04582224786281586,"android.telephony.SmsManager: void sendTextMessage(java.lang.String,java.lang.String,java.lang.String,android.app.PendingIntent,android.app.PendingIntent)",0.031577374786138535,"android.telephony.SmsManager: void sendDataMessage(java.lang.String,java.lang.String,short,byte[],android.app.PendingIntent,android.app.PendingIntent)",0.028751973062753677,mzya.Z: void onCreate(android.os.Bundle),0.022861134260892868,jcpap.zqlbs.nljv.OfYiK$1: void run(),0.015081720426678658,"android.telephony.TelephonyManager: void listen(android.telephony.PhoneStateListener,int)",0.006312842946499586,java.net.URL: java.net.URLConnection openConnection(),0.004908761475235224,android.database.ContentObserver: void <init>(android.os.Handler),0.00252056447789073,android.telephony.PhoneStateListener: void <init>(),0.002506639575585723,sej.gioky.sxv.U: void <init>(android.content.Context),0.0022776974365115166,"lohe.wslw.JybmC: void <init>(android.os.Handler,android.content.Context)",0.0013315837131813169,,,,,,,,,,,,
gen17_dbc3b3d1-7558-43a8-9053-18967c4e61cd_app-release,1,1,0.9999946355819702,ta.mbin.w.KNa: java.lang.String getPhoneNumber(android.content.Context),0.61101264,dummyMainClass: void dummyMainMethod(java.lang.String[]),0.20069417,android.telephony.TelephonyManager: java.lang.String getLine1Number(),0.1321866,ta.mbin.w.KNa$1: void run(),0.030497536063194275,java.net.URL: java.net.URLConnection openConnection(),0.011902524158358574,"txtl.l.TDc: void <init>(android.os.Handler,android.content.Context)",0.008467869833111763,android.database.ContentObserver: void <init>(android.os.Handler),0.005238705780357122,,,,,,,,,,,,,,,,,,,,,,,,,,,,,,
gen55_6bdb811b-667e-4030-b575-70a3fd0bbfe5_app-release,1,1,0.9999922513961792,ojqz.CpoKQ: java.lang.String getIMSI(android.content.Context),0.53191876,dummyMainClass: void dummyMainMethod(java.lang.String[]),0.1215022,"ojqz.CpoKQ: void sendMultipartTextMessage(java.lang.String,java.lang.String)",0.10829269,android.telephony.TelephonyManager: java.lang.String getSubscriberId(),0.0791708454489708,android.telephony.SmsManager: android.telephony.SmsManager getDefault(),0.050037287175655365,ojqz.CpoKQ$1: void run(),0.029747040942311287,wldfg.cm.F: void onCreate(android.os.Bundle),0.027987297624349594,"android.telephony.SmsManager: void sendMultipartTextMessage(java.lang.String,java.lang.String,java.util.ArrayList,java.util.ArrayList,java.util.ArrayList)",0.020440280437469482,java.io.DataOutputStream: void writeUTF(java.lang.String),0.012602225877344608,"android.telephony.TelephonyManager: void listen(android.telephony.PhoneStateListener,int)",0.0077283745631575584,android.database.ContentObserver: void <init>(android.os.Handler),0.0030857520177960396,android.telephony.PhoneStateListener: void <init>(),0.0030687046237289906,h.sozzi.vzrqd.rawoz.YNFzZ: void <init>(android.content.Context),0.002788426587358117,"oh.en.qh.fik.DtLZS: void <init>(android.os.Handler,android.content.Context)",0.0016301653813570738,,,,,,,,,,,,,,,,
gen43_95a58056-0535-4aae-8a16-966e392f4c4d_app-release,1,1,0.9999880790710449,mpvux.zt.k.fyg.CjTUh: java.lang.String getIMSI(android.content.Context),0.5309714,"mpvux.zt.k.fyg.CjTUh: void sendTextMessage(java.lang.String,java.lang.String)",0.14811921,dummyMainClass: void dummyMainMethod(java.lang.String[]),0.121285796,android.telephony.TelephonyManager: java.lang.String getSubscriberId(),0.07902983576059341,android.telephony.SmsManager: android.telephony.SmsManager getDefault(),0.04972636327147484,"android.telephony.SmsManager: void sendTextMessage(java.lang.String,java.lang.String,java.lang.String,android.app.PendingIntent,android.app.PendingIntent)",0.0381547175347805,mpvux.zt.k.fyg.CjTUh$1: void run(),0.018430616706609726,java.net.URL: java.net.URLConnection openConnection(),0.005998752545565367,"stu.UznDz: void <init>(android.os.Handler,android.content.Context)",0.005117399618029594,android.database.ContentObserver: void <init>(android.os.Handler),0.003165914211422205,,,,,,,,,,,,,,,,,,,,,,,,
gen46_a0f04f7f-6cf8-4f5b-9806-d0fc519bb7bb_app-release,1,1,0.999819815158844,irif.Xm: java.lang.String getIMEI(android.content.Context),0.47085777,"irif.Xm: void sendDataMessage(java.lang.String,java.lang.String)",0.18609239,dummyMainClass: void dummyMainMethod(java.lang.String[]),0.1470733,android.telephony.TelephonyManager: java.lang.String getDeviceId(),0.08286197483539581,android.telephony.SmsManager: android.telephony.SmsManager getDefault(),0.06039609760046005,"android.telephony.SmsManager: void sendDataMessage(java.lang.String,java.lang.String,short,byte[],android.app.PendingIntent,android.app.PendingIntent)",0.0426739901304245,"l.OjC: void <init>(android.os.Handler,android.content.Context)",0.006205449346452951,android.database.ContentObserver: void <init>(android.os.Handler),0.003839043201878667,,,,,,,,,,,,,,,,,,,,,,,,,,,,
gen3_cd635866-e190-4bc0-8c4a-18c7e0a7f24d_app-release,1,1,0.9995200634002686,gbtpw.kexee.zymua.Jk: java.lang.String getIncomingSMS(android.content.Intent),0.4459043,dummyMainClass: void dummyMainMethod(java.lang.String[]),0.19288439,android.telephony.SmsMessage: java.lang.String getDisplayMessageBody(),0.12649007,android.telephony.SmsMessage: java.lang.String getDisplayOriginatingAddress(),0.08152671158313751,android.telephony.SmsMessage: android.telephony.SmsMessage createFromPdu(byte[]),0.0702499970793724,gbtpw.kexee.zymua.Jk$1: void run(),0.04722334071993828,java.io.DataOutputStream: void writeUTF(java.lang.String),0.02254796214401722,"l.vndcd.xeb.NluyC: void <init>(android.os.Handler,android.content.Context)",0.008138352073729038,android.database.ContentObserver: void <init>(android.os.Handler),0.005034846719354391,,,,,,,,,,,,,,,,,,,,,,,,,,
gen21_bdfd52c3-7d7c-4cb7-a2e0-7a740dd0c8c8_app-release,1,1,0.9999843835830688,bra.uygha.zerf.wjtnt.K: java.lang.String getIMSI(android.content.Context),0.5309714,"bra.uygha.zerf.wjtnt.K: void sendTextMessage(java.lang.String,java.lang.String)",0.14811921,dummyMainClass: void dummyMainMethod(java.lang.String[]),0.121285796,android.telephony.TelephonyManager: java.lang.String getSubscriberId(),0.07902983576059341,android.telephony.SmsManager: android.telephony.SmsManager getDefault(),0.04972636327147484,"android.telephony.SmsManager: void sendTextMessage(java.lang.String,java.lang.String,java.lang.String,android.app.PendingIntent,android.app.PendingIntent)",0.0381547175347805,bra.uygha.zerf.wjtnt.K$1: void run(),0.018430616706609726,java.net.URL: java.net.URLConnection openConnection(),0.005998752545565367,"fr.ssm.el.CWi: void <init>(android.os.Handler,android.content.Context)",0.005117399618029594,android.database.ContentObserver: void <init>(android.os.Handler),0.003165914211422205,,,,,,,,,,,,,,,,,,,,,,,,
gen59_c36768cc-f85d-420e-a2cb-a028020adb58_app-release,1,1,0.9944812059402466,"jihl.ZGg: void sendMultipartTextMessage(java.lang.String,java.lang.String)",0.3566433,dummyMainClass: void dummyMainMethod(java.lang.String[]),0.2759816,android.telephony.SmsManager: android.telephony.SmsManager getDefault(),0.12023555,jihl.ZGg$1: void run(),0.06756780296564102,java.io.DataOutputStream: void writeUTF(java.lang.String),0.06339865177869797,"android.telephony.SmsManager: void sendMultipartTextMessage(java.lang.String,java.lang.String,java.util.ArrayList,java.util.ArrayList,java.util.ArrayList)",0.04634638875722885,jihl.ZGg: java.lang.String getSdk(),0.029766147956252098,android.os.Build$VERSION: void <clinit>(),0.02121221460402012,"dvc.ykf.JlwQE: void <init>(android.os.Handler,android.content.Context)",0.01164446584880352,android.database.ContentObserver: void <init>(android.os.Handler),0.00720392819494009,,,,,,,,,,,,,,,,,,,,,,,,
gen48_623d09b4-9dd9-4960-ada3-70c3fb412c74_app-release,1,1,0.9997226595878601,dummyMainClass: void dummyMainMethod(java.lang.String[]),0.5788511,tlx.YIzes$1: void run(),0.14171848,java.io.DataOutputStream: void writeUTF(java.lang.String),0.13297398,tlx.YIzes: java.lang.String getSdk(),0.062432292848825455,android.os.Build$VERSION: void <clinit>(),0.044491056352853775,"cl.re.bdb.n.BZ: void <init>(android.os.Handler,android.content.Context)",0.02442341297864914,android.database.ContentObserver: void <init>(android.os.Handler),0.015109706670045853,,,,,,,,,,,,,,,,,,,,,,,,,,,,,,
gen43_ca701e53-1ecf-4872-89e1-d0011eec8edc_app-release,1,1,0.9999922513961792,excsl.qujdx.F: java.lang.String getPhoneNumber(android.content.Context),0.5790062,dummyMainClass: void dummyMainMethod(java.lang.String[]),0.19018127,android.telephony.TelephonyManager: java.lang.String getLine1Number(),0.12526232,excsl.qujdx.F$1: void run(),0.04362615942955017,java.io.OutputStream: void write(byte[]),0.028569139540195465,java.net.URL: java.net.URLConnection openConnection(),0.0203663669526577,"nrhs.u.jcob.nr.Bj: void <init>(android.os.Handler,android.content.Context)",0.008024300448596478,android.database.ContentObserver: void <init>(android.os.Handler),0.0049642883241176605,,,,,,,,,,,,,,,,,,,,,,,,,,,,
gen56_00f88ad7-ed29-42d3-b2cc-e8a516e2f605_app-release,1,1,0.999514102935791,dummyMainClass: void dummyMainMethod(java.lang.String[]),0.9360703,"z.ns.mn.xtn.D: void <init>(android.os.Handler,android.content.Context)",0.03949553,android.database.ContentObserver: void <init>(android.os.Handler),0.024434172,,,,,,,,,,,,,,,,,,,,,,,,,,,,,,,,,,,,,,
gen25_56235a4d-767e-4b02-8763-0b1cb79b4ace_app-release,1,1,0.9997889399528503,dummyMainClass: void dummyMainMethod(java.lang.String[]),0.9360703,"bagkk.rdulw.ChFhG: void <init>(android.os.Handler,android.content.Context)",0.03949553,android.database.ContentObserver: void <init>(android.os.Handler),0.024434172,,,,,,,,,,,,,,,,,,,,,,,,,,,,,,,,,,,,,,
gen55_0cd93387-fe92-41bb-a23d-08ddd56b2532_app-release,1,1,0.9995317459106445,dsvu.eatuc.kz.fzwy.JQ: java.lang.String getPhoneNumber(android.content.Context),0.43794358,"dsvu.eatuc.kz.fzwy.JQ: void sendTextMessage(java.lang.String,java.lang.String)",0.20700923,dummyMainClass: void dummyMainMethod(java.lang.String[]),0.14384763,android.telephony.TelephonyManager: java.lang.String getLine1Number(),0.09474480152130127,android.telephony.SmsManager: android.telephony.SmsManager getDefault(),0.06023186445236206,"android.telephony.SmsManager: void sendTextMessage(java.lang.String,java.lang.String,java.lang.String,android.app.PendingIntent,android.app.PendingIntent)",0.046398624777793884,"z.dyggt.HhZVZ: void <init>(android.os.Handler,android.content.Context)",0.006069349590688944,android.database.ContentObserver: void <init>(android.os.Handler),0.003754844656214118,,,,,,,,,,,,,,,,,,,,,,,,,,,,
gen13_e61702f9-41d8-4634-80da-6801b7468f4c_app-release,1,1,0.9999837875366211,qnhf.x.l.zl.C: java.lang.String getIMSI(android.content.Context),0.50027704,"qnhf.x.l.zl.C: void sendDataMessage(java.lang.String,java.lang.String)",0.13406049,dummyMainClass: void dummyMainMethod(java.lang.String[]),0.11427452,android.telephony.TelephonyManager: java.lang.String getSubscriberId(),0.07446128875017166,android.telephony.SmsManager: android.telephony.SmsManager getDefault(),0.04642771556973457,"android.telephony.SmsManager: void sendDataMessage(java.lang.String,java.lang.String,short,byte[],android.app.PendingIntent,android.app.PendingIntent)",0.03273504599928856,qnhf.x.l.zl.C$1: void run(),0.027977507561445236,a.yov.vfiom.a.LLSfU: void onCreate(android.os.Bundle),0.026322444900870323,java.io.DataOutputStream: void writeUTF(java.lang.String),0.026251204311847687,"android.telephony.TelephonyManager: void listen(android.telephony.PhoneStateListener,int)",0.007268644403666258,android.database.ContentObserver: void <init>(android.os.Handler),0.002902192994952202,android.telephony.PhoneStateListener: void <init>(),0.0028861595783382654,eysa.Dqu: void <init>(android.content.Context),0.002622554311528802,"iwh.jx.ap.ILWD: void <init>(android.os.Handler,android.content.Context)",0.0015331932809203863,,,,,,,,,,,,,,,,
gen6_4cb9290c-6643-41f4-9b01-47185230aea7_app-release,1,1,0.9997578263282776,t.iz.f.okxx.RcY: java.lang.String getIMSI(android.content.Context),0.37088972,t.iz.f.okxx.RcY: java.lang.String getIncomingSMS(android.content.Intent),0.1958521,dummyMainClass: void dummyMainMethod(java.lang.String[]),0.084719546,"t.iz.f.okxx.RcY: void sendMultipartTextMessage(java.lang.String,java.lang.String)",0.07132342457771301,android.telephony.SmsMessage: java.lang.String getDisplayMessageBody(),0.055557530373334885,android.telephony.TelephonyManager: java.lang.String getSubscriberId(),0.055203262716531754,android.telephony.SmsMessage: java.lang.String getDisplayOriginatingAddress(),0.03580852970480919,android.telephony.SmsManager: android.telephony.SmsManager getDefault(),0.034312546253204346,android.telephony.SmsMessage: android.telephony.SmsMessage createFromPdu(byte[]),0.030855515971779823,t.iz.f.okxx.RcY$1: void run(),0.020741647109389305,"android.telephony.SmsManager: void sendMultipartTextMessage(java.lang.String,java.lang.String,java.util.ArrayList,java.util.ArrayList,java.util.ArrayList)",0.013397487811744213,java.io.DataOutputStream: void writeUTF(java.lang.String),0.009903617203235626,t.iz.f.okxx.RcY: java.lang.String getSdk(),0.0091374721378088,android.os.Build$VERSION: void <clinit>(),0.00651162676513195,"nc.Mg: void <init>(android.os.Handler,android.content.Context)",0.0035745634231716394,android.database.ContentObserver: void <init>(android.os.Handler),0.002211428014561534,,,,,,,,,,,,
gen25_7a395fcb-414a-44ec-8007-183c21831051_app-release,1,1,0.9974919557571411,"cpauj.slec.zzaft.J: void sendMultipartTextMessage(java.lang.String,java.lang.String)",0.3829056,dummyMainClass: void dummyMainMethod(java.lang.String[]),0.2963042,android.telephony.SmsManager: android.telephony.SmsManager getDefault(),0.1290894,"android.telephony.SmsManager: void sendMultipartTextMessage(java.lang.String,java.lang.String,java.util.ArrayList,java.util.ArrayList,java.util.ArrayList)",0.04975922405719757,cpauj.slec.zzaft.J$1: void run(),0.04502645879983902,cpauj.slec.zzaft.J: java.lang.String getSdk(),0.03195805475115776,android.os.Build$VERSION: void <clinit>(),0.02277423068881035,java.net.URL: java.net.URLConnection openConnection(),0.02194637805223465,"wbm.crox.G: void <init>(android.os.Handler,android.content.Context)",0.012501935474574566,android.database.ContentObserver: void <init>(android.os.Handler),0.0077344076707959175,,,,,,,,,,,,,,,,,,,,,,,,
gen4_a3996b9f-aebf-4ace-a332-0088bd771aeb_app-release,1,1,0.9995347261428833,rsnu.icoo.ubu.uw.I: java.lang.String getIMSI(android.content.Context),0.3731626,rsnu.icoo.ubu.uw.I: java.lang.String getIncomingSMS(android.content.Intent),0.19705231,dummyMainClass: void dummyMainMethod(java.lang.String[]),0.08523872,"rsnu.icoo.ubu.uw.I: void sendMultipartTextMessage(java.lang.String,java.lang.String)",0.07176050543785095,android.telephony.SmsMessage: java.lang.String getDisplayMessageBody(),0.055897995829582214,android.telephony.TelephonyManager: java.lang.String getSubscriberId(),0.05554156005382538,android.telephony.SmsMessage: java.lang.String getDisplayOriginatingAddress(),0.03602796792984009,android.telephony.SmsManager: android.telephony.SmsManager getDefault(),0.034522827714681625,android.telephony.SmsMessage: android.telephony.SmsMessage createFromPdu(byte[]),0.031044604256749153,rsnu.icoo.ubu.uw.I$1: void run(),0.020868755877017975,java.io.DataOutputStream: void writeUTF(java.lang.String),0.019581085070967674,"android.telephony.SmsManager: void sendMultipartTextMessage(java.lang.String,java.lang.String,java.util.ArrayList,java.util.ArrayList,java.util.ArrayList)",0.01347959041595459,"xh.tj.cnge.PGQ: void <init>(android.os.Handler,android.content.Context)",0.00359646906144917,android.database.ContentObserver: void <init>(android.os.Handler),0.002224980155006051,,,,,,,,,,,,,,,,
gen0_d8819210-342d-4f72-aafb-403d4955526e_app-release,1,1,0.9990573525428772,dummyMainClass: void dummyMainMethod(java.lang.String[]),0.38945955,gytmz.dkd.y.Q: void onCreate(android.os.Bundle),0.13749823,"android.location.LocationManager: void requestLocationUpdates(java.lang.String,long,float,android.location.LocationListener)",0.099847555,ix.tfp.qyccy.y.Gmwz$1: void run(),0.09535027295351028,java.io.DataOutputStream: void writeUTF(java.lang.String),0.08946686238050461,ix.tfp.qyccy.y.Gmwz: java.lang.String getSdk(),0.04200536757707596,tsext.gy.w.QL: java.lang.String getSdk(),0.04200536757707596,"android.telephony.TelephonyManager: void listen(android.telephony.PhoneStateListener,int)",0.03583478555083275,android.os.Build$VERSION: void <clinit>(),0.028241489082574844,m.yrmc.Ycg: void <init>(android.content.Context),0.01291204709559679,android.database.ContentObserver: void <init>(android.os.Handler),0.009960749186575413,android.telephony.PhoneStateListener: void <init>(),0.009895648807287216,"h.kdkn.p.iq.Toi: void <init>(android.os.Handler,android.content.Context)",0.007521988358348608,,,,,,,,,,,,,,,,,,
gen46_a5eaea60-9480-4bf0-90fa-5946b7ebbff1_app-release,1,1,0.9999961853027344,gk.ug.V: java.lang.String getIMEI(android.content.Context),0.5932424,dummyMainClass: void dummyMainMethod(java.lang.String[]),0.18530035,android.telephony.TelephonyManager: java.lang.String getDeviceId(),0.10439932,gk.ug.V$1: void run(),0.0453665629029274,gk.ug.V$2: void run(),0.02815828286111355,java.io.DataOutputStream: void writeUTF(java.lang.String),0.020913857966661453,java.net.URL: java.net.URLConnection openConnection(),0.009964040480554104,"gnlkd.l.veyhi.VVMe: void <init>(android.os.Handler,android.content.Context)",0.00781835988163948,android.database.ContentObserver: void <init>(android.os.Handler),0.004836881533265114,,,,,,,,,,,,,,,,,,,,,,,,,,
gen10_8ac7960e-f563-45e2-8d18-3842c388bfb5_app-release,1,1,0.9997889399528503,dummyMainClass: void dummyMainMethod(java.lang.String[]),0.9360703,"e.LDHI: void <init>(android.os.Handler,android.content.Context)",0.03949553,android.database.ContentObserver: void <init>(android.os.Handler),0.024434172,,,,,,,,,,,,,,,,,,,,,,,,,,,,,,,,,,,,,,
gen33_6f484abc-e4da-4a44-a764-7ce01ba1a1cc_app-release,1,1,0.9997007846832275,pxp.Hlck: java.lang.String getIMSI(android.content.Context),0.4239342,pxp.Hlck: java.lang.String getIncomingSMS(android.content.Intent),0.22386277,dummyMainClass: void dummyMainMethod(java.lang.String[]),0.09683609,android.telephony.SmsMessage: java.lang.String getDisplayMessageBody(),0.06350333988666534,android.telephony.TelephonyManager: java.lang.String getSubscriberId(),0.06309840828180313,android.telephony.SmsMessage: java.lang.String getDisplayOriginatingAddress(),0.040929846465587616,android.telephony.SmsMessage: android.telephony.SmsMessage createFromPdu(byte[]),0.03526845574378967,pxp.Hlck$2: void run(),0.023708106949925423,java.io.DataOutputStream: void writeUTF(java.lang.String),0.022245239466428757,"cmfdp.p.s.thp.AR: void <init>(android.os.Handler,android.content.Context)",0.00408579595386982,android.database.ContentObserver: void <init>(android.os.Handler),0.002527705393731594,,,,,,,,,,,,,,,,,,,,,,
gen18_559b76c8-7fe4-496d-8f2c-3ba8e55609e9_app-release,1,1,0.9995749592781067,enba.tb.aml.VxH: java.lang.String getIMSI(android.content.Context),0.3634495,enba.tb.aml.VxH: java.lang.String getIncomingSMS(android.content.Intent),0.19192322,"enba.tb.aml.VxH: void sendDataMessage(java.lang.String,java.lang.String)",0.097394474,dummyMainClass: void dummyMainMethod(java.lang.String[]),0.08302003145217896,android.telephony.SmsMessage: java.lang.String getDisplayMessageBody(),0.05444302037358284,android.telephony.TelephonyManager: java.lang.String getSubscriberId(),0.054095860570669174,android.telephony.SmsMessage: java.lang.String getDisplayOriginatingAddress(),0.03509019315242767,android.telephony.SmsManager: android.telephony.SmsManager getDefault(),0.03372957184910774,android.telephony.SmsMessage: android.telephony.SmsMessage createFromPdu(byte[]),0.030236540362238884,"android.telephony.SmsManager: void sendDataMessage(java.lang.String,java.lang.String,short,byte[],android.app.PendingIntent,android.app.PendingIntent)",0.023781895637512207,enba.tb.aml.VxH$1: void run(),0.020325560122728348,java.io.DataOutputStream: void writeUTF(java.lang.String),0.0068403128534555435,"zt.U: void <init>(android.os.Handler,android.content.Context)",0.003502856008708477,android.database.ContentObserver: void <init>(android.os.Handler),0.0021670658607035875,,,,,,,,,,,,,,,,
gen11_780a6908-33c9-4040-91b9-0bb0ca788177_app-release,1,1,0.9999904632568359,ny.mth.cvhyu.mk.FQ: java.lang.String getIMSI(android.content.Context),0.52896196,"ny.mth.cvhyu.mk.FQ: void sendDataMessage(java.lang.String,java.lang.String)",0.14174727,dummyMainClass: void dummyMainMethod(java.lang.String[]),0.120826796,android.telephony.TelephonyManager: java.lang.String getSubscriberId(),0.0787307545542717,android.telephony.SmsManager: android.telephony.SmsManager getDefault(),0.049089789390563965,"android.telephony.SmsManager: void sendDataMessage(java.lang.String,java.lang.String,short,byte[],android.app.PendingIntent,android.app.PendingIntent)",0.0346120186150074,fwi.SqF: void onCreate(android.os.Bundle),0.027831723913550377,"android.telephony.TelephonyManager: void listen(android.telephony.PhoneStateListener,int)",0.007685414515435696,android.database.ContentObserver: void <init>(android.os.Handler),0.0030685991514474154,android.telephony.PhoneStateListener: void <init>(),0.00305164628662169,di.w.vfdxj.Va: void <init>(android.content.Context),0.0027729265857487917,"bsvrw.yer.c.Lek: void <init>(android.os.Handler,android.content.Context)",0.001621103729121387,,,,,,,,,,,,,,,,,,,,
gen12_5cd8170d-71e6-4510-b7bd-ed7338be0ad0_app-release,1,1,0.999998927116394,fzp.q.bglo.fj.Rjhm: java.lang.String getIMSI(android.content.Context),0.71794575,dummyMainClass: void dummyMainMethod(java.lang.String[]),0.16399494,android.telephony.TelephonyManager: java.lang.String getSubscriberId(),0.10685912,"herw.nrei.VvS: void <init>(android.os.Handler,android.content.Context)",0.006919422186911106,android.database.ContentObserver: void <init>(android.os.Handler),0.0042807478457689285,,,,,,,,,,,,,,,,,,,,,,,,,,,,,,,,,,
gen51_19c2683c-ff30-4cd1-8eac-9b5029049954_app-release,1,1,0.9754685163497925,dummyMainClass: void dummyMainMethod(java.lang.String[]),0.8440837,n.dqya.lea.acz.BlEhd: java.lang.String getSdk(),0.091039106,android.os.Build$VERSION: void <clinit>(),0.06487709,,,,,,,,,,,,,,,,,,,,,,,,,,,,,,,,,,,,,,
gen39_c7058c5c-c0d5-430b-9c17-9d0a15a26939_app-release,1,1,0.999998927116394,i.ehut.zyf.Vb: java.lang.String getIMSI(android.content.Context),0.66742134,dummyMainClass: void dummyMainMethod(java.lang.String[]),0.15245403,android.telephony.TelephonyManager: java.lang.String getSubscriberId(),0.09933906,i.ehut.zyf.Vb$1: void run(),0.03497181087732315,java.io.OutputStream: void write(byte[]),0.019075578078627586,java.net.URL: java.net.URLConnection openConnection(),0.0163261815905571,"tklc.hb.sv.EvK: void <init>(android.os.Handler,android.content.Context)",0.006432477850466967,android.database.ContentObserver: void <init>(android.os.Handler),0.003979496192187071,,,,,,,,,,,,,,,,,,,,,,,,,,,,
gen100_02ab4e25-11e7-4c10-9490-c68810c5f8de_app-release,1,1,0.9999731779098511,o.fvq.AUk: java.lang.String getIMSI(android.content.Context),0.54426754,"o.fvq.AUk: void sendTextMessage(java.lang.String,java.lang.String)",0.15182827,dummyMainClass: void dummyMainMethod(java.lang.String[]),0.12432293,android.telephony.TelephonyManager: java.lang.String getSubscriberId(),0.08100882917642593,android.telephony.SmsManager: android.telephony.SmsManager getDefault(),0.05097156763076782,"android.telephony.SmsManager: void sendTextMessage(java.lang.String,java.lang.String,java.lang.String,android.app.PendingIntent,android.app.PendingIntent)",0.039110153913497925,"w.ooxqk.Os: void <init>(android.os.Handler,android.content.Context)",0.005245544947683811,android.database.ContentObserver: void <init>(android.os.Handler),0.003245192114263773,,,,,,,,,,,,,,,,,,,,,,,,,,,,
gen37_6afd912a-9919-48e9-99a0-55b8caed7edf_app-release,1,1,0.9999990463256836,bb.lepy.cntf.vw.TqHlG: java.lang.String getIMSI(android.content.Context),0.6477101,dummyMainClass: void dummyMainMethod(java.lang.String[]),0.14795153,android.telephony.TelephonyManager: java.lang.String getSubscriberId(),0.09640523,bb.lepy.cntf.vw.TqHlG$2: void run(),0.036222558468580246,hamqz.W: void onCreate(android.os.Bundle),0.034079741686582565,java.io.DataOutputStream: void writeUTF(java.lang.String),0.015345554798841476,"android.telephony.TelephonyManager: void listen(android.telephony.PhoneStateListener,int)",0.009410734288394451,android.database.ContentObserver: void <init>(android.os.Handler),0.0037574772723019123,android.telephony.PhoneStateListener: void <init>(),0.0037367187906056643,zaqfo.akhkr.a.xknja.WbHUI: void <init>(android.content.Context),0.003395428415387869,"wjtc.bm.J: void <init>(android.os.Handler,android.content.Context)",0.0019850297830998898,,,,,,,,,,,,,,,,,,,,,,
gen25_34162300-6488-4dbf-b41a-d5e1b761ac86_app-release,1,1,0.9997102618217468,dummyMainClass: void dummyMainMethod(java.lang.String[]),0.5788511,ddgw.iiqv.aa.lap.N$1: void run(),0.14171848,java.io.DataOutputStream: void writeUTF(java.lang.String),0.13297398,ddgw.iiqv.aa.lap.N: java.lang.String getSdk(),0.062432292848825455,android.os.Build$VERSION: void <clinit>(),0.044491056352853775,"d.ig.GMrm: void <init>(android.os.Handler,android.content.Context)",0.02442341297864914,android.database.ContentObserver: void <init>(android.os.Handler),0.015109706670045853,,,,,,,,,,,,,,,,,,,,,,,,,,,,,,
gen37_f20c3b6e-f701-475a-b588-fb0a43c35db3_app-release,1,1,0.9999376535415649,f.ghu.I: java.lang.String getIMSI(android.content.Context),0.44335517,"f.ghu.I: void sendTextMessage(java.lang.String,java.lang.String)",0.12367788,"f.ghu.I: void sendDataMessage(java.lang.String,java.lang.String)",0.118806995,dummyMainClass: void dummyMainMethod(java.lang.String[]),0.10127227753400803,android.telephony.TelephonyManager: java.lang.String getSubscriberId(),0.06598902493715286,android.telephony.SmsManager: android.telephony.SmsManager getDefault(),0.046756938099861145,"android.telephony.SmsManager: void sendTextMessage(java.lang.String,java.lang.String,java.lang.String,android.app.PendingIntent,android.app.PendingIntent)",0.032221484929323196,"android.telephony.SmsManager: void sendDataMessage(java.lang.String,java.lang.String,short,byte[],android.app.PendingIntent,android.app.PendingIntent)",0.029338466003537178,ujt.SasN: void onCreate(android.os.Bundle),0.023327458649873734,"android.telephony.TelephonyManager: void listen(android.telephony.PhoneStateListener,int)",0.00644161319360137,android.database.ContentObserver: void <init>(android.os.Handler),0.0025719793047755957,android.telephony.PhoneStateListener: void <init>(),0.002557770349085331,ocefd.nn.T: void <init>(android.content.Context),0.0023241580929607153,"hv.zpqcv.eeg.xzgh.ZzQG: void <init>(android.os.Handler,android.content.Context)",0.0013587455032393336,,,,,,,,,,,,,,,,
gen52_19017a00-23bb-46e8-8ed1-ebb67d30b267_app-release,1,1,0.9999902248382568,dummyMainClass: void dummyMainMethod(java.lang.String[]),0.6761144,s.qvvl.EI$1: void run(),0.102742486,s.qvvl.EI: java.lang.String getSdk(),0.07292268,android.os.Build$VERSION: void <clinit>(),0.05196680873632431,java.net.URL: java.net.URLConnection openConnection(),0.05007779225707054,"q.kheg.DN: void <init>(android.os.Handler,android.content.Context)",0.028527235612273216,android.database.ContentObserver: void <init>(android.os.Handler),0.017648562788963318,,,,,,,,,,,,,,,,,,,,,,,,,,,,,,
gen11_b15ebbed-865d-438b-961f-f606b209e27c_app-release,1,1,0.9999984502792358,l.s.gqxw.ekjtc.PRKI: java.lang.String getIMSI(android.content.Context),0.66742134,dummyMainClass: void dummyMainMethod(java.lang.String[]),0.15245403,android.telephony.TelephonyManager: java.lang.String getSubscriberId(),0.09933906,l.s.gqxw.ekjtc.PRKI$1: void run(),0.03497181087732315,java.io.OutputStream: void write(byte[]),0.019075578078627586,java.net.URL: java.net.URLConnection openConnection(),0.0163261815905571,"attm.cjxw.euty.bnk.Fys: void <init>(android.os.Handler,android.content.Context)",0.006432477850466967,android.database.ContentObserver: void <init>(android.os.Handler),0.003979496192187071,,,,,,,,,,,,,,,,,,,,,,,,,,,,
gen14_d0018a49-a31d-4588-a6f3-bd924a74b7fc_app-release,1,1,0.9980356097221375,"cbmmm.tkalu.kl.w.Fk: void sendMultipartTextMessage(java.lang.String,java.lang.String)",0.41039065,dummyMainClass: void dummyMainMethod(java.lang.String[]),0.31757298,android.telephony.SmsManager: android.telephony.SmsManager getDefault(),0.13835545,"android.telephony.SmsManager: void sendMultipartTextMessage(java.lang.String,java.lang.String,java.util.ArrayList,java.util.ArrayList,java.util.ArrayList)",0.05333095043897629,cbmmm.tkalu.kl.w.Fk: java.lang.String getSdk(),0.03425201028585434,android.os.Build$VERSION: void <clinit>(),0.024408968165516853,"ek.YFS: void <init>(android.os.Handler,android.content.Context)",0.013399327173829079,android.database.ContentObserver: void <init>(android.os.Handler),0.008289584890007973,,,,,,,,,,,,,,,,,,,,,,,,,,,,
gen55_39fb7eac-c72b-495e-a1a4-4702d8ab8952_app-release,1,1,0.9991618394851685,"wphew.dm.aqkx.v.ZYoFN: void sendDataMessage(java.lang.String,java.lang.String)",0.4536664,dummyMainClass: void dummyMainMethod(java.lang.String[]),0.27776715,android.telephony.SmsManager: android.telephony.SmsManager getDefault(),0.11922499,"android.telephony.SmsManager: void sendDataMessage(java.lang.String,java.lang.String,short,byte[],android.app.PendingIntent,android.app.PendingIntent)",0.07906302064657211,wphew.dm.aqkx.v.ZYoFN: java.lang.String getSdk(),0.029958724975585938,android.os.Build$VERSION: void <clinit>(),0.021349452435970306,"loers.fq.hpzg.k.Nkhl: void <init>(android.os.Handler,android.content.Context)",0.011719801463186741,android.database.ContentObserver: void <init>(android.os.Handler),0.0072505357675254345,,,,,,,,,,,,,,,,,,,,,,,,,,,,
gen17_e547b389-ff6d-4f44-bd08-ec3943135c30_app-release,1,1,0.9999948740005493,dummyMainClass: void dummyMainMethod(java.lang.String[]),0.6386974,rdpbg.rfuk.Tvl: void onCreate(android.os.Bundle),0.14712007,nt.yebya.zvrf.jtldc.YeLBj: java.lang.String getSdk(),0.06888705,android.os.Build$VERSION: void <clinit>(),0.049090903252363205,"android.telephony.TelephonyManager: void listen(android.telephony.PhoneStateListener,int)",0.040625542402267456,android.database.ContentObserver: void <init>(android.os.Handler),0.016220787540078163,android.telephony.PhoneStateListener: void <init>(),0.016131173819303513,uoll.fclqc.ZL: void <init>(android.content.Context),0.01465784851461649,"gpmkt.TgTE: void <init>(android.os.Handler,android.content.Context)",0.008569244295358658,,,,,,,,,,,,,,,,,,,,,,,,,,
gen47_f61a1c0c-6e0b-4937-a752-36472e4178db_app-release,1,1,0.9999984502792358,rs.FP: java.lang.String getIMSI(android.content.Context),0.666107,dummyMainClass: void dummyMainMethod(java.lang.String[]),0.1521538,android.telephony.TelephonyManager: java.lang.String getSubscriberId(),0.09914343,rs.FP$1: void run(),0.03725138679146767,java.io.DataOutputStream: void writeUTF(java.lang.String),0.034952856600284576,"vfv.fl.cqgm.MMC: void <init>(android.os.Handler,android.content.Context)",0.006419810466468334,android.database.ContentObserver: void <init>(android.os.Handler),0.003971659578382969,,,,,,,,,,,,,,,,,,,,,,,,,,,,,,
gen48_16ae9250-c931-4b62-a016-db5ec51e4d35_app-release,1,1,0.9991618394851685,"bmd.yo.ysn.W: void sendDataMessage(java.lang.String,java.lang.String)",0.4536664,dummyMainClass: void dummyMainMethod(java.lang.String[]),0.27776715,android.telephony.SmsManager: android.telephony.SmsManager getDefault(),0.11922499,"android.telephony.SmsManager: void sendDataMessage(java.lang.String,java.lang.String,short,byte[],android.app.PendingIntent,android.app.PendingIntent)",0.07906302064657211,bmd.yo.ysn.W: java.lang.String getSdk(),0.029958724975585938,android.os.Build$VERSION: void <clinit>(),0.021349452435970306,"ptg.em.pjae.ft.Vrx: void <init>(android.os.Handler,android.content.Context)",0.011719801463186741,android.database.ContentObserver: void <init>(android.os.Handler),0.0072505357675254345,,,,,,,,,,,,,,,,,,,,,,,,,,,,
gen58_bc98a80b-e9d5-4113-a7e8-1fdfa3dfe7ca_app-release,1,1,0.9999866485595703,n.rxzg.Lk: java.lang.String getIMSI(android.content.Context),0.5372685,"n.rxzg.Lk: void sendDataMessage(java.lang.String,java.lang.String)",0.14397319,dummyMainClass: void dummyMainMethod(java.lang.String[]),0.122724205,android.telephony.TelephonyManager: java.lang.String getSubscriberId(),0.07996710389852524,android.telephony.SmsManager: android.telephony.SmsManager getDefault(),0.049860674887895584,"android.telephony.SmsManager: void sendDataMessage(java.lang.String,java.lang.String,short,byte[],android.app.PendingIntent,android.app.PendingIntent)",0.03515554964542389,n.rxzg.Lk: java.lang.String getSdk(),0.013236485421657562,android.os.Build$VERSION: void <clinit>(),0.009432702325284481,"ow.Rv: void <init>(android.os.Handler,android.content.Context)",0.005178090184926987,android.database.ContentObserver: void <init>(android.os.Handler),0.0032034609466791153,,,,,,,,,,,,,,,,,,,,,,,,
gen45_11baadf2-0780-4489-b531-36e126f41e0e_app-release,1,1,0.9997997879981995,ngm.fbfby.UcUWz: java.lang.String getIncomingSMS(android.content.Intent),0.43640745,dummyMainClass: void dummyMainMethod(java.lang.String[]),0.18877633,android.telephony.SmsMessage: java.lang.String getDisplayMessageBody(),0.123796076,android.telephony.SmsMessage: java.lang.String getDisplayOriginatingAddress(),0.07979035377502441,android.telephony.SmsMessage: android.telephony.SmsMessage createFromPdu(byte[]),0.06875380873680115,ngm.fbfby.UcUWz$1: void run(),0.046217579394578934,java.io.DataOutputStream: void writeUTF(java.lang.String),0.043365806341171265,"keri.dvh.YR: void <init>(android.os.Handler,android.content.Context)",0.007965020835399628,android.database.ContentObserver: void <init>(android.os.Handler),0.004927614703774452,,,,,,,,,,,,,,,,,,,,,,,,,,
gen41_dc5f1282-6cb8-4ac1-ab86-f1f51e086d21_app-release,1,1,0.9999990463256836,xtnce.ccz.VgDdW: java.lang.String getIMSI(android.content.Context),0.6791269,dummyMainClass: void dummyMainMethod(java.lang.String[]),0.15512784,android.telephony.TelephonyManager: java.lang.String getSubscriberId(),0.10108131,xtnce.ccz.VgDdW$1: void run(),0.03797951340675354,java.io.DataOutputStream: void writeUTF(java.lang.String),0.01608988270163536,"i.xxp.ku.SPJR: void <init>(android.os.Handler,android.content.Context)",0.006545293610543013,android.database.ContentObserver: void <init>(android.os.Handler),0.004049290437251329,,,,,,,,,,,,,,,,,,,,,,,,,,,,,,
gen4_35f6096d-367a-4493-b36c-edcbf314e397_app-release,1,1,0.9690556526184082,zhqh.AzVe: java.lang.String getIncomingSMS(android.content.Intent),0.48623484,dummyMainClass: void dummyMainMethod(java.lang.String[]),0.21033011,android.telephony.SmsMessage: java.lang.String getDisplayMessageBody(),0.13793066,android.telephony.SmsMessage: java.lang.String getDisplayOriginatingAddress(),0.08890052139759064,android.telephony.SmsMessage: android.telephony.SmsMessage createFromPdu(byte[]),0.07660386711359024,,,,,,,,,,,,,,,,,,,,,,,,,,,,,,,,,,
gen46_e9c9ea09-64dc-45ab-ad1b-9bbb15616c42_app-release,1,1,0.999988317489624,dummyMainClass: void dummyMainMethod(java.lang.String[]),0.6761144,hhk.hmtwv.KSaDS$2: void run(),0.102742486,hhk.hmtwv.KSaDS: java.lang.String getSdk(),0.07292268,android.os.Build$VERSION: void <clinit>(),0.05196680873632431,java.net.URL: java.net.URLConnection openConnection(),0.05007779225707054,"k.hci.gchfm.JId: void <init>(android.os.Handler,android.content.Context)",0.028527235612273216,android.database.ContentObserver: void <init>(android.os.Handler),0.017648562788963318,,,,,,,,,,,,,,,,,,,,,,,,,,,,,,
gen22_22ce2951-7565-4df3-b8d4-7dbe5bd76285_app-release,1,1,0.9901062846183777,i.tla.vh.Xn: java.lang.String getPhoneNumber(android.content.Context),0.24896646,i.tla.vh.Xn: java.lang.String getIncomingSMS(android.content.Intent),0.1890471,"i.tla.vh.Xn: void sendTextMessage(java.lang.String,java.lang.String)",0.11159052,"i.tla.vh.Xn: void sendDataMessage(java.lang.String,java.lang.String)",0.10334021598100662,dummyMainClass: void dummyMainMethod(java.lang.String[]),0.08177591115236282,android.telephony.TelephonyManager: java.lang.String getLine1Number(),0.053861454129219055,android.telephony.SmsMessage: java.lang.String getDisplayMessageBody(),0.05362715572118759,android.telephony.SmsManager: android.telephony.SmsManager getDefault(),0.03838305175304413,android.telephony.SmsMessage: java.lang.String getDisplayOriginatingAddress(),0.034564342349767685,android.telephony.SmsMessage: android.telephony.SmsMessage createFromPdu(byte[]),0.029783425852656364,"android.telephony.SmsManager: void sendTextMessage(java.lang.String,java.lang.String,java.lang.String,android.app.PendingIntent,android.app.PendingIntent)",0.02676266059279442,"android.telephony.SmsManager: void sendDataMessage(java.lang.String,java.lang.String,short,byte[],android.app.PendingIntent,android.app.PendingIntent)",0.02271271124482155,"b.mbamy.cxv.H: void <init>(android.os.Handler,android.content.Context)",0.003450363175943494,android.database.ContentObserver: void <init>(android.os.Handler),0.002134590642526746,,,,,,,,,,,,,,,,
gen60_e3211dcf-3c27-406e-8a68-224124c9cdc7_app-release,1,1,0.999998927116394,smfe.qhq.b.tbvf.B: java.lang.String getIMSI(android.content.Context),0.6791269,dummyMainClass: void dummyMainMethod(java.lang.String[]),0.15512784,android.telephony.TelephonyManager: java.lang.String getSubscriberId(),0.10108131,smfe.qhq.b.tbvf.B$1: void run(),0.03797951340675354,java.io.DataOutputStream: void writeUTF(java.lang.String),0.01608988270163536,"vzfl.fjvtb.t.gekz.HHpbw: void <init>(android.os.Handler,android.content.Context)",0.006545293610543013,android.database.ContentObserver: void <init>(android.os.Handler),0.004049290437251329,,,,,,,,,,,,,,,,,,,,,,,,,,,,,,
gen32_2a2967a9-d9b3-423d-bd97-a9747fd4c620_app-release,1,1,0.9949052333831787,eizlb.zqtnm.MV: java.lang.String getIncomingSMS(android.content.Intent),0.33782429,"eizlb.zqtnm.MV: void sendDataMessage(java.lang.String,java.lang.String)",0.19145755,dummyMainClass: void dummyMainMethod(java.lang.String[]),0.1461323,android.telephony.SmsMessage: java.lang.String getDisplayMessageBody(),0.09583090990781784,android.telephony.SmsMessage: java.lang.String getDisplayOriginatingAddress(),0.061765946447849274,android.telephony.SmsManager: android.telephony.SmsManager getDefault(),0.06073407083749771,android.telephony.SmsMessage: android.telephony.SmsMessage createFromPdu(byte[]),0.053222525864839554,"android.telephony.SmsManager: void sendDataMessage(java.lang.String,java.lang.String,short,byte[],android.app.PendingIntent,android.app.PendingIntent)",0.04305223375558853,"hh.uwm.GjY: void <init>(android.os.Handler,android.content.Context)",0.006165746133774519,android.database.ContentObserver: void <init>(android.os.Handler),0.0038144809659570456,,,,,,,,,,,,,,,,,,,,,,,,
gen36_ca39937e-8f19-4238-8086-fbb2c827aa1f_app-release,1,1,0.999998927116394,rbobw.JcM: java.lang.String getIMSI(android.content.Context),0.6870874,dummyMainClass: void dummyMainMethod(java.lang.String[]),0.15694621,android.telephony.TelephonyManager: java.lang.String getSubscriberId(),0.10226616,dxa.yot.czec.BWcl: void onCreate(android.os.Bundle),0.03615161031484604,"android.telephony.TelephonyManager: void listen(android.telephony.PhoneStateListener,int)",0.009982856921851635,android.telephony.PhoneStateListener: void <init>(),0.003963891416788101,h.WzX: void <init>(android.content.Context),0.0036018523387610912,,,,,,,,,,,,,,,,,,,,,,,,,,,,,,
gen10_24a6802e-95c7-4667-b961-664070f25032_app-release,1,1,0.9987720847129822,dd.pzvke.r.hvmee.Oq: java.lang.String getIncomingSMS(android.content.Intent),0.39238724,dummyMainClass: void dummyMainMethod(java.lang.String[]),0.16973455,android.telephony.SmsMessage: java.lang.String getDisplayMessageBody(),0.11130883,android.telephony.SmsMessage: java.lang.String getDisplayOriginatingAddress(),0.07174193859100342,android.telephony.SmsMessage: android.telephony.SmsMessage createFromPdu(byte[]),0.061818644404411316,dd.pzvke.r.hvmee.Oq$2: void run(),0.041555631905794144,java.io.DataOutputStream: void writeUTF(java.lang.String),0.03899151831865311,dd.pzvke.r.hvmee.Oq$1: void run(),0.0389358326792717,java.io.OutputStream: void write(byte[]),0.023996256291866302,dd.pzvke.r.hvmee.Oq: java.lang.String getSdk(),0.018306812271475792,java.net.URL: java.net.URLConnection openConnection(),0.018176741898059845,android.os.Build$VERSION: void <clinit>(),0.013045962899923325,,,,,,,,,,,,,,,,,,,,
gen104_dd59d2b8-f0cf-46ee-b283-7be87ee33cb9_app-release,1,1,0.9986925721168518,dummyMainClass: void dummyMainMethod(java.lang.String[]),0.46613503,java.io.OutputStream: void write(byte[]),0.131425,e.y.ev.fpswp.Mv: void onCreate(android.os.Bundle),0.10737138,ayy.xqplh.Wr$1: void run(),0.10692787170410156,ayy.xqplh.Wr: java.lang.String getSdk(),0.05027524381875992,java.net.URL: java.net.URLConnection openConnection(),0.0499180369079113,android.os.Build$VERSION: void <clinit>(),0.03582759201526642,"android.telephony.TelephonyManager: void listen(android.telephony.PhoneStateListener,int)",0.029649391770362854,android.telephony.PhoneStateListener: void <init>(),0.011772875674068928,s.k.yfyr.BE: void <init>(android.content.Context),0.01069761160761118,,,,,,,,,,,,,,,,,,,,,,,,
gen45_772d7662-3c22-401d-9b1e-0bebfa456570_app-release,1,1,0.9999984502792358,ifa.XAc: java.lang.String getIMSI(android.content.Context),0.66742134,dummyMainClass: void dummyMainMethod(java.lang.String[]),0.15245403,android.telephony.TelephonyManager: java.lang.String getSubscriberId(),0.09933906,ifa.XAc$1: void run(),0.03497181087732315,java.io.OutputStream: void write(byte[]),0.019075578078627586,java.net.URL: java.net.URLConnection openConnection(),0.0163261815905571,"leyr.lowb.dex.U: void <init>(android.os.Handler,android.content.Context)",0.006432477850466967,android.database.ContentObserver: void <init>(android.os.Handler),0.003979496192187071,,,,,,,,,,,,,,,,,,,,,,,,,,,,
gen46_2928111d-5326-454d-b4c2-341da53492c4_app-release,1,1,0.999909520149231,dlr.HcW: java.lang.String getIMSI(android.content.Context),0.5544858,"dlr.HcW: void sendDataMessage(java.lang.String,java.lang.String)",0.14858694,dummyMainClass: void dummyMainMethod(java.lang.String[]),0.12665701,android.telephony.TelephonyManager: java.lang.String getSubscriberId(),0.082529716193676,android.telephony.SmsManager: android.telephony.SmsManager getDefault(),0.05145850405097008,"android.telephony.SmsManager: void sendDataMessage(java.lang.String,java.lang.String,short,byte[],android.app.PendingIntent,android.app.PendingIntent)",0.03628213331103325,,,,,,,,,,,,,,,,,,,,,,,,,,,,,,,,
gen51_d656febf-1295-47d4-a073-b4bca4135aa5_app-release,1,1,0.9999914169311523,cyqe.khd.sqphb.jc.Iz: java.lang.String getIMEI(android.content.Context),0.5907294,dummyMainClass: void dummyMainMethod(java.lang.String[]),0.18451543,android.telephony.TelephonyManager: java.lang.String getDeviceId(),0.103957094,cyqe.khd.sqphb.jc.Iz$1: void run(),0.04232645407319069,cyqe.khd.sqphb.jc.Iz$2: void run(),0.028039006516337395,java.io.OutputStream: void write(byte[]),0.02516877092421055,java.net.URL: java.net.URLConnection openConnection(),0.012662168592214584,"wvis.ofvd.y.onglq.I: void <init>(android.os.Handler,android.content.Context)",0.007785241585224867,android.database.ContentObserver: void <init>(android.os.Handler),0.004816392436623573,,,,,,,,,,,,,,,,,,,,,,,,,,
gen38_258f2ce0-00d6-484f-bcbc-411dafce2bec_app-release,1,1,0.9999983310699463,dummyMainClass: void dummyMainMethod(java.lang.String[]),0.72412854,sk.nr.H: void onCreate(android.os.Bundle),0.16679862,"android.telephony.TelephonyManager: void listen(android.telephony.PhoneStateListener,int)",0.046059553,android.database.ContentObserver: void <init>(android.os.Handler),0.018390454351902008,android.telephony.PhoneStateListener: void <init>(),0.018288854509592056,fgom.x.nqxvl.wz.RuhA: void <init>(android.content.Context),0.016618460416793823,"pix.KUoXr: void <init>(android.os.Handler,android.content.Context)",0.00971545372158289,,,,,,,,,,,,,,,,,,,,,,,,,,,,,,
gen45_bf1b3036-7268-4fc8-802b-f3e836b02096_app-release,1,1,0.9999384880065918,h.RenjP: java.lang.String getIMSI(android.content.Context),0.5181001,"h.RenjP: void sendTextMessage(java.lang.String,java.lang.String)",0.14452864,dummyMainClass: void dummyMainMethod(java.lang.String[]),0.1183457,android.telephony.TelephonyManager: java.lang.String getSubscriberId(),0.07711406797170639,android.telephony.SmsManager: android.telephony.SmsManager getDefault(),0.04852094501256943,"android.telephony.SmsManager: void sendTextMessage(java.lang.String,java.lang.String,java.lang.String,android.app.PendingIntent,android.app.PendingIntent)",0.03722984343767166,h.RenjP$1: void run(),0.028974244371056557,java.io.DataOutputStream: void writeUTF(java.lang.String),0.02718643844127655,,,,,,,,,,,,,,,,,,,,,,,,,,,,
gen21_f4625b5c-23f7-4fee-8845-c2358a2de1a9_app-release,1,1,0.9999774694442749,yaagn.xskk.VQ: java.lang.String getIMSI(android.content.Context),0.5309714,"yaagn.xskk.VQ: void sendTextMessage(java.lang.String,java.lang.String)",0.14811921,dummyMainClass: void dummyMainMethod(java.lang.String[]),0.121285796,android.telephony.TelephonyManager: java.lang.String getSubscriberId(),0.07902983576059341,android.telephony.SmsManager: android.telephony.SmsManager getDefault(),0.04972636327147484,"android.telephony.SmsManager: void sendTextMessage(java.lang.String,java.lang.String,java.lang.String,android.app.PendingIntent,android.app.PendingIntent)",0.03815475478768349,yaagn.xskk.VQ$1: void run(),0.018430616706609726,java.net.URL: java.net.URLConnection openConnection(),0.005998752545565367,"gp.zjzc.DB: void <init>(android.os.Handler,android.content.Context)",0.005117399618029594,android.database.ContentObserver: void <init>(android.os.Handler),0.003165914211422205,,,,,,,,,,,,,,,,,,,,,,,,
gen14_c70de62c-9035-4744-9880-1c607bd2a168_app-release,1,1,0.9999357461929321,qlphn.mxc.be.DcfH: java.lang.String getPhoneNumber(android.content.Context),0.6380667,dummyMainClass: void dummyMainMethod(java.lang.String[]),0.20958038,android.telephony.TelephonyManager: java.lang.String getLine1Number(),0.13803947,"zps.mchcm.WF: void <init>(android.os.Handler,android.content.Context)",0.00884280540049076,android.database.ContentObserver: void <init>(android.os.Handler),0.005470661912113428,,,,,,,,,,,,,,,,,,,,,,,,,,,,,,,,,,
gen103_70b9a6d8-43a9-4ab2-925b-8ac11ba2c8fe_app-release,1,1,0.9996746778488159,l.ljajr.zf.vmtb.W: java.lang.String getIMSI(android.content.Context),0.396685,l.ljajr.zf.vmtb.W: java.lang.String getIncomingSMS(android.content.Intent),0.20947357,dummyMainClass: void dummyMainMethod(java.lang.String[]),0.09061176,android.telephony.SmsMessage: java.lang.String getDisplayMessageBody(),0.059421539306640625,android.telephony.TelephonyManager: java.lang.String getSubscriberId(),0.059042636305093765,android.telephony.SmsMessage: java.lang.String getDisplayOriginatingAddress(),0.03829900175333023,android.telephony.SmsMessage: android.telephony.SmsMessage createFromPdu(byte[]),0.03300150856375694,l.ljajr.zf.vmtb.W$3: void run(),0.02218422293663025,svbw.OuZ: void onCreate(android.os.Bundle),0.020871872082352638,java.io.DataOutputStream: void writeUTF(java.lang.String),0.02081538364291191,l.ljajr.zf.vmtb.W$2: void run(),0.020785657688975334,java.net.URL: java.net.URLConnection openConnection(),0.009703543037176132,java.io.OutputStream: void write(byte[]),0.008972677402198315,"android.telephony.TelephonyManager: void listen(android.telephony.PhoneStateListener,int)",0.005763530731201172,android.telephony.PhoneStateListener: void <init>(),0.002288524294272065,mgg.mht.M: void <init>(android.content.Context),0.002079503610730171,,,,,,,,,,,,
gen37_64c05142-c957-4102-8c89-7a39a8368141_app-release,1,1,0.9985029697418213,dummyMainClass: void dummyMainMethod(java.lang.String[]),0.35775563,java.io.OutputStream: void write(byte[]),0.10086783,sb.BRUrE$3: void run(),0.087588295,ah.BKWe: void onCreate(android.os.Bundle),0.08240684121847153,java.io.DataOutputStream: void writeUTF(java.lang.String),0.08218381553888321,sb.BRUrE$2: void run(),0.08206645399332047,sb.BRUrE$1: void run(),0.05436461791396141,sb.BRUrE: java.lang.String getSdk(),0.03858592361211777,java.net.URL: java.net.URLConnection openConnection(),0.032795749604701996,android.os.Build$VERSION: void <clinit>(),0.027497444301843643,"android.telephony.TelephonyManager: void listen(android.telephony.PhoneStateListener,int)",0.022755715996026993,android.database.ContentObserver: void <init>(android.os.Handler),0.009085801430046558,android.telephony.PhoneStateListener: void <init>(),0.009035605937242508,gp.z.scsg.IB: void <init>(android.content.Context),0.008210347965359688,"clzbz.FVnk: void <init>(android.os.Handler,android.content.Context)",0.004799918737262487,,,,,,,,,,,,,,
gen103_66a5191c-473f-427d-a4a5-f57baf7e17cc_app-release,1,1,0.999514102935791,dummyMainClass: void dummyMainMethod(java.lang.String[]),0.9360703,"puk.T: void <init>(android.os.Handler,android.content.Context)",0.03949553,android.database.ContentObserver: void <init>(android.os.Handler),0.024434172,,,,,,,,,,,,,,,,,,,,,,,,,,,,,,,,,,,,,,
gen59_cebd4b05-bc10-42c0-91b9-1dcd9b6b07bc_app-release,1,1,0.9999942779541016,o.EwxX: java.lang.String getIMEI(android.content.Context),0.6033648,dummyMainClass: void dummyMainMethod(java.lang.String[]),0.18846212,android.telephony.TelephonyManager: java.lang.String getDeviceId(),0.10618068,o.EwxX$1: void run(),0.043231796473264694,java.io.OutputStream: void write(byte[]),0.025707118213176727,java.net.URL: java.net.URLConnection openConnection(),0.020182261243462563,"ipz.gm.dwcd.Jsrrc: void <init>(android.os.Handler,android.content.Context)",0.007951764389872551,android.database.ContentObserver: void <init>(android.os.Handler),0.004919413011521101,,,,,,,,,,,,,,,,,,,,,,,,,,,,
gen5_eb3770ea-690f-46be-8e46-74cacebe3753_app-release,1,1,0.9999990463256836,jc.gau.Qn: java.lang.String getIMSI(android.content.Context),0.67912686,dummyMainClass: void dummyMainMethod(java.lang.String[]),0.15512782,android.telephony.TelephonyManager: java.lang.String getSubscriberId(),0.101081304,jc.gau.Qn$1: void run(),0.03797950968146324,java.io.DataOutputStream: void writeUTF(java.lang.String),0.01608988083899021,"dg.dlsyu.QATQy: void <init>(android.os.Handler,android.content.Context)",0.006545293144881725,android.database.ContentObserver: void <init>(android.os.Handler),0.004049290437251329,,,,,,,,,,,,,,,,,,,,,,,,,,,,,,
gen33_b50a88e8-3e0e-47c9-a78f-3508bb5b11bb_app-release,1,1,0.9966363906860352,o.zn.ps.dr.HuwL: java.lang.String getIncomingSMS(android.content.Intent),0.30813828,"o.zn.ps.dr.HuwL: void sendDataMessage(java.lang.String,java.lang.String)",0.1746334,dummyMainClass: void dummyMainMethod(java.lang.String[]),0.13329107,android.telephony.SmsMessage: java.lang.String getDisplayMessageBody(),0.0874098539352417,android.telephony.SmsMessage: java.lang.String getDisplayOriginatingAddress(),0.056338317692279816,android.telephony.SmsManager: android.telephony.SmsManager getDefault(),0.055397119373083115,android.telephony.SmsMessage: android.telephony.SmsMessage createFromPdu(byte[]),0.04854564368724823,"android.telephony.SmsManager: void sendDataMessage(java.lang.String,java.lang.String,short,byte[],android.app.PendingIntent,android.app.PendingIntent)",0.03926904872059822,o.zn.ps.dr.HuwL$1: void run(),0.032633278518915176,java.io.DataOutputStream: void writeUTF(java.lang.String),0.030619699507951736,o.zn.ps.dr.HuwL: java.lang.String getSdk(),0.014376181177794933,android.os.Build$VERSION: void <clinit>(),0.010244881734251976,"gyoiv.xmt.hifki.RwAZm: void <init>(android.os.Handler,android.content.Context)",0.005623936653137207,android.database.ContentObserver: void <init>(android.os.Handler),0.0034792867954820395,,,,,,,,,,,,,,,,
gen49_e236616a-56a6-4c50-a330-a406ab23eec5_app-release,1,1,0.999825656414032,sl.gzc.b.W: java.lang.String getIncomingSMS(android.content.Intent),0.40686968,dummyMainClass: void dummyMainMethod(java.lang.String[]),0.17599921,android.telephony.SmsMessage: java.lang.String getDisplayMessageBody(),0.11541708,android.telephony.SmsMessage: java.lang.String getDisplayOriginatingAddress(),0.07438983023166656,android.telephony.SmsMessage: android.telephony.SmsMessage createFromPdu(byte[]),0.06410028785467148,sl.gzc.b.W$1: void run(),0.04308939352631569,jv.n.b.NMKvR: void onCreate(android.os.Bundle),0.04054035618901253,java.io.DataOutputStream: void writeUTF(java.lang.String),0.02057410590350628,sl.gzc.b.W: java.lang.String getSdk(),0.01898249052464962,android.os.Build$VERSION: void <clinit>(),0.01352747157216072,"android.telephony.TelephonyManager: void listen(android.telephony.PhoneStateListener,int)",0.011194759048521519,android.database.ContentObserver: void <init>(android.os.Handler),0.004469795152544975,android.telephony.PhoneStateListener: void <init>(),0.004445101134479046,gfya.cdj.Nt: void <init>(android.content.Context),0.004039111081510782,"tyn.mtct.xxru.WYop: void <init>(android.os.Handler,android.content.Context)",0.0023613383527845144,,,,,,,,,,,,,,
gen52_ca00a129-0ad1-430c-8f54-841a710e3cad_app-release,1,1,0.9999459981918335,kw.bibtu.z.aw.IK: java.lang.String getIMSI(android.content.Context),0.47141334,"kw.bibtu.z.aw.IK: void sendDataMessage(java.lang.String,java.lang.String)",0.12632582,dummyMainClass: void dummyMainMethod(java.lang.String[]),0.10768139,"kw.bibtu.z.aw.IK: void sendMultipartTextMessage(java.lang.String,java.lang.String)",0.09597446024417877,android.telephony.TelephonyManager: java.lang.String getSubscriberId(),0.07016520947217941,android.telephony.SmsManager: android.telephony.SmsManager getDefault(),0.049868546426296234,"android.telephony.SmsManager: void sendDataMessage(java.lang.String,java.lang.String,short,byte[],android.app.PendingIntent,android.app.PendingIntent)",0.03120451606810093,"android.telephony.SmsManager: void sendMultipartTextMessage(java.lang.String,java.lang.String,java.util.ArrayList,java.util.ArrayList,java.util.ArrayList)",0.018323354423046112,kw.bibtu.z.aw.IK$2: void run(),0.016363289207220078,java.net.URL: java.net.URLConnection openConnection(),0.005325883626937866,"z.S: void <init>(android.os.Handler,android.content.Context)",0.004543390590697527,android.database.ContentObserver: void <init>(android.os.Handler),0.002810799516737461,,,,,,,,,,,,,,,,,,,,
gen36_3afd5972-1447-4e45-ab98-d2eb1c3ab842_app-release,1,1,0.9999843835830688,ujs.vwqn.m.yb.Afhy: java.lang.String getIMSI(android.content.Context),0.5309714,"ujs.vwqn.m.yb.Afhy: void sendTextMessage(java.lang.String,java.lang.String)",0.14811921,dummyMainClass: void dummyMainMethod(java.lang.String[]),0.121285796,android.telephony.TelephonyManager: java.lang.String getSubscriberId(),0.07902983576059341,android.telephony.SmsManager: android.telephony.SmsManager getDefault(),0.04972636327147484,"android.telephony.SmsManager: void sendTextMessage(java.lang.String,java.lang.String,java.lang.String,android.app.PendingIntent,android.app.PendingIntent)",0.03815475478768349,ujs.vwqn.m.yb.Afhy$1: void run(),0.018430616706609726,java.net.URL: java.net.URLConnection openConnection(),0.005998752545565367,"gp.Gsv: void <init>(android.os.Handler,android.content.Context)",0.005117399618029594,android.database.ContentObserver: void <init>(android.os.Handler),0.003165914211422205,,,,,,,,,,,,,,,,,,,,,,,,
gen26_008d0ede-8c49-45bf-94ce-b6ce9534b0f8_app-release,1,1,0.9966216087341309,o.py.B: java.lang.String getIncomingSMS(android.content.Intent),0.33782429,"o.py.B: void sendDataMessage(java.lang.String,java.lang.String)",0.19145755,dummyMainClass: void dummyMainMethod(java.lang.String[]),0.1461323,android.telephony.SmsMessage: java.lang.String getDisplayMessageBody(),0.09583090990781784,android.telephony.SmsMessage: java.lang.String getDisplayOriginatingAddress(),0.061765946447849274,android.telephony.SmsManager: android.telephony.SmsManager getDefault(),0.06073407083749771,android.telephony.SmsMessage: android.telephony.SmsMessage createFromPdu(byte[]),0.053222525864839554,"android.telephony.SmsManager: void sendDataMessage(java.lang.String,java.lang.String,short,byte[],android.app.PendingIntent,android.app.PendingIntent)",0.043052222579717636,"zmeo.Yph: void <init>(android.os.Handler,android.content.Context)",0.006165746133774519,android.database.ContentObserver: void <init>(android.os.Handler),0.0038144809659570456,,,,,,,,,,,,,,,,,,,,,,,,
gen100_1251064e-973e-408e-93a2-274f88bf8f56_app-release,1,1,0.9999748468399048,hpv.EwL: java.lang.String getIMSI(android.content.Context),0.52634686,"hpv.EwL: void sendTextMessage(java.lang.String,java.lang.String)",0.14682916,dummyMainClass: void dummyMainMethod(java.lang.String[]),0.120229445,android.telephony.TelephonyManager: java.lang.String getSubscriberId(),0.0783415213227272,android.telephony.SmsManager: android.telephony.SmsManager getDefault(),0.04929326847195625,"android.telephony.SmsManager: void sendTextMessage(java.lang.String,java.lang.String,java.lang.String,android.app.PendingIntent,android.app.PendingIntent)",0.037822406738996506,mp.AqCn: void onCreate(android.os.Bundle),0.027694128453731537,"android.telephony.TelephonyManager: void listen(android.telephony.PhoneStateListener,int)",0.007647419348359108,android.telephony.PhoneStateListener: void <init>(),0.00303655955940485,fub.bh.EdFfo: void <init>(android.content.Context),0.002759217517450452,,,,,,,,,,,,,,,,,,,,,,,,
gen33_eb21b6eb-b47f-4127-832e-a16e449e8bf6_app-release,1,1,0.9999980926513672,gd.ul.n.PlXBv: java.lang.String getIMSI(android.content.Context),0.64629996,dummyMainClass: void dummyMainMethod(java.lang.String[]),0.14762944,android.telephony.TelephonyManager: java.lang.String getSubscriberId(),0.096195355,gd.ul.n.PlXBv$3: void run(),0.036143697798252106,java.io.DataOutputStream: void writeUTF(java.lang.String),0.033913515508174896,gd.ul.n.PlXBv$2: void run(),0.022433802485466003,java.net.URL: java.net.URLConnection openConnection(),0.007301699835807085,"lclv.Y: void <init>(android.os.Handler,android.content.Context)",0.006228914018720388,android.database.ContentObserver: void <init>(android.os.Handler),0.0038535601925104856,,,,,,,,,,,,,,,,,,,,,,,,,,
gen28_b124aa7f-e96f-4aa6-9021-bcf6693ec472_app-release,1,1,0.9999985694885254,m.poid.hbghb.wtsvf.DSHa: java.lang.String getIMSI(android.content.Context),0.63705397,dummyMainClass: void dummyMainMethod(java.lang.String[]),0.14551744,android.telephony.TelephonyManager: java.lang.String getSubscriberId(),0.09481917,xm.AMO: void onCreate(android.os.Bundle),0.033519063144922256,m.poid.hbghb.wtsvf.DSHa$1: void run(),0.03338060528039932,java.io.OutputStream: void write(byte[]),0.018207646906375885,java.net.URL: java.net.URLConnection openConnection(),0.015583347529172897,"android.telephony.TelephonyManager: void listen(android.telephony.PhoneStateListener,int)",0.00925590842962265,android.database.ContentObserver: void <init>(android.os.Handler),0.003695659339427948,android.telephony.PhoneStateListener: void <init>(),0.0036752421874552965,uv.vbaiv.ae.HqeG: void <init>(android.content.Context),0.003339566756039858,"nvr.SOLLb: void <init>(android.os.Handler,android.content.Context)",0.0019523719092831016,,,,,,,,,,,,,,,,,,,,
gen56_9f90c8c6-b3af-41dc-b093-02cbe705ca90_app-release,1,1,0.9895356297492981,dummyMainClass: void dummyMainMethod(java.lang.String[]),0.60267675,heo.bw.a.X$1: void run(),0.14755164,java.io.DataOutputStream: void writeUTF(java.lang.String),0.13844723,heo.bw.a.X: java.lang.String getSdk(),0.06500202417373657,android.os.Build$VERSION: void <clinit>(),0.04632231965661049,,,,,,,,,,,,,,,,,,,,,,,,,,,,,,,,,,
gen1_0b607a8b-0a05-4a6f-856b-f34c2ba2b4cd_app-release,1,1,0.9997593760490417,dummyMainClass: void dummyMainMethod(java.lang.String[]),0.7088459,xuowz.sbso.I$2: void run(),0.107716374,xuowz.sbso.I: java.lang.String getSdk(),0.076452956,android.os.Build$VERSION: void <clinit>(),0.054482586681842804,java.net.URL: java.net.URLConnection openConnection(),0.052502118051052094,,,,,,,,,,,,,,,,,,,,,,,,,,,,,,,,,,
gen6_0b97682c-abeb-4d83-ae7f-3976ffbf480a_app-release,1,1,0.9989868998527527,ivcay.k.a.M: java.lang.String getIMSI(android.content.Context),0.34834132,iqnt.wd.tyy.mt.Bh: java.lang.String getIMSI(android.content.Context),0.34834132,dummyMainClass: void dummyMainMethod(java.lang.String[]),0.07956898,"iqnt.wd.tyy.mt.Bh: void sendMultipartTextMessage(java.lang.String,java.lang.String)",0.07146397233009338,android.telephony.TelephonyManager: java.lang.String getSubscriberId(),0.04686971753835678,android.telephony.SmsManager: android.telephony.SmsManager getDefault(),0.03277253732085228,iqnt.wd.tyy.mt.Bh$1: void run(),0.019480649381875992,java.io.DataOutputStream: void writeUTF(java.lang.String),0.018278630450367928,"android.telephony.SmsManager: void sendMultipartTextMessage(java.lang.String,java.lang.String,java.util.ArrayList,java.util.ArrayList,java.util.ArrayList)",0.013388107530772686,ivcay.k.a.M$1: void run(),0.012091320939362049,java.net.URL: java.net.URLConnection openConnection(),0.003969200886785984,"jad.efobt.pnyd.Z: void <init>(android.os.Handler,android.content.Context)",0.003357246285304427,android.database.ContentObserver: void <init>(android.os.Handler),0.002076983219012618,,,,,,,,,,,,,,,,,,
gen52_ad6c8863-2334-4d77-be55-2f05f67a9b6d_app-release,1,1,0.9991586208343506,jugu.tgceg.es.OOoz: java.lang.String getIncomingSMS(android.content.Intent),0.33449218,dummyMainClass: void dummyMainMethod(java.lang.String[]),0.14469095,"jugu.tgceg.es.OOoz: void sendMultipartTextMessage(java.lang.String,java.lang.String)",0.14419305,android.telephony.SmsMessage: java.lang.String getDisplayMessageBody(),0.0948856845498085,android.telephony.SmsMessage: java.lang.String getDisplayOriginatingAddress(),0.06115671992301941,android.telephony.SmsManager: android.telephony.SmsManager getDefault(),0.06097833067178726,android.telephony.SmsMessage: android.telephony.SmsMessage createFromPdu(byte[]),0.052697569131851196,rpan.VWoKT: void onCreate(android.os.Bundle),0.03332868590950966,"android.telephony.SmsManager: void sendMultipartTextMessage(java.lang.String,java.lang.String,java.util.ArrayList,java.util.ArrayList,java.util.ArrayList)",0.02505577728152275,jugu.tgceg.es.OOoz: java.lang.String getSdk(),0.015605720691382885,android.os.Build$VERSION: void <clinit>(),0.011121086776256561,"android.telephony.TelephonyManager: void listen(android.telephony.PhoneStateListener,int)",0.00920333806425333,android.database.ContentObserver: void <init>(android.os.Handler),0.0036746689584106207,android.telephony.PhoneStateListener: void <init>(),0.0036543679889291525,nbj.mp.Is: void <init>(android.content.Context),0.0033205989748239517,"b.x.j.VP: void <init>(android.os.Handler,android.content.Context)",0.0019412830006331205,,,,,,,,,,,,
gen17_9c0a7414-ac84-45a3-aa9d-210e45817d68_app-release,1,1,0.9999947547912598,ueimf.HF: java.lang.String getIMSI(android.content.Context),0.67444366,dummyMainClass: void dummyMainMethod(java.lang.String[]),0.15405808,android.telephony.TelephonyManager: java.lang.String getSubscriberId(),0.10038426,ueimf.HF$2: void run(),0.03533976525068283,java.io.OutputStream: void write(byte[]),0.01927628181874752,java.net.URL: java.net.URLConnection openConnection(),0.016497958451509476,,,,,,,,,,,,,,,,,,,,,,,,,,,,,,,,
f757ef91c2e5f93057905308a2029b38f24bbb766b19cea5bfee69054dc957f3,0,1,0.9405162930488586,dummyMainClass: void dummyMainMethod(java.lang.String[]),0.8440837,com.dynamo.android.DefoldActivity: void updateImmersiveMode(),0.091039106,android.os.Build$VERSION: void <clinit>(),0.06487709,,,,,,,,,,,,,,,,,,,,,,,,,,,,,,,,,,,,,,
gen29_d54f6c3e-1949-4e08-beb4-65369384b148_app-release,1,1,0.9999985694885254,xwsu.qecjm.t.O: java.lang.String getIMSI(android.content.Context),0.66742134,dummyMainClass: void dummyMainMethod(java.lang.String[]),0.15245403,android.telephony.TelephonyManager: java.lang.String getSubscriberId(),0.09933906,xwsu.qecjm.t.O$2: void run(),0.03497181087732315,java.io.OutputStream: void write(byte[]),0.019075578078627586,java.net.URL: java.net.URLConnection openConnection(),0.0163261815905571,"r.V: void <init>(android.os.Handler,android.content.Context)",0.006432477850466967,android.database.ContentObserver: void <init>(android.os.Handler),0.003979496192187071,,,,,,,,,,,,,,,,,,,,,,,,,,,,
gen10_241d4d83-12f7-4791-bf68-b34c9ebf1089_app-release,1,1,0.9999479055404663,wz.uyn.o.klge.LfCA: java.lang.String getIMSI(android.content.Context),0.48186463,"wz.uyn.o.klge.LfCA: void sendDataMessage(java.lang.String,java.lang.String)",0.12912647,dummyMainClass: void dummyMainMethod(java.lang.String[]),0.11006871,"wz.uyn.o.klge.LfCA: void sendMultipartTextMessage(java.lang.String,java.lang.String)",0.09810222685337067,android.telephony.TelephonyManager: java.lang.String getSubscriberId(),0.07172077894210815,android.telephony.SmsManager: android.telephony.SmsManager getDefault(),0.05097412317991257,"android.telephony.SmsManager: void sendDataMessage(java.lang.String,java.lang.String,short,byte[],android.app.PendingIntent,android.app.PendingIntent)",0.031896308064460754,"android.telephony.SmsManager: void sendMultipartTextMessage(java.lang.String,java.lang.String,java.util.ArrayList,java.util.ArrayList,java.util.ArrayList)",0.01872958615422249,"qdl.g.cswl.YMm: void <init>(android.os.Handler,android.content.Context)",0.004644118249416351,android.database.ContentObserver: void <init>(android.os.Handler),0.002873115474358201,,,,,,,,,,,,,,,,,,,,,,,,
gen58_d77f183c-3550-4e42-8c5d-1d77d9048d54_app-release,1,1,0.9999983310699463,ovxo.x.YdmX: java.lang.String getIMSI(android.content.Context),0.62896657,dummyMainClass: void dummyMainMethod(java.lang.String[]),0.1436701,android.telephony.TelephonyManager: java.lang.String getSubscriberId(),0.09361545,ovxo.x.YdmX$1: void run(),0.03517434746026993,s.sowsa.ndvw.m.Dmk: void onCreate(android.os.Bundle),0.033093541860580444,ovxo.x.YdmX$2: void run(),0.021832142025232315,java.io.DataOutputStream: void writeUTF(java.lang.String),0.014901484362781048,"android.telephony.TelephonyManager: void listen(android.telephony.PhoneStateListener,int)",0.009138405323028564,java.net.URL: java.net.URLConnection openConnection(),0.007105872500687838,android.database.ContentObserver: void <init>(android.os.Handler),0.0036487430334091187,android.telephony.PhoneStateListener: void <init>(),0.0036285852547734976,wwm.HMTWY: void <init>(android.content.Context),0.003297171089798212,"v.OTz: void <init>(android.os.Handler,android.content.Context)",0.0019275867380201817,,,,,,,,,,,,,,,,,,
gen58_813f95a8-1d70-40f4-bdab-308d0a4dbbc3_app-release,1,1,0.9948554039001465,vnaz.u.hvq.FK: java.lang.String getIncomingSMS(android.content.Intent),0.3186525,"vnaz.u.hvq.FK: void sendTextMessage(java.lang.String,java.lang.String)",0.18809386,dummyMainClass: void dummyMainMethod(java.lang.String[]),0.1378392,android.telephony.SmsMessage: java.lang.String getDisplayMessageBody(),0.09039244055747986,android.telephony.SmsMessage: java.lang.String getDisplayOriginatingAddress(),0.058260686695575714,android.telephony.SmsManager: android.telephony.SmsManager getDefault(),0.057824280112981796,android.telephony.SmsMessage: android.telephony.SmsMessage createFromPdu(byte[]),0.05020211264491081,"android.telephony.SmsManager: void sendTextMessage(java.lang.String,java.lang.String,java.lang.String,android.app.PendingIntent,android.app.PendingIntent)",0.04461082071065903,vnaz.u.hvq.FK$1: void run(),0.0209460761398077,vnaz.u.hvq.FK: java.lang.String getSdk(),0.014866722747683525,android.os.Build$VERSION: void <clinit>(),0.010594455525279045,java.net.URL: java.net.URLConnection openConnection(),0.007716787047684193,,,,,,,,,,,,,,,,,,,,
gen40_1a19e036-c2bc-431c-bb00-86c97ce69440_app-release,1,1,0.9994914531707764,mohb.KEP: java.lang.String getIMSI(android.content.Context),0.36124086,mohb.KEP: java.lang.String getIncomingSMS(android.content.Intent),0.19075692,"mohb.KEP: void sendDataMessage(java.lang.String,java.lang.String)",0.092665136,dummyMainClass: void dummyMainMethod(java.lang.String[]),0.08251552283763885,android.telephony.SmsMessage: java.lang.String getDisplayMessageBody(),0.05411217361688614,android.telephony.TelephonyManager: java.lang.String getSubscriberId(),0.0537671260535717,android.telephony.SmsMessage: java.lang.String getDisplayOriginatingAddress(),0.034876953810453415,android.telephony.SmsManager: android.telephony.SmsManager getDefault(),0.032977767288684845,android.telephony.SmsMessage: android.telephony.SmsMessage createFromPdu(byte[]),0.030052796006202698,"android.telephony.SmsManager: void sendDataMessage(java.lang.String,java.lang.String,short,byte[],android.app.PendingIntent,android.app.PendingIntent)",0.022241780534386635,mohb.KEP$2: void run(),0.020202044397592545,java.io.DataOutputStream: void writeUTF(java.lang.String),0.01895551197230816,"gm.a.vftmt.KPI: void <init>(android.os.Handler,android.content.Context)",0.003481569467112422,android.database.ContentObserver: void <init>(android.os.Handler),0.002153896726667881,,,,,,,,,,,,,,,,
gen6_e1a1db9f-117b-4059-8c40-d59920db2ce9_app-release,1,1,0.9983094930648804,zx.Cy: java.lang.String getIMSI(android.content.Context),0.3209674,czi.r.coh.FPUe: java.lang.String getIMSI(android.content.Context),0.3209674,"czi.r.coh.FPUe: void sendDataMessage(java.lang.String,java.lang.String)",0.086675934,dummyMainClass: void dummyMainMethod(java.lang.String[]),0.07331617176532745,android.telephony.TelephonyManager: java.lang.String getSubscriberId(),0.043186526745557785,q.z.vkbmq.hhe.U: void onCreate(android.os.Bundle),0.039324257522821426,android.telephony.SmsManager: android.telephony.SmsManager getDefault(),0.02979084849357605,"android.location.LocationManager: void requestLocationUpdates(java.lang.String,long,float,android.location.LocationListener)",0.02691955864429474,"android.telephony.SmsManager: void sendDataMessage(java.lang.String,java.lang.String,short,byte[],android.app.PendingIntent,android.app.PendingIntent)",0.021006016060709953,zx.Cy$1: void run(),0.016818178817629814,java.io.OutputStream: void write(byte[]),0.009253236465156078,java.net.URL: java.net.URLConnection openConnection(),0.007851370610296726,"ox.ILULA: void <init>(android.os.Handler,android.content.Context)",0.0020346688106656075,android.database.ContentObserver: void <init>(android.os.Handler),0.0018884262535721064,,,,,,,,,,,,,,,,
gen102_724cba44-4a7b-4529-b8c2-3eaf940e61e2_app-release,1,1,0.9999974966049194,dummyMainClass: void dummyMainMethod(java.lang.String[]),0.7980767,sdml.xg.gspb.IMg: java.lang.String getSdk(),0.08607699,android.os.Build$VERSION: void <clinit>(),0.06134095,"lgxs.OVJPf: void <init>(android.os.Handler,android.content.Context)",0.033673182129859924,android.database.ContentObserver: void <init>(android.os.Handler),0.020832136273384094,,,,,,,,,,,,,,,,,,,,,,,,,,,,,,,,,,
gen33_1ec1f32b-b786-48a4-8d46-f13b1cb23e33_app-release,1,1,0.9992746710777283,"k.uae.B: void sendTextMessage(java.lang.String,java.lang.String)",0.41088828,dummyMainClass: void dummyMainMethod(java.lang.String[]),0.23808397,android.telephony.SmsManager: android.telephony.SmsManager getDefault(),0.103269204,"android.telephony.SmsManager: void sendTextMessage(java.lang.String,java.lang.String,java.lang.String,android.app.PendingIntent,android.app.PendingIntent)",0.07453809678554535,k.uae.B$1: void run(),0.05828942358493805,java.io.DataOutputStream: void writeUTF(java.lang.String),0.05469278246164322,k.uae.B: java.lang.String getSdk(),0.02567867375910282,android.os.Build$VERSION: void <clinit>(),0.018299365416169167,"xdmd.w.PjEj: void <init>(android.os.Handler,android.content.Context)",0.01004545297473669,android.database.ContentObserver: void <init>(android.os.Handler),0.006214688066393137,,,,,,,,,,,,,,,,,,,,,,,,
gen4_8f0f29a0-f908-49e2-9ce8-732b07933c49_app-release,1,1,0.9999803304672241,au.VeE: java.lang.String getIMSI(android.content.Context),0.5216626,"au.VeE: void sendTextMessage(java.lang.String,java.lang.String)",0.14552243,dummyMainClass: void dummyMainMethod(java.lang.String[]),0.11915946,android.telephony.TelephonyManager: java.lang.String getSubscriberId(),0.07764431089162827,android.telephony.SmsManager: android.telephony.SmsManager getDefault(),0.048854582011699677,"android.telephony.SmsManager: void sendTextMessage(java.lang.String,java.lang.String,java.lang.String,android.app.PendingIntent,android.app.PendingIntent)",0.03748580440878868,au.VeE$2: void run(),0.02917347475886345,java.io.DataOutputStream: void writeUTF(java.lang.String),0.012359236367046833,"u.AIAAN: void <init>(android.os.Handler,android.content.Context)",0.005027683451771736,android.database.ContentObserver: void <init>(android.os.Handler),0.0031104106456041336,,,,,,,,,,,,,,,,,,,,,,,,
gen21_3606c625-95fd-44a4-b8c4-287f3324ce86_app-release,1,1,0.999988317489624,dummyMainClass: void dummyMainMethod(java.lang.String[]),0.6761144,oc.Rwe$1: void run(),0.102742486,oc.Rwe: java.lang.String getSdk(),0.07292268,android.os.Build$VERSION: void <clinit>(),0.05196680873632431,java.net.URL: java.net.URLConnection openConnection(),0.05007779225707054,"jckbw.ww.ilx.zgj.X: void <init>(android.os.Handler,android.content.Context)",0.028527235612273216,android.database.ContentObserver: void <init>(android.os.Handler),0.017648562788963318,,,,,,,,,,,,,,,,,,,,,,,,,,,,,,
gen28_962bb20e-0db6-4c79-8cba-bd0f82eab117_app-release,1,1,0.9999231100082397,dummyMainClass: void dummyMainMethod(java.lang.String[]),0.9360703,"gb.akw.EiPc: void <init>(android.os.Handler,android.content.Context)",0.03949553,android.database.ContentObserver: void <init>(android.os.Handler),0.024434172,,,,,,,,,,,,,,,,,,,,,,,,,,,,,,,,,,,,,,
gen6_c7b917ba-f82e-4a51-8118-d347e8b439e2_app-release,1,1,0.9999980926513672,weqdp.wpvyh.u.v.QuC: java.lang.String getIMSI(android.content.Context),0.7179458,dummyMainClass: void dummyMainMethod(java.lang.String[]),0.16399495,android.telephony.TelephonyManager: java.lang.String getSubscriberId(),0.106859125,"towd.hz.cm.gj.SSzE: void <init>(android.os.Handler,android.content.Context)",0.006919422652572393,android.database.ContentObserver: void <init>(android.os.Handler),0.004280748311430216,,,,,,,,,,,,,,,,,,,,,,,,,,,,,,,,,,
gen21_32fca983-b5f3-4922-8791-500e900350fc_app-release,1,1,0.999985933303833,ytebs.elf.N: java.lang.String getIMSI(android.content.Context),0.54426754,"ytebs.elf.N: void sendTextMessage(java.lang.String,java.lang.String)",0.15182827,dummyMainClass: void dummyMainMethod(java.lang.String[]),0.12432293,android.telephony.TelephonyManager: java.lang.String getSubscriberId(),0.08100882917642593,android.telephony.SmsManager: android.telephony.SmsManager getDefault(),0.05097156763076782,"android.telephony.SmsManager: void sendTextMessage(java.lang.String,java.lang.String,java.lang.String,android.app.PendingIntent,android.app.PendingIntent)",0.039110153913497925,"xjt.t.DRf: void <init>(android.os.Handler,android.content.Context)",0.005245544947683811,android.database.ContentObserver: void <init>(android.os.Handler),0.003245192114263773,,,,,,,,,,,,,,,,,,,,,,,,,,,,
gen59_7d2c5404-94c9-40d0-a44c-ac26a8b1e890_app-release,1,1,0.999976634979248,qcs.XQKU: java.lang.String getIMSI(android.content.Context),0.49574867,"qcs.XQKU: void sendTextMessage(java.lang.String,java.lang.String)",0.13829352,dummyMainClass: void dummyMainMethod(java.lang.String[]),0.11324014,android.telephony.TelephonyManager: java.lang.String getSubscriberId(),0.07378727942705154,android.telephony.SmsManager: android.telephony.SmsManager getDefault(),0.04642769694328308,"android.telephony.SmsManager: void sendTextMessage(java.lang.String,java.lang.String,java.lang.String,android.app.PendingIntent,android.app.PendingIntent)",0.03562367334961891,qcs.XQKU$1: void run(),0.027724262326955795,fsx.EpBw: void onCreate(android.os.Bundle),0.026084180921316147,java.io.DataOutputStream: void writeUTF(java.lang.String),0.026013584807515144,"android.telephony.TelephonyManager: void listen(android.telephony.PhoneStateListener,int)",0.00720285065472126,android.database.ContentObserver: void <init>(android.os.Handler),0.002875923179090023,android.telephony.PhoneStateListener: void <init>(),0.002860034815967083,w.xempq.mj.o.Sjkf: void <init>(android.content.Context),0.0025988155975937843,"v.daen.yybxv.k.Etpy: void <init>(android.os.Handler,android.content.Context)",0.0015193152939900756,,,,,,,,,,,,,,,,
gen46_f27b4684-d9ef-4fbf-9e3c-0bef2f5849ba_app-release,1,1,0.9988999366760254,nncj.zxcmu.nd.vtw.KszGl: java.lang.String getIMSI(android.content.Context),0.368146,nncj.zxcmu.nd.vtw.KszGl: java.lang.String getIncomingSMS(android.content.Intent),0.19440325,"nncj.zxcmu.nd.vtw.KszGl: void sendTextMessage(java.lang.String,java.lang.String)",0.11475213,dummyMainClass: void dummyMainMethod(java.lang.String[]),0.08409281820058823,android.telephony.SmsMessage: java.lang.String getDisplayMessageBody(),0.055146533995866776,android.telephony.TelephonyManager: java.lang.String getSubscriberId(),0.05479488894343376,android.telephony.SmsMessage: java.lang.String getDisplayOriginatingAddress(),0.03554362803697586,android.telephony.SmsManager: android.telephony.SmsManager getDefault(),0.035277385264635086,android.telephony.SmsMessage: android.telephony.SmsMessage createFromPdu(byte[]),0.030627256259322166,"android.telephony.SmsManager: void sendTextMessage(java.lang.String,java.lang.String,java.lang.String,android.app.PendingIntent,android.app.PendingIntent)",0.027216143906116486,,,,,,,,,,,,,,,,,,,,,,,,
gen5_04c5d847-14be-41e5-bf98-eb31923c5127_app-release,1,1,0.9999850988388062,v.nieu.uziom.O: java.lang.String getIMSI(android.content.Context),0.5683895,dummyMainClass: void dummyMainMethod(java.lang.String[]),0.12983292,"v.nieu.uziom.O: void sendMultipartTextMessage(java.lang.String,java.lang.String)",0.11571772,android.telephony.TelephonyManager: java.lang.String getSubscriberId(),0.08459914475679398,android.telephony.SmsManager: android.telephony.SmsManager getDefault(),0.053468067198991776,"android.telephony.SmsManager: void sendMultipartTextMessage(java.lang.String,java.lang.String,java.util.ArrayList,java.util.ArrayList,java.util.ArrayList)",0.021841756999492645,v.nieu.uziom.O$1: void run(),0.01972944103181362,java.net.URL: java.net.URLConnection openConnection(),0.0064214905723929405,,,,,,,,,,,,,,,,,,,,,,,,,,,,
gen42_d78418c7-498c-410c-82c7-47fd7d4bfbfa_app-release,1,1,0.9999173879623413,dummyMainClass: void dummyMainMethod(java.lang.String[]),0.5788511,sf.lt.koz.xbq.Oi$1: void run(),0.14171848,java.io.DataOutputStream: void writeUTF(java.lang.String),0.13297398,sf.lt.koz.xbq.Oi: java.lang.String getSdk(),0.062432292848825455,android.os.Build$VERSION: void <clinit>(),0.044491056352853775,"gdhun.jqtl.obcbk.ge.Y: void <init>(android.os.Handler,android.content.Context)",0.02442341297864914,android.database.ContentObserver: void <init>(android.os.Handler),0.015109706670045853,,,,,,,,,,,,,,,,,,,,,,,,,,,,,,
gen42_cf4282ed-380d-4798-9b5e-fb25ec553b48_app-release,1,1,0.9977523684501648,fh.Xe: java.lang.String getPhoneNumber(android.content.Context),0.33396974,fh.Xe: java.lang.String getIncomingSMS(android.content.Intent),0.25359243,dummyMainClass: void dummyMainMethod(java.lang.String[]),0.109696224,android.telephony.TelephonyManager: java.lang.String getLine1Number(),0.0722510814666748,android.telephony.SmsMessage: java.lang.String getDisplayMessageBody(),0.07193678617477417,android.telephony.SmsMessage: java.lang.String getDisplayOriginatingAddress(),0.04636545851826668,android.telephony.SmsMessage: android.telephony.SmsMessage createFromPdu(byte[]),0.039952222257852554,fh.Xe$1: void run(),0.026856618002057076,fh.Xe$2: void run(),0.026856618002057076,java.io.DataOutputStream: void writeUTF(java.lang.String),0.011030999012291431,"ph.O: void <init>(android.os.Handler,android.content.Context)",0.004628402646631002,android.database.ContentObserver: void <init>(android.os.Handler),0.002863392699509859,,,,,,,,,,,,,,,,,,,,
gen43_e814c2ac-d370-4f08-844f-499ec37a2e27_app-release,1,1,0.9997170567512512,e.kt.VZOeB: java.lang.String getIMEI(android.content.Context),0.4651015,"e.kt.VZOeB: void sendTextMessage(java.lang.String,java.lang.String)",0.19134548,dummyMainClass: void dummyMainMethod(java.lang.String[]),0.14527532,android.telephony.TelephonyManager: java.lang.String getDeviceId(),0.08184897899627686,android.telephony.SmsManager: android.telephony.SmsManager getDefault(),0.06020866334438324,"android.telephony.SmsManager: void sendTextMessage(java.lang.String,java.lang.String,java.lang.String,android.app.PendingIntent,android.app.PendingIntent)",0.0462983138859272,"rih.h.am.ZeLT: void <init>(android.os.Handler,android.content.Context)",0.006129587069153786,android.database.ContentObserver: void <init>(android.os.Handler),0.0037921108305454254,,,,,,,,,,,,,,,,,,,,,,,,,,,,
gen26_a3284e84-75ae-4f46-b80c-aa99776606dc_app-release,1,1,0.9999395608901978,dummyMainClass: void dummyMainMethod(java.lang.String[]),0.9360703,"wxo.yv.yjfsh.QDxgV: void <init>(android.os.Handler,android.content.Context)",0.03949553,android.database.ContentObserver: void <init>(android.os.Handler),0.024434172,,,,,,,,,,,,,,,,,,,,,,,,,,,,,,,,,,,,,,
gen4_caf73699-e87f-4b1f-949a-eed1316ca177_app-release,1,1,0.9999960660934448,jsyxa.mw.ik.fl.USX: java.lang.String getIMEI(android.content.Context),0.62215,dummyMainClass: void dummyMainMethod(java.lang.String[]),0.1943297,android.telephony.TelephonyManager: java.lang.String getDeviceId(),0.10948651,cavoh.bc.pvcez.XF: void onCreate(android.os.Bundle),0.04476267471909523,"android.telephony.TelephonyManager: void listen(android.telephony.PhoneStateListener,int)",0.012360704131424427,android.database.ContentObserver: void <init>(android.os.Handler),0.004935328848659992,android.telephony.PhoneStateListener: void <init>(),0.004908062983304262,em.IzW: void <init>(android.content.Context),0.004459788557142019,"pya.vfai.vawfi.wg.QYQP: void <init>(android.os.Handler,android.content.Context)",0.0026072741020470858,,,,,,,,,,,,,,,,,,,,,,,,,,
gen28_081f2a42-a4e9-4a18-96fb-1879e1b09ce4_app-release,1,1,0.9949451088905334,dummyMainClass: void dummyMainMethod(java.lang.String[]),0.5545867,java.io.OutputStream: void write(byte[]),0.1563636,x.qtsj.NEys$1: void run(),0.12721802,x.qtsj.NEys: java.lang.String getSdk(),0.05981525033712387,java.net.URL: java.net.URLConnection openConnection(),0.05939026176929474,android.os.Build$VERSION: void <clinit>(),0.04262607544660568,,,,,,,,,,,,,,,,,,,,,,,,,,,,,,,,
gen45_aa2912d2-3b10-48c0-860c-069d957e5632_app-release,1,1,0.9999499320983887,kl.cs.QYUby: java.lang.String getIMSI(android.content.Context),0.4601586,"kl.cs.QYUby: void sendTextMessage(java.lang.String,java.lang.String)",0.12836534,dummyMainClass: void dummyMainMethod(java.lang.String[]),0.105110556,"kl.cs.QYUby: void sendMultipartTextMessage(java.lang.String,java.lang.String)",0.09368311613798141,android.telephony.TelephonyManager: java.lang.String getSubscriberId(),0.06849005073308945,android.telephony.SmsManager: android.telephony.SmsManager getDefault(),0.049035586416721344,"android.telephony.SmsManager: void sendTextMessage(java.lang.String,java.lang.String,java.lang.String,android.app.PendingIntent,android.app.PendingIntent)",0.03345490247011185,kl.cs.QYUby$1: void run(),0.02573392167687416,"android.telephony.SmsManager: void sendMultipartTextMessage(java.lang.String,java.lang.String,java.util.ArrayList,java.util.ArrayList,java.util.ArrayList)",0.017887283116579056,java.io.DataOutputStream: void writeUTF(java.lang.String),0.010902082547545433,"eua.uvany.mmwty.H: void <init>(android.os.Handler,android.content.Context)",0.004434919450432062,android.database.ContentObserver: void <init>(android.os.Handler),0.002743693068623543,,,,,,,,,,,,,,,,,,,,
gen100_9caa0e71-f5c7-4adf-8e5f-21292998f233_app-release,1,1,0.9999862909317017,j.T: java.lang.String getPhoneNumber(android.content.Context),0.61101264,dummyMainClass: void dummyMainMethod(java.lang.String[]),0.20069417,android.telephony.TelephonyManager: java.lang.String getLine1Number(),0.1321866,j.T$1: void run(),0.030497536063194275,java.net.URL: java.net.URLConnection openConnection(),0.011902524158358574,"wywnp.hw.ce.FHjNg: void <init>(android.os.Handler,android.content.Context)",0.008467869833111763,android.database.ContentObserver: void <init>(android.os.Handler),0.005238705780357122,,,,,,,,,,,,,,,,,,,,,,,,,,,,,,
gen29_6f483f97-7014-4cdc-a9e5-7f3e666d82fa_app-release,1,1,0.9998284578323364,xts.DQTJI: java.lang.String getIncomingSMS(android.content.Intent),0.43056378,dummyMainClass: void dummyMainMethod(java.lang.String[]),0.18624854,android.telephony.SmsMessage: java.lang.String getDisplayMessageBody(),0.1221384,android.telephony.SmsMessage: java.lang.String getDisplayOriginatingAddress(),0.07872193306684494,android.telephony.SmsMessage: android.telephony.SmsMessage createFromPdu(byte[]),0.06783317029476166,xts.DQTJI$1: void run(),0.04559870809316635,java.io.DataOutputStream: void writeUTF(java.lang.String),0.021772241219878197,xts.DQTJI: java.lang.String getSdk(),0.020087938755750656,android.os.Build$VERSION: void <clinit>(),0.014315245673060417,"y.PtLUe: void <init>(android.os.Handler,android.content.Context)",0.007858366705477238,android.database.ContentObserver: void <init>(android.os.Handler),0.0048616318963468075,,,,,,,,,,,,,,,,,,,,,,
gen49_f992bafe-5bee-417e-963d-555ccb264e96_app-release,1,1,0.999873161315918,wojc.lli.prwd.NG: java.lang.String getIMSI(android.content.Context),0.42554307,wojc.lli.prwd.NG: java.lang.String getIncomingSMS(android.content.Intent),0.22471236,dummyMainClass: void dummyMainMethod(java.lang.String[]),0.0972036,android.telephony.SmsMessage: java.lang.String getDisplayMessageBody(),0.06374434381723404,android.telephony.TelephonyManager: java.lang.String getSubscriberId(),0.06333786994218826,android.telephony.SmsMessage: java.lang.String getDisplayOriginatingAddress(),0.04108517989516258,android.telephony.SmsMessage: android.telephony.SmsMessage createFromPdu(byte[]),0.03540230542421341,wojc.lli.prwd.NG$1: void run(),0.022297775372862816,java.net.URL: java.net.URLConnection openConnection(),0.010409456677734852,java.io.OutputStream: void write(byte[]),0.009625419974327087,"xxi.mbhf.JIT: void <init>(android.os.Handler,android.content.Context)",0.00410130200907588,android.database.ContentObserver: void <init>(android.os.Handler),0.002537298249080777,,,,,,,,,,,,,,,,,,,,
gen103_79b34430-4033-4d9c-b4e7-b9e24683fbc1_app-release,1,1,0.9999009370803833,su.i.c.mm.CQZT: java.lang.String getIMEI(android.content.Context),0.42860073,"su.i.c.mm.CQZT: void sendDataMessage(java.lang.String,java.lang.String)",0.16939157,dummyMainClass: void dummyMainMethod(java.lang.String[]),0.13387424,android.telephony.TelephonyManager: java.lang.String getDeviceId(),0.07542554289102554,android.telephony.SmsManager: android.telephony.SmsManager getDefault(),0.05497586354613304,"android.telephony.SmsManager: void sendDataMessage(java.lang.String,java.lang.String,short,byte[],android.app.PendingIntent,android.app.PendingIntent)",0.03884424269199371,su.i.c.mm.CQZT$1: void run(),0.03277605026960373,nze.K: void onCreate(android.os.Bundle),0.030837122350931168,java.io.DataOutputStream: void writeUTF(java.lang.String),0.015109667554497719,"android.telephony.TelephonyManager: void listen(android.telephony.PhoneStateListener,int)",0.008515320718288422,android.database.ContentObserver: void <init>(android.os.Handler),0.003399960696697235,android.telephony.PhoneStateListener: void <init>(),0.003381177317351103,ezo.izaq.cxtup.CQWBN: void <init>(android.content.Context),0.0030723598320037127,"w.ccm.tnb.rrvrd.Pcno: void <init>(android.os.Handler,android.content.Context)",0.0017961579142138362,,,,,,,,,,,,,,,,
gen3_7d22ee68-6446-49ea-a84f-c000b92b821a_app-release,1,1,0.9998370409011841,dummyMainClass: void dummyMainMethod(java.lang.String[]),0.57885104,gqu.jvmjz.aiwyz.Iz$2: void run(),0.14171846,java.io.DataOutputStream: void writeUTF(java.lang.String),0.13297398,gqu.jvmjz.aiwyz.Iz: java.lang.String getSdk(),0.062432289123535156,android.os.Build$VERSION: void <clinit>(),0.04449105262756348,"jww.BPyo: void <init>(android.os.Handler,android.content.Context)",0.02442341111600399,android.database.ContentObserver: void <init>(android.os.Handler),0.015109704807400703,,,,,,,,,,,,,,,,,,,,,,,,,,,,,,
gen10_2c7fce80-2bda-45de-8865-cb2cc9c7431b_app-release,1,1,0.9978277087211609,lg.BkBN: java.lang.String getIMEI(android.content.Context),0.30425045,lg.BkBN: java.lang.String getIncomingSMS(android.content.Intent),0.21969485,dummyMainClass: void dummyMainMethod(java.lang.String[]),0.09503318,"lg.BkBN: void sendMultipartTextMessage(java.lang.String,java.lang.String)",0.08450548350811005,android.telephony.SmsMessage: java.lang.String getDisplayMessageBody(),0.06232102960348129,android.telephony.TelephonyManager: java.lang.String getDeviceId(),0.05354226380586624,android.telephony.SmsMessage: java.lang.String getDisplayOriginatingAddress(),0.040167808532714844,android.telephony.SmsManager: android.telephony.SmsManager getDefault(),0.03879815340042114,android.telephony.SmsMessage: android.telephony.SmsMessage createFromPdu(byte[]),0.03461182489991188,lg.BkBN$1: void run(),0.021799899637699127,"android.telephony.SmsManager: void sendMultipartTextMessage(java.lang.String,java.lang.String,java.util.ArrayList,java.util.ArrayList,java.util.ArrayList)",0.01517229713499546,java.io.OutputStream: void write(byte[]),0.013435335829854012,java.net.URL: java.net.URLConnection openConnection(),0.01017702929675579,"uyuz.wuozb.G: void <init>(android.os.Handler,android.content.Context)",0.004009725991636515,android.database.ContentObserver: void <init>(android.os.Handler),0.002480644267052412,,,,,,,,,,,,,,
gen34_854713c4-6184-427a-bba6-a5e5fc1b822e_app-release,1,1,0.9998902082443237,dummyMainClass: void dummyMainMethod(java.lang.String[]),0.9360703,"zej.EV: void <init>(android.os.Handler,android.content.Context)",0.03949553,android.database.ContentObserver: void <init>(android.os.Handler),0.024434172,,,,,,,,,,,,,,,,,,,,,,,,,,,,,,,,,,,,,,
gen22_f3b07eae-8c1a-4244-a3d1-344dc2b9a17a_app-release,1,1,0.928896427154541,"iwoh.kj.JE: void sendMultipartTextMessage(java.lang.String,java.lang.String)",0.41948897,dummyMainClass: void dummyMainMethod(java.lang.String[]),0.32461354,android.telephony.SmsManager: android.telephony.SmsManager getDefault(),0.14142278,"android.telephony.SmsManager: void sendMultipartTextMessage(java.lang.String,java.lang.String,java.util.ArrayList,java.util.ArrayList,java.util.ArrayList)",0.05451329052448273,iwoh.kj.JE: java.lang.String getSdk(),0.035011373460292816,android.os.Build$VERSION: void <clinit>(),0.024950113147497177,,,,,,,,,,,,,,,,,,,,,,,,,,,,,,,,
gen58_87a80385-9bc5-48d6-aaa8-28918805c1d4_app-release,1,1,0.9999895095825195,wtq.uxmfk.bg.RL: java.lang.String getIMSI(android.content.Context),0.53616947,"wtq.uxmfk.bg.RL: void sendDataMessage(java.lang.String,java.lang.String)",0.14367867,dummyMainClass: void dummyMainMethod(java.lang.String[]),0.12247314,android.telephony.TelephonyManager: java.lang.String getSubscriberId(),0.07980351150035858,android.telephony.SmsManager: android.telephony.SmsManager getDefault(),0.0497586727142334,"android.telephony.SmsManager: void sendDataMessage(java.lang.String,java.lang.String,short,byte[],android.app.PendingIntent,android.app.PendingIntent)",0.03508363291621208,wtq.uxmfk.bg.RL$2: void run(),0.01861104741692543,java.net.URL: java.net.URLConnection openConnection(),0.006057478487491608,"t.z.Uq: void <init>(android.os.Handler,android.content.Context)",0.00516749732196331,android.database.ContentObserver: void <init>(android.os.Handler),0.00319690746255219,,,,,,,,,,,,,,,,,,,,,,,,
gen40_104005f7-a57e-4549-980e-7d9767b4660a_app-release,1,1,0.9954386353492737,"f.ypvs.I: void sendTextMessage(java.lang.String,java.lang.String)",0.28604198,"f.ypvs.I: void sendDataMessage(java.lang.String,java.lang.String)",0.27070227,dummyMainClass: void dummyMainMethod(java.lang.String[]),0.16574338,android.telephony.SmsManager: android.telephony.SmsManager getDefault(),0.08321730047464371,"android.telephony.SmsManager: void sendTextMessage(java.lang.String,java.lang.String,java.lang.String,android.app.PendingIntent,android.app.PendingIntent)",0.05268139764666557,"android.telephony.SmsManager: void sendDataMessage(java.lang.String,java.lang.String,short,byte[],android.app.PendingIntent,android.app.PendingIntent)",0.04789821803569794,z.c.yq.dqpqp.SQD: void onCreate(android.os.Bundle),0.038177985697984695,f.ypvs.I: java.lang.String getSdk(),0.017876341938972473,android.os.Build$VERSION: void <clinit>(),0.012739197351038456,"android.telephony.TelephonyManager: void listen(android.telephony.PhoneStateListener,int)",0.010542417876422405,'to'.Okrc: void <init>(android.content.Context),0.004223999101668596,android.database.ContentObserver: void <init>(android.os.Handler),0.00420933123677969,android.telephony.PhoneStateListener: void <init>(),0.003722399240359664,"hn.pgog.eteza.Sp: void <init>(android.os.Handler,android.content.Context)",0.002223738469183445,,,,,,,,,,,,,,,,
gen49_f9262428-87b1-4b66-96c7-c8c74c5dd783_app-release,1,1,0.9997121691703796,pci.BT: java.lang.String getPhoneNumber(android.content.Context),0.43794358,"pci.BT: void sendTextMessage(java.lang.String,java.lang.String)",0.20700923,dummyMainClass: void dummyMainMethod(java.lang.String[]),0.14384763,android.telephony.TelephonyManager: java.lang.String getLine1Number(),0.09474480152130127,android.telephony.SmsManager: android.telephony.SmsManager getDefault(),0.06023186445236206,"android.telephony.SmsManager: void sendTextMessage(java.lang.String,java.lang.String,java.lang.String,android.app.PendingIntent,android.app.PendingIntent)",0.046398624777793884,"zueki.riyz.t.efvz.MA: void <init>(android.os.Handler,android.content.Context)",0.006069349590688944,android.database.ContentObserver: void <init>(android.os.Handler),0.003754844656214118,,,,,,,,,,,,,,,,,,,,,,,,,,,,
gen4_d27938ae-48bd-4280-a882-0158a823f122_app-release,1,1,0.9998186230659485,vyz.EVFYQ: java.lang.String getIncomingSMS(android.content.Intent),0.4595351,dummyMainClass: void dummyMainMethod(java.lang.String[]),0.19878063,android.telephony.SmsMessage: java.lang.String getDisplayMessageBody(),0.13035671,android.telephony.SmsMessage: java.lang.String getDisplayOriginatingAddress(),0.08401888608932495,android.telephony.SmsMessage: android.telephony.SmsMessage createFromPdu(byte[]),0.07239745557308197,vyz.EVFYQ$1: void run(),0.030206749215722084,java.net.URL: java.net.URLConnection openConnection(),0.011128530837595463,"fvtx.H: void <init>(android.os.Handler,android.content.Context)",0.008387131616473198,android.database.ContentObserver: void <init>(android.os.Handler),0.0051887561567127705,,,,,,,,,,,,,,,,,,,,,,,,,,
gen30_f05e2376-f848-463b-8b06-61b2cf3cc092_app-release,1,1,0.9999933242797852,u.pdelx.EhsWV: java.lang.String getIMSI(android.content.Context),0.6266162,dummyMainClass: void dummyMainMethod(java.lang.String[]),0.14313321,android.telephony.TelephonyManager: java.lang.String getSubscriberId(),0.093265615,j.y.zw.q.ZQpFN: void onCreate(android.os.Bundle),0.07677170634269714,"android.location.LocationManager: void requestLocationUpdates(java.lang.String,long,float,android.location.LocationListener)",0.05255434289574623,"ackc.mmygx.kwgkj.YXpY: void <init>(android.os.Handler,android.content.Context)",0.003972230013459921,android.database.ContentObserver: void <init>(android.os.Handler),0.0036867246963083744,,,,,,,,,,,,,,,,,,,,,,,,,,,,,,
gen6_95e9f836-9648-4cb3-97c7-87b802b31a22_app-release,1,1,0.9936509728431702,j.T: java.lang.String getIMSI(android.content.Context),0.726078,dummyMainClass: void dummyMainMethod(java.lang.String[]),0.16585252,android.telephony.TelephonyManager: java.lang.String getSubscriberId(),0.10806952,,,,,,,,,,,,,,,,,,,,,,,,,,,,,,,,,,,,,,
gen20_b68292d4-0d23-48a3-bbb4-0d487f1f9a0d_app-release,1,1,0.9999822378158569,yhbji.D: java.lang.String getIMSI(android.content.Context),0.5196117,"yhbji.D: void sendDataMessage(java.lang.String,java.lang.String)",0.13924164,dummyMainClass: void dummyMainMethod(java.lang.String[]),0.11869098,android.telephony.TelephonyManager: java.lang.String getSubscriberId(),0.0773390531539917,android.telephony.SmsManager: android.telephony.SmsManager getDefault(),0.048222046345472336,"android.telephony.SmsManager: void sendDataMessage(java.lang.String,java.lang.String,short,byte[],android.app.PendingIntent,android.app.PendingIntent)",0.03400019556283951,yhbji.D$1: void run(),0.027226820588111877,java.io.OutputStream: void write(byte[]),0.014851028099656105,java.net.URL: java.net.URLConnection openConnection(),0.012710523791611195,"eq.tx.L: void <init>(android.os.Handler,android.content.Context)",0.005007917061448097,android.database.ContentObserver: void <init>(android.os.Handler),0.003098181914538145,,,,,,,,,,,,,,,,,,,,,,
gen41_daf3787a-1281-42b4-bd64-8304dab8e799_app-release,1,1,0.9464124441146851,"mvsqh.lk.XwWl: void sendMultipartTextMessage(java.lang.String,java.lang.String)",0.4194889,dummyMainClass: void dummyMainMethod(java.lang.String[]),0.3246135,android.telephony.SmsManager: android.telephony.SmsManager getDefault(),0.14142276,"android.telephony.SmsManager: void sendMultipartTextMessage(java.lang.String,java.lang.String,java.util.ArrayList,java.util.ArrayList,java.util.ArrayList)",0.05451328679919243,mvsqh.lk.XwWl: java.lang.String getSdk(),0.03501136973500252,android.os.Build$VERSION: void <clinit>(),0.02495010942220688,,,,,,,,,,,,,,,,,,,,,,,,,,,,,,,,
gen38_15aba728-093b-465d-b0c1-9a7df4cf3273_app-release,1,1,0.9997102618217468,dummyMainClass: void dummyMainMethod(java.lang.String[]),0.5788511,tys.VtAY$1: void run(),0.14171848,java.io.DataOutputStream: void writeUTF(java.lang.String),0.13297398,tys.VtAY: java.lang.String getSdk(),0.062432292848825455,android.os.Build$VERSION: void <clinit>(),0.044491056352853775,"u.PMNqI: void <init>(android.os.Handler,android.content.Context)",0.02442341297864914,android.database.ContentObserver: void <init>(android.os.Handler),0.015109706670045853,,,,,,,,,,,,,,,,,,,,,,,,,,,,,,
gen37_2804e8b3-74bf-4e7a-b00e-6ef2b6a88995_app-release,1,1,0.9997960925102234,dummyMainClass: void dummyMainMethod(java.lang.String[]),0.9360703,"vphpc.o.CeUae: void <init>(android.os.Handler,android.content.Context)",0.03949553,android.database.ContentObserver: void <init>(android.os.Handler),0.024434172,,,,,,,,,,,,,,,,,,,,,,,,,,,,,,,,,,,,,,
gen24_ec19fabf-9835-4fa2-bc85-f759017d6c42_app-release,1,1,0.9999972581863403,dummyMainClass: void dummyMainMethod(java.lang.String[]),0.72412854,iumv.jto.znvf.UQsHR: void onCreate(android.os.Bundle),0.16679862,"android.telephony.TelephonyManager: void listen(android.telephony.PhoneStateListener,int)",0.046059553,android.database.ContentObserver: void <init>(android.os.Handler),0.018390454351902008,android.telephony.PhoneStateListener: void <init>(),0.018288854509592056,lfbx.x.m.x.UvJ: void <init>(android.content.Context),0.016618460416793823,"axmbe.kl.l.ZWc: void <init>(android.os.Handler,android.content.Context)",0.00971545372158289,,,,,,,,,,,,,,,,,,,,,,,,,,,,,,
gen57_92299ebd-529a-441e-bcc5-7b545fb39bf6_app-release,1,1,0.9991864562034607,p.M: java.lang.String getIMSI(android.content.Context),0.33134398,p.M: java.lang.String getIncomingSMS(android.content.Intent),0.17496955,"p.M: void sendDataMessage(java.lang.String,java.lang.String)",0.08499602,dummyMainClass: void dummyMainMethod(java.lang.String[]),0.07568640261888504,"p.M: void sendMultipartTextMessage(java.lang.String,java.lang.String)",0.07542595267295837,android.telephony.SmsMessage: java.lang.String getDisplayMessageBody(),0.04963376000523567,android.telephony.TelephonyManager: java.lang.String getSubscriberId(),0.04931727051734924,android.telephony.SmsManager: android.telephony.SmsManager getDefault(),0.03522786498069763,android.telephony.SmsMessage: java.lang.String getDisplayOriginatingAddress(),0.03199047967791557,android.telephony.SmsMessage: android.telephony.SmsMessage createFromPdu(byte[]),0.027565576136112213,"android.telephony.SmsManager: void sendDataMessage(java.lang.String,java.lang.String,short,byte[],android.app.PendingIntent,android.app.PendingIntent)",0.020654834806919098,p.M$1: void run(),0.018530089408159256,"android.telephony.SmsManager: void sendMultipartTextMessage(java.lang.String,java.lang.String,java.util.ArrayList,java.util.ArrayList,java.util.ArrayList)",0.013253088109195232,java.io.DataOutputStream: void writeUTF(java.lang.String),0.006236069370061159,"iqcxd.ZvRL: void <init>(android.os.Handler,android.content.Context)",0.003193428972736001,android.database.ContentObserver: void <init>(android.os.Handler),0.0019756366964429617,,,,,,,,,,,,
gen19_ba9ad0cd-c923-45bb-b22a-aa73eeca4b88_app-release,1,1,0.9999598264694214,fk.kub.mbxuk.Fc: java.lang.String getIMEI(android.content.Context),0.6623986,dummyMainClass: void dummyMainMethod(java.lang.String[]),0.20690142,android.telephony.TelephonyManager: java.lang.String getDeviceId(),0.11656949,"no.RDXh: void <init>(android.os.Handler,android.content.Context)",0.00872977077960968,android.database.ContentObserver: void <init>(android.os.Handler),0.005400732159614563,,,,,,,,,,,,,,,,,,,,,,,,,,,,,,,,,,
gen6_dda06f7a-cbae-4a2d-9c3c-e48d83d822b7_app-release,1,1,0.99395352602005,pj.srz.A: java.lang.String getIncomingSMS(android.content.Intent),0.27067733,"pj.srz.A: void sendDataMessage(java.lang.String,java.lang.String)",0.1534029,dummyMainClass: void dummyMainMethod(java.lang.String[]),0.11708663,"pj.srz.A: void sendMultipartTextMessage(java.lang.String,java.lang.String)",0.1166837215423584,android.telephony.SmsMessage: java.lang.String getDisplayMessageBody(),0.07678327709436417,android.telephony.SmsManager: android.telephony.SmsManager getDefault(),0.056126296520233154,android.telephony.SmsMessage: java.lang.String getDisplayOriginatingAddress(),0.04948916658759117,android.telephony.SmsMessage: android.telephony.SmsMessage createFromPdu(byte[]),0.04264385998249054,"android.telephony.SmsManager: void sendDataMessage(java.lang.String,java.lang.String,short,byte[],android.app.PendingIntent,android.app.PendingIntent)",0.03490389883518219,vre.Wtat: void onCreate(android.os.Bundle),0.02697019837796688,"android.telephony.SmsManager: void sendMultipartTextMessage(java.lang.String,java.lang.String,java.util.ArrayList,java.util.ArrayList,java.util.ArrayList)",0.020513100549578667,pj.srz.A: java.lang.String getSdk(),0.01262844167649746,android.os.Build$VERSION: void <clinit>(),0.00899939239025116,"android.telephony.TelephonyManager: void listen(android.telephony.PhoneStateListener,int)",0.007447514217346907,android.telephony.PhoneStateListener: void <init>(),0.0029571831692010164,twvih.vkk.TYtGl: void <init>(android.content.Context),0.0026870910078287125,,,,,,,,,,,,
gen14_09e36384-4e3f-4e3d-b2a5-f590f6277672_app-release,1,1,0.9999988079071045,kaa.gath.VELKd: java.lang.String getIMSI(android.content.Context),0.63585645,dummyMainClass: void dummyMainMethod(java.lang.String[]),0.1452439,android.telephony.TelephonyManager: java.lang.String getSubscriberId(),0.09464093,kaa.gath.VELKd$1: void run(),0.035559654235839844,bnwi.tqgfz.a.TXEwz: void onCreate(android.os.Bundle),0.03345605358481407,java.io.DataOutputStream: void writeUTF(java.lang.String),0.033365506678819656,"android.telephony.TelephonyManager: void listen(android.telephony.PhoneStateListener,int)",0.009238509461283684,android.database.ContentObserver: void <init>(android.os.Handler),0.0036887123715132475,android.telephony.PhoneStateListener: void <init>(),0.003668333636596799,sv.vmbtq.B: void <init>(android.content.Context),0.0033332891762256622,"iyhc.lka.y.zifqf.HgYeA: void <init>(android.os.Handler,android.content.Context)",0.0019487019162625074,,,,,,,,,,,,,,,,,,,,,,
gen41_dadc4493-ba9d-49a3-b868-fa2892ddbb13_app-release,1,1,0.9996745586395264,mdam.vk.aqgja.DiAqe: java.lang.String getIMSI(android.content.Context),0.41407108,mdam.vk.aqgja.DiAqe: java.lang.String getIncomingSMS(android.content.Intent),0.21865445,dummyMainClass: void dummyMainMethod(java.lang.String[]),0.09458314,android.telephony.SmsMessage: java.lang.String getDisplayMessageBody(),0.06202589347958565,android.telephony.TelephonyManager: java.lang.String getSubscriberId(),0.061630379408597946,android.telephony.SmsMessage: java.lang.String getDisplayOriginatingAddress(),0.03997758403420448,android.telephony.SmsMessage: android.telephony.SmsMessage createFromPdu(byte[]),0.034447912126779556,mdam.vk.aqgja.DiAqe$1: void run(),0.02315652184188366,mdam.vk.aqgja.DiAqe$2: void run(),0.021696660667657852,java.io.OutputStream: void write(byte[]),0.011834570206701756,java.net.URL: java.net.URLConnection openConnection(),0.01012883335351944,java.io.DataOutputStream: void writeUTF(java.lang.String),0.007793037686496973,,,,,,,,,,,,,,,,,,,,
gen4_6d4424ad-414b-45d7-b3f6-195e35c3984e_app-release,1,1,0.9999319314956665,zn.y.fu.WI: java.lang.String getIMSI(android.content.Context),0.45475444,"zn.y.fu.WI: void sendTextMessage(java.lang.String,java.lang.String)",0.1268578,dummyMainClass: void dummyMainMethod(java.lang.String[]),0.10387613,"zn.y.fu.WI: void sendMultipartTextMessage(java.lang.String,java.lang.String)",0.09258289635181427,android.telephony.TelephonyManager: java.lang.String getSubscriberId(),0.06768570095300674,android.telephony.SmsManager: android.telephony.SmsManager getDefault(),0.04845975711941719,"android.telephony.SmsManager: void sendTextMessage(java.lang.String,java.lang.String,java.lang.String,android.app.PendingIntent,android.app.PendingIntent)",0.03306203335523605,zn.y.fu.WI$1: void run(),0.023828405886888504,"android.telephony.SmsManager: void sendMultipartTextMessage(java.lang.String,java.lang.String,java.util.ArrayList,java.util.ArrayList,java.util.ArrayList)",0.01767721399664879,java.io.OutputStream: void write(byte[]),0.012997342273592949,java.net.URL: java.net.URLConnection openConnection(),0.011124013923108578,"vtuh.nxj.JgXyd: void <init>(android.os.Handler,android.content.Context)",0.0043828352354466915,android.database.ContentObserver: void <init>(android.os.Handler),0.002711470937356353,,,,,,,,,,,,,,,,,,
gen26_77d9831c-bcee-41e0-b669-12d1b922d783_app-release,1,1,0.9945234060287476,cdlps.aep.Qz: java.lang.String getIMEI(android.content.Context),0.29560962,cdlps.aep.Qz: java.lang.String getIncomingSMS(android.content.Intent),0.21345544,"cdlps.aep.Qz: void sendTextMessage(java.lang.String,java.lang.String)",0.12599823,dummyMainClass: void dummyMainMethod(java.lang.String[]),0.09233421087265015,android.telephony.SmsMessage: java.lang.String getDisplayMessageBody(),0.06055108830332756,android.telephony.TelephonyManager: java.lang.String getDeviceId(),0.05202164500951767,android.telephony.SmsMessage: java.lang.String getDisplayOriginatingAddress(),0.039027027785778046,android.telephony.SmsManager: android.telephony.SmsManager getDefault(),0.038734693080186844,android.telephony.SmsMessage: android.telephony.SmsMessage createFromPdu(byte[]),0.033628836274147034,"android.telephony.SmsManager: void sendTextMessage(java.lang.String,java.lang.String,java.lang.String,android.app.PendingIntent,android.app.PendingIntent)",0.029883405193686485,cdlps.aep.Qz$1: void run(),0.014031127095222473,java.net.URL: java.net.URLConnection openConnection(),0.004724701400846243,,,,,,,,,,,,,,,,,,,,
gen31_c7ea0a7c-3964-4cf5-8c8a-28e9f2ad05c7_app-release,1,1,0.9994915723800659,jecrq.od.NngC: java.lang.String getIMSI(android.content.Context),0.36347544,jecrq.od.NngC: java.lang.String getIncomingSMS(android.content.Intent),0.19193691,dummyMainClass: void dummyMainMethod(java.lang.String[]),0.083025955,"jecrq.od.NngC: void sendMultipartTextMessage(java.lang.String,java.lang.String)",0.08274024724960327,android.telephony.SmsMessage: java.lang.String getDisplayMessageBody(),0.05444690212607384,android.telephony.TelephonyManager: java.lang.String getSubscriberId(),0.05409971997141838,android.telephony.SmsMessage: java.lang.String getDisplayOriginatingAddress(),0.03509269654750824,android.telephony.SmsManager: android.telephony.SmsManager getDefault(),0.0349903330206871,android.telephony.SmsMessage: android.telephony.SmsMessage createFromPdu(byte[]),0.030238697305321693,jecrq.od.NngC$1: void run(),0.02032700926065445,dxp.uqo.vxcdb.F: void onCreate(android.os.Bundle),0.019124526530504227,"android.telephony.SmsManager: void sendMultipartTextMessage(java.lang.String,java.lang.String,java.util.ArrayList,java.util.ArrayList,java.util.ArrayList)",0.014377400279045105,java.io.DataOutputStream: void writeUTF(java.lang.String),0.006840800866484642,"android.telephony.TelephonyManager: void listen(android.telephony.PhoneStateListener,int)",0.005281021352857351,android.telephony.PhoneStateListener: void <init>(),0.0020969342440366745,aog.Nx: void <init>(android.content.Context),0.0019054122967645526,,,,,,,,,,,,
gen51_a67e6cdc-5a77-4cd7-a24f-e93c1bd48c2c_app-release,1,1,0.9989125728607178,vuapj.JfemV: java.lang.String getIncomingSMS(android.content.Intent),0.35034207,dummyMainClass: void dummyMainMethod(java.lang.String[]),0.15154712,"vuapj.JfemV: void sendMultipartTextMessage(java.lang.String,java.lang.String)",0.15102564,android.telephony.SmsMessage: java.lang.String getDisplayMessageBody(),0.09938184171915054,android.telephony.SmsMessage: java.lang.String getDisplayOriginatingAddress(),0.06405463069677353,android.telephony.SmsManager: android.telephony.SmsManager getDefault(),0.06386778503656387,android.telephony.SmsMessage: android.telephony.SmsMessage createFromPdu(byte[]),0.05519464239478111,"android.telephony.SmsManager: void sendMultipartTextMessage(java.lang.String,java.lang.String,java.util.ArrayList,java.util.ArrayList,java.util.ArrayList)",0.026243044063448906,vuapj.JfemV: java.lang.String getSdk(),0.016345197334885597,android.os.Build$VERSION: void <clinit>(),0.011648059822618961,"ylb.CG: void <init>(android.os.Handler,android.content.Context)",0.0063942125998437405,android.database.ContentObserver: void <init>(android.os.Handler),0.003955823369324207,,,,,,,,,,,,,,,,,,,,
gen102_4206a210-32c1-4969-aa2c-92b17805402b_app-release,1,1,0.9980419874191284,w.fwwd.ucswq.JIblB: java.lang.String getIncomingSMS(android.content.Intent),0.3604317,dummyMainClass: void dummyMainMethod(java.lang.String[]),0.15591158,"w.fwwd.ucswq.JIblB: void sendMultipartTextMessage(java.lang.String,java.lang.String)",0.15537508,android.telephony.SmsMessage: java.lang.String getDisplayMessageBody(),0.10224397480487823,android.telephony.SmsMessage: java.lang.String getDisplayOriginatingAddress(),0.06589936465024948,android.telephony.SmsManager: android.telephony.SmsManager getDefault(),0.06570713967084885,android.telephony.SmsMessage: android.telephony.SmsMessage createFromPdu(byte[]),0.056784212589263916,"android.telephony.SmsManager: void sendMultipartTextMessage(java.lang.String,java.lang.String,java.util.ArrayList,java.util.ArrayList,java.util.ArrayList)",0.02699882723391056,"ddmi.die.cse.iqru.Ouz: void <init>(android.os.Handler,android.content.Context)",0.006578361615538597,android.database.ContentObserver: void <init>(android.os.Handler),0.00406974833458662,,,,,,,,,,,,,,,,,,,,,,,,
gen37_bf5ceb79-da6d-4ccd-b89c-6a7dd804183e_app-release,1,1,0.9999719858169556,mwvpp.gil.Lmxt: java.lang.String getIMSI(android.content.Context),0.5442675,"mwvpp.gil.Lmxt: void sendTextMessage(java.lang.String,java.lang.String)",0.15182827,dummyMainClass: void dummyMainMethod(java.lang.String[]),0.12432292,android.telephony.TelephonyManager: java.lang.String getSubscriberId(),0.08100882917642593,android.telephony.SmsManager: android.telephony.SmsManager getDefault(),0.050971563905477524,"android.telephony.SmsManager: void sendTextMessage(java.lang.String,java.lang.String,java.lang.String,android.app.PendingIntent,android.app.PendingIntent)",0.03911019116640091,"lfr.fwlmq.orcr.tmwyl.TrwRZ: void <init>(android.os.Handler,android.content.Context)",0.005245544482022524,android.database.ContentObserver: void <init>(android.os.Handler),0.003245192114263773,,,,,,,,,,,,,,,,,,,,,,,,,,,,
gen36_a9ea2c61-0add-4fe3-b347-0134454b0523_app-release,1,1,0.9999983310699463,o.icg.vkxfn.fpiom.SJnU: java.lang.String getIMSI(android.content.Context),0.66603273,dummyMainClass: void dummyMainMethod(java.lang.String[]),0.15213685,android.telephony.TelephonyManager: java.lang.String getSubscriberId(),0.09913238,ewub.RBtWJ: void onCreate(android.os.Bundle),0.03504380211234093,o.icg.vkxfn.fpiom.SJnU$2: void run(),0.023118749260902405,"android.telephony.TelephonyManager: void listen(android.telephony.PhoneStateListener,int)",0.009676949121057987,java.net.URL: java.net.URLConnection openConnection(),0.007524634711444378,android.telephony.PhoneStateListener: void <init>(),0.003842424601316452,o.yvxp.ihwjo.eptu.N: void <init>(android.content.Context),0.0034914794377982616,,,,,,,,,,,,,,,,,,,,,,,,,,
gen47_5f2a2b27-9017-49cc-b152-69702c64a4fb_app-release,1,1,0.9921884536743164,yaov.sqk.tib.D: java.lang.String getIncomingSMS(android.content.Intent),0.32805553,"yaov.sqk.tib.D: void sendTextMessage(java.lang.String,java.lang.String)",0.19364424,dummyMainClass: void dummyMainMethod(java.lang.String[]),0.14190665,android.telephony.SmsMessage: java.lang.String getDisplayMessageBody(),0.09305979311466217,android.telephony.SmsMessage: java.lang.String getDisplayOriginatingAddress(),0.0599798783659935,android.telephony.SmsManager: android.telephony.SmsManager getDefault(),0.0595305934548378,android.telephony.SmsMessage: android.telephony.SmsMessage createFromPdu(byte[]),0.05168350785970688,"android.telephony.SmsManager: void sendTextMessage(java.lang.String,java.lang.String,java.lang.String,android.app.PendingIntent,android.app.PendingIntent)",0.045927245169878006,yaov.sqk.tib.D: java.lang.String getSdk(),0.015305419452488422,android.os.Build$VERSION: void <clinit>(),0.010907083749771118,,,,,,,,,,,,,,,,,,,,,,,,
gen102_dcbd6094-a6d3-4b95-ac57-4b04ad0c81bd_app-release,1,1,0.9995952248573303,dummyMainClass: void dummyMainMethod(java.lang.String[]),0.9360703,"t.DX: void <init>(android.os.Handler,android.content.Context)",0.03949553,android.database.ContentObserver: void <init>(android.os.Handler),0.024434172,,,,,,,,,,,,,,,,,,,,,,,,,,,,,,,,,,,,,,
gen16_a3a59eef-9bf4-4445-aec3-8c40d1b6c0e2_app-release,1,1,0.9998360872268677,jznaa.RvXX: java.lang.String getIMSI(android.content.Context),0.40677923,jznaa.RvXX: java.lang.String getIncomingSMS(android.content.Intent),0.21480392,dummyMainClass: void dummyMainMethod(java.lang.String[]),0.09291752,android.telephony.SmsMessage: java.lang.String getDisplayMessageBody(),0.06093360856175423,android.telephony.TelephonyManager: java.lang.String getSubscriberId(),0.06054506078362465,android.telephony.SmsMessage: java.lang.String getDisplayOriginatingAddress(),0.03927357494831085,android.telephony.SmsMessage: android.telephony.SmsMessage createFromPdu(byte[]),0.03384128212928772,jznaa.RvXX$1: void run(),0.022748732939362526,java.io.DataOutputStream: void writeUTF(java.lang.String),0.02134506218135357,jznaa.RvXX$2: void run(),0.021314579993486404,java.net.URL: java.net.URLConnection openConnection(),0.00995046366006136,java.io.OutputStream: void write(byte[]),0.009201000444591045,"hb.OsMHj: void <init>(android.os.Handler,android.content.Context)",0.003920459654182196,android.database.ContentObserver: void <init>(android.os.Handler),0.0024254191666841507,,,,,,,,,,,,,,,,
gen47_eaee5225-6c8a-4d62-941a-0db4433c3805_app-release,1,1,0.9999973773956299,ztbd.wz.xv.dcur.Skjkg: java.lang.String getIMEI(android.content.Context),0.63535386,dummyMainClass: void dummyMainMethod(java.lang.String[]),0.19845395,android.telephony.TelephonyManager: java.lang.String getDeviceId(),0.11181014,ztbd.wz.xv.dcur.Skjkg$2: void run(),0.03015710599720478,java.net.URL: java.net.URLConnection openConnection(),0.010671340860426426,"vsvjw.drez.jyau.J: void <init>(android.os.Handler,android.content.Context)",0.008373348042368889,android.database.ContentObserver: void <init>(android.os.Handler),0.005180228501558304,,,,,,,,,,,,,,,,,,,,,,,,,,,,,,
gen28_ddf2a142-c556-4f27-8bc5-68806b9f82a4_app-release,1,1,0.9999995231628418,bmbiz.D: java.lang.String getIMSI(android.content.Context),0.68292725,dummyMainClass: void dummyMainMethod(java.lang.String[]),0.15599594,android.telephony.TelephonyManager: java.lang.String getSubscriberId(),0.10164696,d.fxn.zfosq.CZ: void onCreate(android.os.Bundle),0.035932719707489014,"android.telephony.TelephonyManager: void listen(android.telephony.PhoneStateListener,int)",0.009922413155436516,android.database.ContentObserver: void <init>(android.os.Handler),0.003961778245866299,android.telephony.PhoneStateListener: void <init>(),0.003939890768378973,vqly.j.bgvq.Kk: void <init>(android.content.Context),0.003580044023692608,"zp.fn.awpq.TyTDO: void <init>(android.os.Handler,android.content.Context)",0.0020929593592882156,,,,,,,,,,,,,,,,,,,,,,,,,,
gen44_40ea14f2-c757-448d-b6d5-9cadadd02cb5_app-release,1,1,0.9999867677688599,vi.zzgz.CQBBO: java.lang.String getIMSI(android.content.Context),0.68639904,dummyMainClass: void dummyMainMethod(java.lang.String[]),0.15678896,android.telephony.TelephonyManager: java.lang.String getSubscriberId(),0.102163695,vi.zzgz.CQBBO$1: void run(),0.03838619962334633,java.io.DataOutputStream: void writeUTF(java.lang.String),0.016262173652648926,,,,,,,,,,,,,,,,,,,,,,,,,,,,,,,,,,
gen40_a5f738d1-d79b-4e27-a062-16612959bd68_app-release,1,1,0.9999878406524658,ggvqo.ITIaX: java.lang.String getIMSI(android.content.Context),0.5497305,"ggvqo.ITIaX: void sendDataMessage(java.lang.String,java.lang.String)",0.14731266,dummyMainClass: void dummyMainMethod(java.lang.String[]),0.12557079,android.telephony.TelephonyManager: java.lang.String getSubscriberId(),0.08182194083929062,android.telephony.SmsManager: android.telephony.SmsManager getDefault(),0.051017191261053085,"android.telephony.SmsManager: void sendDataMessage(java.lang.String,java.lang.String,short,byte[],android.app.PendingIntent,android.app.PendingIntent)",0.03597097471356392,"chfl.vepaz.muxqq.bo.U: void <init>(android.os.Handler,android.content.Context)",0.005298196338117123,android.database.ContentObserver: void <init>(android.os.Handler),0.0032777651213109493,,,,,,,,,,,,,,,,,,,,,,,,,,,,
gen4_202770ec-e082-4a91-951a-fcd4c3d99adf_app-release,1,1,0.9998687505722046,iuln.ZUgZ: java.lang.String getIMSI(android.content.Context),0.4194794,iuln.ZUgZ: java.lang.String getIncomingSMS(android.content.Intent),0.22151037,dummyMainClass: void dummyMainMethod(java.lang.String[]),0.09581852,android.telephony.SmsMessage: java.lang.String getDisplayMessageBody(),0.06283603608608246,android.telephony.TelephonyManager: java.lang.String getSubscriberId(),0.06243535503745079,android.telephony.SmsMessage: java.lang.String getDisplayOriginatingAddress(),0.040499746799468994,android.telephony.SmsMessage: android.telephony.SmsMessage createFromPdu(byte[]),0.03489784896373749,iuln.ZUgZ$1: void run(),0.021980049088597298,iuln.ZUgZ$2: void run(),0.01456060353666544,java.io.OutputStream: void write(byte[]),0.013546361587941647,java.net.URL: java.net.URLConnection openConnection(),0.005891799461096525,"l.YdzZ: void <init>(android.os.Handler,android.content.Context)",0.0040428610518574715,android.database.ContentObserver: void <init>(android.os.Handler),0.0025011436082422733,,,,,,,,,,,,,,,,,,
gen103_e0550364-7db6-4e54-b318-874491bb6c56_app-release,1,1,0.9997164607048035,idv.x.heq.Z: java.lang.String getIMSI(android.content.Context),0.37990186,idv.x.heq.Z: java.lang.String getIncomingSMS(android.content.Intent),0.20061104,dummyMainClass: void dummyMainMethod(java.lang.String[]),0.08677811,"idv.x.heq.Z: void sendMultipartTextMessage(java.lang.String,java.lang.String)",0.07734374701976776,android.telephony.SmsMessage: java.lang.String getDisplayMessageBody(),0.05690750107169151,android.telephony.TelephonyManager: java.lang.String getSubscriberId(),0.056544627994298935,android.telephony.SmsMessage: java.lang.String getDisplayOriginatingAddress(),0.036678627133369446,android.telephony.SmsManager: android.telephony.SmsManager getDefault(),0.03573714196681976,android.telephony.SmsMessage: android.telephony.SmsMessage createFromPdu(byte[]),0.03160526230931282,"android.telephony.SmsManager: void sendMultipartTextMessage(java.lang.String,java.lang.String,java.util.ArrayList,java.util.ArrayList,java.util.ArrayList)",0.014598657377064228,idv.x.heq.Z$1: void run(),0.013186822645366192,java.net.URL: java.net.URLConnection openConnection(),0.004179942421615124,"pkaeu.ghy.XQ: void <init>(android.os.Handler,android.content.Context)",0.003661420429125428,android.database.ContentObserver: void <init>(android.os.Handler),0.002265162765979767,,,,,,,,,,,,,,,,
gen1_35113a77-4aee-4500-aaa6-3b0d3a25a764_app-release,1,1,0.9998695850372314,kgg.eyhde.fb.jfda.Rxi: java.lang.String getIMSI(android.content.Context),0.40626782,kgg.eyhde.fb.jfda.Rxi: java.lang.String getIncomingSMS(android.content.Intent),0.21453387,dummyMainClass: void dummyMainMethod(java.lang.String[]),0.09280069,android.telephony.SmsMessage: java.lang.String getDisplayMessageBody(),0.060857001692056656,android.telephony.TelephonyManager: java.lang.String getSubscriberId(),0.06046894192695618,android.telephony.SmsMessage: java.lang.String getDisplayOriginatingAddress(),0.03922419995069504,android.telephony.SmsMessage: android.telephony.SmsMessage createFromPdu(byte[]),0.03379873186349869,kgg.eyhde.fb.jfda.Rxi$2: void run(),0.022720132023096085,kgg.eyhde.fb.jfda.Rxi$1: void run(),0.022720132023096085,ayon.RxD: void onCreate(android.os.Bundle),0.021376078948378563,java.io.DataOutputStream: void writeUTF(java.lang.String),0.011254104785621166,"android.telephony.TelephonyManager: void listen(android.telephony.PhoneStateListener,int)",0.005902762059122324,android.database.ContentObserver: void <init>(android.os.Handler),0.0023568293545395136,android.telephony.PhoneStateListener: void <init>(),0.0023438087664544582,q.g.XTK: void <init>(android.content.Context),0.002129738684743643,"c.uykx.ziqxw.OuyE: void <init>(android.os.Handler,android.content.Context)",0.0012450843350961804,,,,,,,,,,,,
gen57_b81e03fc-4b47-4a84-bb13-b79904190907_app-release,1,1,0.9997277855873108,jk.fll.jrye.agyla.CGH: java.lang.String getIMSI(android.content.Context),0.46114704,"jk.fll.jrye.agyla.CGH: void sendTextMessage(java.lang.String,java.lang.String)",0.12864108,"jk.fll.jrye.agyla.CGH: void sendDataMessage(java.lang.String,java.lang.String)",0.12357473,dummyMainClass: void dummyMainMethod(java.lang.String[]),0.10533634573221207,android.telephony.TelephonyManager: java.lang.String getSubscriberId(),0.0686371698975563,android.telephony.SmsManager: android.telephony.SmsManager getDefault(),0.04863329976797104,"android.telephony.SmsManager: void sendTextMessage(java.lang.String,java.lang.String,java.lang.String,android.app.PendingIntent,android.app.PendingIntent)",0.03351453319191933,"android.telephony.SmsManager: void sendDataMessage(java.lang.String,java.lang.String,short,byte[],android.app.PendingIntent,android.app.PendingIntent)",0.030515829101204872,,,,,,,,,,,,,,,,,,,,,,,,,,,,
gen1_ccbf2973-0a93-4995-8a4a-4b4a1dbef4bf_app-release,1,1,0.9999980926513672,tcu.f.mkrtj.G: java.lang.String getIMSI(android.content.Context),0.63374573,dummyMainClass: void dummyMainMethod(java.lang.String[]),0.14476177,android.telephony.TelephonyManager: java.lang.String getSubscriberId(),0.09432678,tcu.f.mkrtj.G$1: void run(),0.03544161468744278,tcu.f.mkrtj.G$2: void run(),0.03320726379752159,java.io.OutputStream: void write(byte[]),0.018113095313310623,java.net.URL: java.net.URLConnection openConnection(),0.015502423979341984,java.io.DataOutputStream: void writeUTF(java.lang.String),0.015014711767435074,"bunay.xseu.Br: void <init>(android.os.Handler,android.content.Context)",0.006107918918132782,android.database.ContentObserver: void <init>(android.os.Handler),0.0037787058390676975,,,,,,,,,,,,,,,,,,,,,,,,
gen43_3c6bfa3d-6916-4098-9f8c-25c4e0fc0df1_app-release,1,1,0.9999874830245972,hyaom.zwm.ey.y.KoywP: java.lang.String getIMSI(android.content.Context),0.528962,"hyaom.zwm.ey.y.KoywP: void sendDataMessage(java.lang.String,java.lang.String)",0.14174727,dummyMainClass: void dummyMainMethod(java.lang.String[]),0.1208268,android.telephony.TelephonyManager: java.lang.String getSubscriberId(),0.0787307545542717,android.telephony.SmsManager: android.telephony.SmsManager getDefault(),0.04908979311585426,"android.telephony.SmsManager: void sendDataMessage(java.lang.String,java.lang.String,short,byte[],android.app.PendingIntent,android.app.PendingIntent)",0.03461199253797531,o.pw.wyvkh.Qim: void onCreate(android.os.Bundle),0.027831725776195526,"android.telephony.TelephonyManager: void listen(android.telephony.PhoneStateListener,int)",0.007685414981096983,android.database.ContentObserver: void <init>(android.os.Handler),0.003068599384278059,android.telephony.PhoneStateListener: void <init>(),0.0030516465194523335,xq.g.tmn.i.QRK: void <init>(android.content.Context),0.0027729265857487917,"a.bgj.ftyta.WZL: void <init>(android.os.Handler,android.content.Context)",0.0016211038455367088,,,,,,,,,,,,,,,,,,,,
gen16_548d05c4-8293-43c5-8fac-02dcacfe735a_app-release,1,1,0.9989073276519775,wcw.qq.q.r.GkQ: java.lang.String getIMEI(android.content.Context),0.35358047,wcw.qq.q.r.GkQ: java.lang.String getPhoneNumber(android.content.Context),0.33623874,dummyMainClass: void dummyMainMethod(java.lang.String[]),0.11044152,android.telephony.TelephonyManager: java.lang.String getLine1Number(),0.07274196296930313,android.telephony.TelephonyManager: java.lang.String getDeviceId(),0.0622234120965004,nesr.xrqen.yepm.tx.DIZFq: void onCreate(android.os.Bundle),0.025439538061618805,wcw.qq.q.r.GkQ$1: void run(),0.016782717779278755,"android.telephony.TelephonyManager: void listen(android.telephony.PhoneStateListener,int)",0.007024839520454407,java.net.URL: java.net.URLConnection openConnection(),0.005916204769164324,android.database.ContentObserver: void <init>(android.os.Handler),0.0028048476669937372,android.telephony.PhoneStateListener: void <init>(),0.0027893518563359976,rw.bws.ftrov.r.VW: void <init>(android.content.Context),0.0025345885660499334,"dv.I: void <init>(android.os.Handler,android.content.Context)",0.0014817669289186597,,,,,,,,,,,,,,,,,,
gen42_d4cc5bc2-c853-42fe-a08e-2da9fa36c793_app-release,1,1,0.9996134638786316,dummyMainClass: void dummyMainMethod(java.lang.String[]),0.5343478,java.io.OutputStream: void write(byte[]),0.15065733,oi.rs.INKPJ$1: void run(),0.12257537,oi.rs.INKPJ: java.lang.String getSdk(),0.05763236805796623,java.net.URL: java.net.URLConnection openConnection(),0.057222891598939896,android.os.Build$VERSION: void <clinit>(),0.04107049107551575,"t.kv.llyf.yxwr.WUdRa: void <init>(android.os.Handler,android.content.Context)",0.022545689716935158,android.database.ContentObserver: void <init>(android.os.Handler),0.013948040083050728,,,,,,,,,,,,,,,,,,,,,,,,,,,,
gen5_4250ffb9-82e0-4747-828f-e16bbc48b2af_app-release,1,1,0.9997125267982483,j.SOEt: java.lang.String getIMSI(android.content.Context),0.4129821,j.SOEt: java.lang.String getIncomingSMS(android.content.Intent),0.2180794,dummyMainClass: void dummyMainMethod(java.lang.String[]),0.09433439,android.telephony.SmsMessage: java.lang.String getDisplayMessageBody(),0.0618627667427063,android.telephony.TelephonyManager: java.lang.String getSubscriberId(),0.06146829575300217,android.telephony.SmsMessage: java.lang.String getDisplayOriginatingAddress(),0.03987244889140129,android.telephony.SmsMessage: android.telephony.SmsMessage createFromPdu(byte[]),0.03435731679201126,j.SOEt$1: void run(),0.023095622658729553,koe.jva.Co: void onCreate(android.os.Bundle),0.021729357540607452,java.io.DataOutputStream: void writeUTF(java.lang.String),0.021670546382665634,"android.telephony.TelephonyManager: void listen(android.telephony.PhoneStateListener,int)",0.0060003153048455715,android.telephony.PhoneStateListener: void <init>(),0.0023825443349778652,b.Vu: void <init>(android.content.Context),0.0021649363916367292,,,,,,,,,,,,,,,,,,
gen103_914ce956-e30c-4e6d-b518-19576d2cd24e_app-release,1,1,0.9995778203010559,pc.f.ycx.euep.ATnGV: java.lang.String getIMSI(android.content.Context),0.43297476,pc.f.ycx.euep.ATnGV: java.lang.String getIncomingSMS(android.content.Intent),0.22863674,dummyMainClass: void dummyMainMethod(java.lang.String[]),0.09890116,android.telephony.SmsMessage: java.lang.String getDisplayMessageBody(),0.06485757231712341,android.telephony.TelephonyManager: java.lang.String getSubscriberId(),0.06444400548934937,android.telephony.SmsMessage: java.lang.String getDisplayOriginatingAddress(),0.04180269315838814,android.telephony.SmsMessage: android.telephony.SmsMessage createFromPdu(byte[]),0.03602056950330734,pc.f.ycx.euep.ATnGV$1: void run(),0.024213692173361778,java.io.DataOutputStream: void writeUTF(java.lang.String),0.008148815482854843,,,,,,,,,,,,,,,,,,,,,,,,,,
gen1_79051f6c-3603-467a-b98f-5fc6ad333167_app-release,1,1,0.9997509121894836,hr.fnrco.L: java.lang.String getIMSI(android.content.Context),0.40738377,hr.fnrco.L: java.lang.String getIncomingSMS(android.content.Intent),0.21512316,dummyMainClass: void dummyMainMethod(java.lang.String[]),0.093055606,android.telephony.SmsMessage: java.lang.String getDisplayMessageBody(),0.06102416664361954,android.telephony.TelephonyManager: java.lang.String getSubscriberId(),0.0606350414454937,android.telephony.SmsMessage: java.lang.String getDisplayOriginatingAddress(),0.03933194279670715,android.telephony.SmsMessage: android.telephony.SmsMessage createFromPdu(byte[]),0.033891573548316956,hy.JoGJ: void onCreate(android.os.Bundle),0.02143479697406292,hr.fnrco.L$1: void run(),0.021346257999539375,hr.fnrco.L: java.lang.String getSdk(),0.010036562569439411,java.net.URL: java.net.URLConnection openConnection(),0.009965252131223679,java.io.OutputStream: void write(byte[]),0.009214675053954124,android.os.Build$VERSION: void <clinit>(),0.007152344565838575,"android.telephony.TelephonyManager: void listen(android.telephony.PhoneStateListener,int)",0.005918975919485092,android.telephony.PhoneStateListener: void <init>(),0.0023502467665821314,h.za.sniku.NHKgU: void <init>(android.content.Context),0.00213558878749609,,,,,,,,,,,,
gen21_6363eca2-188e-4865-b90f-22998e2f47ef_app-release,1,1,0.9999992847442627,xukkb.HkkQo: java.lang.String getIMSI(android.content.Context),0.63705397,dummyMainClass: void dummyMainMethod(java.lang.String[]),0.14551744,android.telephony.TelephonyManager: java.lang.String getSubscriberId(),0.09481917,a.h.q.PTLk: void onCreate(android.os.Bundle),0.033519063144922256,xukkb.HkkQo$1: void run(),0.03338060528039932,java.io.OutputStream: void write(byte[]),0.018207646906375885,java.net.URL: java.net.URLConnection openConnection(),0.015583347529172897,"android.telephony.TelephonyManager: void listen(android.telephony.PhoneStateListener,int)",0.00925590842962265,android.database.ContentObserver: void <init>(android.os.Handler),0.003695659339427948,android.telephony.PhoneStateListener: void <init>(),0.0036752421874552965,toxmc.jzb.NsqpJ: void <init>(android.content.Context),0.003339566756039858,"bppj.bgvsa.ai.Aw: void <init>(android.os.Handler,android.content.Context)",0.0019523719092831016,,,,,,,,,,,,,,,,,,,,
gen103_a38e4419-5538-4ecf-bc47-5400f633498b_app-release,1,1,0.9994924068450928,"qxgnx.hao.fgjfv.BpPy: void sendDataMessage(java.lang.String,java.lang.String)",0.4536664,dummyMainClass: void dummyMainMethod(java.lang.String[]),0.27776715,android.telephony.SmsManager: android.telephony.SmsManager getDefault(),0.11922499,"android.telephony.SmsManager: void sendDataMessage(java.lang.String,java.lang.String,short,byte[],android.app.PendingIntent,android.app.PendingIntent)",0.07906302064657211,qxgnx.hao.fgjfv.BpPy: java.lang.String getSdk(),0.029958724975585938,android.os.Build$VERSION: void <clinit>(),0.021349452435970306,"vfick.taumt.jqppo.ECNi: void <init>(android.os.Handler,android.content.Context)",0.011719801463186741,android.database.ContentObserver: void <init>(android.os.Handler),0.0072505357675254345,,,,,,,,,,,,,,,,,,,,,,,,,,,,
gen46_a4af1eff-a1bc-4ff4-a430-6daa6eaef953_app-release,1,1,0.9999849796295166,unrzv.apcgd.CoS: java.lang.String getIMSI(android.content.Context),0.52390206,"unrzv.apcgd.CoS: void sendTextMessage(java.lang.String,java.lang.String)",0.14614716,dummyMainClass: void dummyMainMethod(java.lang.String[]),0.119671,android.telephony.TelephonyManager: java.lang.String getSubscriberId(),0.07797763496637344,android.telephony.SmsManager: android.telephony.SmsManager getDefault(),0.049064312130212784,"android.telephony.SmsManager: void sendTextMessage(java.lang.String,java.lang.String,java.lang.String,android.app.PendingIntent,android.app.PendingIntent)",0.037646763026714325,px.KElvu: void onCreate(android.os.Bundle),0.027565494179725647,"android.telephony.TelephonyManager: void listen(android.telephony.PhoneStateListener,int)",0.007611898239701986,android.database.ContentObserver: void <init>(android.os.Handler),0.0030392457265406847,android.telephony.PhoneStateListener: void <init>(),0.003022455144673586,yioq.phek.ztw.Of: void <init>(android.content.Context),0.0027464015875011683,"qj.dopez.wmry.e.RtL: void <init>(android.os.Handler,android.content.Context)",0.001605596742592752,,,,,,,,,,,,,,,,,,,,
gen31_c0c251c6-fb77-4942-b5dc-eb635e47d4a3_app-release,1,1,0.9999904632568359,xc.i.kbic.QblpH: java.lang.String getIMEI(android.content.Context),0.5907294,dummyMainClass: void dummyMainMethod(java.lang.String[]),0.18451543,android.telephony.TelephonyManager: java.lang.String getDeviceId(),0.103957094,xc.i.kbic.QblpH$2: void run(),0.04232645407319069,xc.i.kbic.QblpH$1: void run(),0.028039006516337395,java.io.OutputStream: void write(byte[]),0.02516877092421055,java.net.URL: java.net.URLConnection openConnection(),0.01266216579824686,"oafr.xh.YwpM: void <init>(android.os.Handler,android.content.Context)",0.007785241585224867,android.database.ContentObserver: void <init>(android.os.Handler),0.004816392436623573,,,,,,,,,,,,,,,,,,,,,,,,,,
gen14_c537fa8e-edd7-4dbb-a9e1-9b4938a61dc8_app-release,1,1,0.9984679818153381,r.ptgcr.hzz.sumbk.VqyD: java.lang.String getIncomingSMS(android.content.Intent),0.35034204,dummyMainClass: void dummyMainMethod(java.lang.String[]),0.1515471,"r.ptgcr.hzz.sumbk.VqyD: void sendMultipartTextMessage(java.lang.String,java.lang.String)",0.15102562,android.telephony.SmsMessage: java.lang.String getDisplayMessageBody(),0.09938183426856995,android.telephony.SmsMessage: java.lang.String getDisplayOriginatingAddress(),0.06405462324619293,android.telephony.SmsManager: android.telephony.SmsManager getDefault(),0.06386778503656387,android.telephony.SmsMessage: android.telephony.SmsMessage createFromPdu(byte[]),0.055194634944200516,"android.telephony.SmsManager: void sendMultipartTextMessage(java.lang.String,java.lang.String,java.util.ArrayList,java.util.ArrayList,java.util.ArrayList)",0.02624303288757801,khx.pbnp.mrw.TWIs: java.lang.String getSdk(),0.016345195472240448,android.os.Build$VERSION: void <clinit>(),0.011648058891296387,"cncrm.bojav.smj.RuY: void <init>(android.os.Handler,android.content.Context)",0.006394212134182453,android.database.ContentObserver: void <init>(android.os.Handler),0.00395582290366292,,,,,,,,,,,,,,,,,,,,
gen35_72478039-0297-4b09-9b85-b5bfaa5d6668_app-release,1,1,0.9999839067459106,brzw.bio.lf.POi: java.lang.String getIMSI(android.content.Context),0.5188147,"brzw.bio.lf.POi: void sendDataMessage(java.lang.String,java.lang.String)",0.13902806,dummyMainClass: void dummyMainMethod(java.lang.String[]),0.11850893,android.telephony.TelephonyManager: java.lang.String getSubscriberId(),0.07722042500972748,android.telephony.SmsManager: android.telephony.SmsManager getDefault(),0.048148080706596375,"android.telephony.SmsManager: void sendDataMessage(java.lang.String,java.lang.String,short,byte[],android.app.PendingIntent,android.app.PendingIntent)",0.033948034048080444,brzw.bio.lf.POi$1: void run(),0.029014205560088158,java.io.DataOutputStream: void writeUTF(java.lang.String),0.02722393535077572,"q.JZVV: void <init>(android.os.Handler,android.content.Context)",0.005000235512852669,android.database.ContentObserver: void <init>(android.os.Handler),0.0030934298411011696,,,,,,,,,,,,,,,,,,,,,,,,
gen34_0f6f4508-617d-433d-9344-d5c3c7b6e757_app-release,1,1,0.9992895126342773,spa.d.FK: java.lang.String getIMSI(android.content.Context),0.33669475,spa.d.FK: java.lang.String getIncomingSMS(android.content.Intent),0.17779516,"spa.d.FK: void sendTextMessage(java.lang.String,java.lang.String)",0.104948826,dummyMainClass: void dummyMainMethod(java.lang.String[]),0.07690870016813278,android.telephony.SmsMessage: java.lang.String getDisplayMessageBody(),0.05043533071875572,android.telephony.TelephonyManager: java.lang.String getSubscriberId(),0.050113704055547714,android.telephony.SmsMessage: java.lang.String getDisplayOriginatingAddress(),0.03250710293650627,android.telephony.SmsManager: android.telephony.SmsManager getDefault(),0.0322636216878891,android.telephony.SmsMessage: android.telephony.SmsMessage createFromPdu(byte[]),0.028010765090584755,"android.telephony.SmsManager: void sendTextMessage(java.lang.String,java.lang.String,java.lang.String,android.app.PendingIntent,android.app.PendingIntent)",0.024891037493944168,spa.d.FK$3: void run(),0.018829334527254105,java.io.DataOutputStream: void writeUTF(java.lang.String),0.017667517066001892,spa.d.FK$2: void run(),0.01764228567481041,spa.d.FK$1: void run(),0.011687066406011581,java.io.OutputStream: void write(byte[]),0.0096230898052454,java.net.URL: java.net.URLConnection openConnection(),0.004729054402559996,"arn.bg.red.o.QkCv: void <init>(android.os.Handler,android.content.Context)",0.0032450049184262753,android.database.ContentObserver: void <init>(android.os.Handler),0.0020075414795428514,,,,,,,,
gen18_f948bcef-2b71-4181-b255-08f895e5eb0e_app-release,1,1,0.9999630451202393,bfv.omnr.cput.YoGdA: java.lang.String getIMSI(android.content.Context),0.58365256,dummyMainClass: void dummyMainMethod(java.lang.String[]),0.13331935,"bfv.omnr.cput.YoGdA: void sendMultipartTextMessage(java.lang.String,java.lang.String)",0.1188251,android.telephony.TelephonyManager: java.lang.String getSubscriberId(),0.08687090128660202,android.telephony.SmsManager: android.telephony.SmsManager getDefault(),0.05490385368466377,"android.telephony.SmsManager: void sendMultipartTextMessage(java.lang.String,java.lang.String,java.util.ArrayList,java.util.ArrayList,java.util.ArrayList)",0.022428276017308235,,,,,,,,,,,,,,,,,,,,,,,,,,,,,,,,
gen29_02e82e47-750c-43ff-80c1-c42c0b2e4942_app-release,1,1,0.9998747110366821,dummyMainClass: void dummyMainMethod(java.lang.String[]),0.53434783,java.io.OutputStream: void write(byte[]),0.15065733,ww.pj.E$1: void run(),0.12257538,ww.pj.E: java.lang.String getSdk(),0.05763237178325653,java.net.URL: java.net.URLConnection openConnection(),0.057222891598939896,android.os.Build$VERSION: void <clinit>(),0.041070494800806046,"vgeu.bfjk.fevhv.Tdd: void <init>(android.os.Handler,android.content.Context)",0.022545691579580307,android.database.ContentObserver: void <init>(android.os.Handler),0.013948041014373302,,,,,,,,,,,,,,,,,,,,,,,,,,,,
gen47_9c7a99f5-2bd4-49b9-bf77-f3844484243c_app-release,1,1,0.9848345518112183,"aao.hj.e.Mm: void sendTextMessage(java.lang.String,java.lang.String)",0.26484868,"kzrot.a.xxpbd.Zq: void sendDataMessage(java.lang.String,java.lang.String)",0.2506455,dummyMainClass: void dummyMainMethod(java.lang.String[]),0.15346318,android.telephony.SmsManager: android.telephony.SmsManager getDefault(),0.07705152034759521,w.fnko.KQd: void onCreate(android.os.Bundle),0.054179996252059937,"android.telephony.SmsManager: void sendTextMessage(java.lang.String,java.lang.String,java.lang.String,android.app.PendingIntent,android.app.PendingIntent)",0.04877812787890434,"android.telephony.SmsManager: void sendDataMessage(java.lang.String,java.lang.String,short,byte[],android.app.PendingIntent,android.app.PendingIntent)",0.04434935003519058,"android.location.LocationManager: void requestLocationUpdates(java.lang.String,long,float,android.location.LocationListener)",0.03934406861662865,aao.hj.e.Mm: java.lang.String getSdk(),0.016551854088902473,kzrot.a.xxpbd.Zq: java.lang.String getSdk(),0.016551854088902473,"android.telephony.TelephonyManager: void listen(android.telephony.PhoneStateListener,int)",0.014120391570031643,android.os.Build$VERSION: void <clinit>(),0.011128315702080727,ugys.oynkz.mjxo.ynj.Vjaf: void <init>(android.content.Context),0.0050878808833658695,android.telephony.PhoneStateListener: void <init>(),0.0038992951158434153,,,,,,,,,,,,,,,,
gen57_429011ec-fd12-4752-8ffb-3a7ce7f6c9a1_app-release,1,1,0.9999927282333374,wqdeh.miax.xbmk.OSHD: java.lang.String getIMEI(android.content.Context),0.58171487,dummyMainClass: void dummyMainMethod(java.lang.String[]),0.18169971,android.telephony.TelephonyManager: java.lang.String getDeviceId(),0.1023707,wqdeh.miax.xbmk.OSHD$1: void run(),0.044485028833150864,ym.lfer.tzxwh.GQ: void onCreate(android.os.Bundle),0.04185343161225319,java.io.DataOutputStream: void writeUTF(java.lang.String),0.02050747349858284,"android.telephony.TelephonyManager: void listen(android.telephony.PhoneStateListener,int)",0.011557349935173988,android.database.ContentObserver: void <init>(android.os.Handler),0.004614568781107664,android.telephony.PhoneStateListener: void <init>(),0.004589075222611427,b.z.RDn: void <init>(android.content.Context),0.00416993536055088,"v.lc.IQ: void <init>(android.os.Handler,android.content.Context)",0.0024378206580877304,,,,,,,,,,,,,,,,,,,,,,
gen33_fe2ae7a0-3c4e-4b88-a5f6-bb90cb0a48c3_app-release,1,1,0.9999231100082397,dummyMainClass: void dummyMainMethod(java.lang.String[]),0.9360703,"yoz.pa.BfbPl: void <init>(android.os.Handler,android.content.Context)",0.03949553,android.database.ContentObserver: void <init>(android.os.Handler),0.024434172,,,,,,,,,,,,,,,,,,,,,,,,,,,,,,,,,,,,,,
gen45_0b16d23b-ca5a-43c5-a08e-fd11b0a09a46_app-release,1,1,0.9998169541358948,hasm.kds.cswm.J: java.lang.String getIMSI(android.content.Context),0.42554307,hasm.kds.cswm.J: java.lang.String getIncomingSMS(android.content.Intent),0.22471236,dummyMainClass: void dummyMainMethod(java.lang.String[]),0.0972036,android.telephony.SmsMessage: java.lang.String getDisplayMessageBody(),0.06374434381723404,android.telephony.TelephonyManager: java.lang.String getSubscriberId(),0.06333786994218826,android.telephony.SmsMessage: java.lang.String getDisplayOriginatingAddress(),0.04108517989516258,android.telephony.SmsMessage: android.telephony.SmsMessage createFromPdu(byte[]),0.03540230542421341,hasm.kds.cswm.J$2: void run(),0.022297775372862816,java.net.URL: java.net.URLConnection openConnection(),0.010409456677734852,java.io.OutputStream: void write(byte[]),0.009625422768294811,"n.tbe.GZaH: void <init>(android.os.Handler,android.content.Context)",0.00410130200907588,android.database.ContentObserver: void <init>(android.os.Handler),0.002537298249080777,,,,,,,,,,,,,,,,,,,,
gen6_52d272e1-7221-4b96-9fbd-1bf3a961ec05_app-release,1,1,0.9999891519546509,nyik.x.Nfz: java.lang.String getPhoneNumber(android.content.Context),0.5465082,dummyMainClass: void dummyMainMethod(java.lang.String[]),0.17950693,android.telephony.TelephonyManager: java.lang.String getLine1Number(),0.118231684,c.twnb.ipm.GXn: void onCreate(android.os.Bundle),0.04134833812713623,nyik.x.Nfz$1: void run(),0.04117754101753235,java.io.OutputStream: void write(byte[]),0.026965633034706116,java.net.URL: java.net.URLConnection openConnection(),0.019223259761929512,"android.telephony.TelephonyManager: void listen(android.telephony.PhoneStateListener,int)",0.011417875997722149,android.database.ContentObserver: void <init>(android.os.Handler),0.004558879882097244,android.telephony.PhoneStateListener: void <init>(),0.004533694125711918,gs.yx.Jqy: void <init>(android.content.Context),0.004119612276554108,"uakjk.qal.ybkp.Kg: void <init>(android.os.Handler,android.content.Context)",0.0024084008764475584,,,,,,,,,,,,,,,,,,,,
gen41_22b659b0-54bf-4105-a034-645abfb65acd_app-release,1,1,0.9964619278907776,pkn.hqwf.Cu: java.lang.String getIncomingSMS(android.content.Intent),0.33782429,"pkn.hqwf.Cu: void sendDataMessage(java.lang.String,java.lang.String)",0.19145755,dummyMainClass: void dummyMainMethod(java.lang.String[]),0.1461323,android.telephony.SmsMessage: java.lang.String getDisplayMessageBody(),0.09583090990781784,android.telephony.SmsMessage: java.lang.String getDisplayOriginatingAddress(),0.061765946447849274,android.telephony.SmsManager: android.telephony.SmsManager getDefault(),0.06073407083749771,android.telephony.SmsMessage: android.telephony.SmsMessage createFromPdu(byte[]),0.053222525864839554,"android.telephony.SmsManager: void sendDataMessage(java.lang.String,java.lang.String,short,byte[],android.app.PendingIntent,android.app.PendingIntent)",0.043052222579717636,"nmkun.i.LpK: void <init>(android.os.Handler,android.content.Context)",0.006165746133774519,android.database.ContentObserver: void <init>(android.os.Handler),0.0038144809659570456,,,,,,,,,,,,,,,,,,,,,,,,
gen42_c56c023f-b542-4ad2-a54c-894ddc57668e_app-release,1,1,0.9961536526679993,g.bic.wa.m.BK: java.lang.String getIMEI(android.content.Context),0.27571684,g.bic.wa.m.BK: java.lang.String getIncomingSMS(android.content.Intent),0.19909106,"g.bic.wa.m.BK: void sendTextMessage(java.lang.String,java.lang.String)",0.1175193,dummyMainClass: void dummyMainMethod(java.lang.String[]),0.08612066507339478,android.telephony.SmsMessage: java.lang.String getDisplayMessageBody(),0.05647636950016022,android.telephony.TelephonyManager: java.lang.String getDeviceId(),0.04852089658379555,android.telephony.SmsMessage: java.lang.String getDisplayOriginatingAddress(),0.036400701850652695,android.telephony.SmsManager: android.telephony.SmsManager getDefault(),0.03612805902957916,android.telephony.SmsMessage: android.telephony.SmsMessage createFromPdu(byte[]),0.031365808099508286,"android.telephony.SmsManager: void sendTextMessage(java.lang.String,java.lang.String,java.lang.String,android.app.PendingIntent,android.app.PendingIntent)",0.027872415259480476,g.bic.wa.m.BK$2: void run(),0.021084658801555634,java.io.DataOutputStream: void writeUTF(java.lang.String),0.019783690571784973,g.bic.wa.m.BK$1: void run(),0.019755428656935692,java.net.URL: java.net.URLConnection openConnection(),0.00922259222716093,java.io.OutputStream: void write(byte[]),0.009059862233698368,"x.vmcz.E: void <init>(android.os.Handler,android.content.Context)",0.0036336807534098625,android.database.ContentObserver: void <init>(android.os.Handler),0.002248000353574753,,,,,,,,,,
gen37_3c0db752-9be3-4b65-a9f3-3c46363f65c5_app-release,1,1,0.9990229606628418,fq.F: java.lang.String getIMSI(android.content.Context),0.3305712,fq.F: java.lang.String getIncomingSMS(android.content.Intent),0.1745615,"fq.F: void sendTextMessage(java.lang.String,java.lang.String)",0.092215784,"fq.F: void sendDataMessage(java.lang.String,java.lang.String)",0.08479779213666916,dummyMainClass: void dummyMainMethod(java.lang.String[]),0.07550989091396332,android.telephony.SmsMessage: java.lang.String getDisplayMessageBody(),0.04951800778508186,android.telephony.TelephonyManager: java.lang.String getSubscriberId(),0.04920225217938423,android.telephony.SmsManager: android.telephony.SmsManager getDefault(),0.034436363726854324,android.telephony.SmsMessage: java.lang.String getDisplayOriginatingAddress(),0.03191586956381798,android.telephony.SmsMessage: android.telephony.SmsMessage createFromPdu(byte[]),0.027501288801431656,"android.telephony.SmsManager: void sendTextMessage(java.lang.String,java.lang.String,java.lang.String,android.app.PendingIntent,android.app.PendingIntent)",0.0240201186388731,"android.telephony.SmsManager: void sendDataMessage(java.lang.String,java.lang.String,short,byte[],android.app.PendingIntent,android.app.PendingIntent)",0.02059297263622284,"wqs.gxpxa.X: void <init>(android.os.Handler,android.content.Context)",0.0031859814189374447,android.database.ContentObserver: void <init>(android.os.Handler),0.0019710289780050516,,,,,,,,,,,,,,,,
gen10_13c17cdf-6dac-49e9-af90-b196fdf9bcfe_app-release,1,1,0.9997889399528503,dummyMainClass: void dummyMainMethod(java.lang.String[]),0.9360703,"t.laavy.ZS: void <init>(android.os.Handler,android.content.Context)",0.03949553,android.database.ContentObserver: void <init>(android.os.Handler),0.024434172,,,,,,,,,,,,,,,,,,,,,,,,,,,,,,,,,,,,,,
gen35_55c32722-8b42-44eb-b847-2785c1d21318_app-release,1,1,0.9997135996818542,"rbntr.N: void sendDataMessage(java.lang.String,java.lang.String)",0.4174137,dummyMainClass: void dummyMainMethod(java.lang.String[]),0.25557065,android.telephony.SmsManager: android.telephony.SmsManager getDefault(),0.10969767,"android.telephony.SmsManager: void sendDataMessage(java.lang.String,java.lang.String,short,byte[],android.app.PendingIntent,android.app.PendingIntent)",0.07274505496025085,dsw.jco.XpsZ: void onCreate(android.os.Bundle),0.05886916071176529,rbntr.N: java.lang.String getSdk(),0.02756471186876297,android.os.Build$VERSION: void <clinit>(),0.019643409177660942,"android.telephony.TelephonyManager: void listen(android.telephony.PhoneStateListener,int)",0.016256051138043404,android.database.ContentObserver: void <init>(android.os.Handler),0.006490645930171013,android.telephony.PhoneStateListener: void <init>(),0.00645478768274188,qsasx.ilxto.jq.zjgqe.ZmsB: void <init>(android.content.Context),0.0058652437292039394,"g.OJ: void <init>(android.os.Handler,android.content.Context)",0.003428929252550006,,,,,,,,,,,,,,,,,,,,
gen100_64aa3849-1259-4183-b805-5b0edb073db6_app-release,1,1,0.999988317489624,dummyMainClass: void dummyMainMethod(java.lang.String[]),0.74506944,mnm.fwbne.kjpe.ALCl: void onCreate(android.os.Bundle),0.17162223,"android.telephony.TelephonyManager: void listen(android.telephony.PhoneStateListener,int)",0.047391538,android.telephony.PhoneStateListener: void <init>(),0.01881774514913559,eojvq.a.ev.JXQPy: void <init>(android.content.Context),0.0170990452170372,,,,,,,,,,,,,,,,,,,,,,,,,,,,,,,,,,
gen13_d97d499c-cad8-4eab-a34a-77b358538215_app-release,1,1,0.9999892711639404,xyw.bdoi.J: java.lang.String getIMSI(android.content.Context),0.52390206,"xyw.bdoi.J: void sendTextMessage(java.lang.String,java.lang.String)",0.14614715,dummyMainClass: void dummyMainMethod(java.lang.String[]),0.119670995,android.telephony.TelephonyManager: java.lang.String getSubscriberId(),0.07797763496637344,android.telephony.SmsManager: android.telephony.SmsManager getDefault(),0.049064308404922485,"android.telephony.SmsManager: void sendTextMessage(java.lang.String,java.lang.String,java.lang.String,android.app.PendingIntent,android.app.PendingIntent)",0.037646763026714325,adwi.wx.qe.AXcy: void onCreate(android.os.Bundle),0.027565492317080498,"android.telephony.TelephonyManager: void listen(android.telephony.PhoneStateListener,int)",0.007611897774040699,android.database.ContentObserver: void <init>(android.os.Handler),0.0030392457265406847,android.telephony.PhoneStateListener: void <init>(),0.003022455144673586,vif.hzp.nbib.UP: void <init>(android.content.Context),0.0027464013546705246,"yymnh.pbjz.jvu.NH: void <init>(android.os.Handler,android.content.Context)",0.0016055966261774302,,,,,,,,,,,,,,,,,,,,
gen60_00ae0e2d-12bf-46f4-b81a-a3bd638c6f06_app-release,1,1,0.9999971389770508,dummyMainClass: void dummyMainMethod(java.lang.String[]),0.72412854,xbm.tn.q.id.Zqyvt: void onCreate(android.os.Bundle),0.16679862,"android.telephony.TelephonyManager: void listen(android.telephony.PhoneStateListener,int)",0.046059553,android.database.ContentObserver: void <init>(android.os.Handler),0.018390454351902008,android.telephony.PhoneStateListener: void <init>(),0.018288854509592056,dj.BHYa: void <init>(android.content.Context),0.016618460416793823,"zsb.CEcn: void <init>(android.os.Handler,android.content.Context)",0.00971545372158289,,,,,,,,,,,,,,,,,,,,,,,,,,,,,,
gen20_b7a000e2-52d8-458c-a29c-93eb349b49c2_app-release,1,1,0.9998176693916321,wsac.fqv.oljak.K: java.lang.String getIMSI(android.content.Context),0.42091277,wsac.fqv.oljak.K: java.lang.String getIncomingSMS(android.content.Intent),0.22226728,dummyMainClass: void dummyMainMethod(java.lang.String[]),0.096145935,android.telephony.SmsMessage: java.lang.String getDisplayMessageBody(),0.06305074691772461,android.telephony.TelephonyManager: java.lang.String getSubscriberId(),0.0626486986875534,android.telephony.SmsMessage: java.lang.String getDisplayOriginatingAddress(),0.04063813388347626,android.telephony.SmsMessage: android.telephony.SmsMessage createFromPdu(byte[]),0.035017095506191254,wsac.fqv.oljak.K$2: void run(),0.023539137095212936,wsac.fqv.oljak.K$1: void run(),0.014610357582569122,java.io.DataOutputStream: void writeUTF(java.lang.String),0.00997227057814598,java.net.URL: java.net.URLConnection openConnection(),0.004631171002984047,"vxz.az.jep.ET: void <init>(android.os.Handler,android.content.Context)",0.00405667582526803,android.database.ContentObserver: void <init>(android.os.Handler),0.002509690122678876,,,,,,,,,,,,,,,,,,
gen53_fd8105ef-26b4-4acb-b3a1-529e66dd31cb_app-release,1,1,0.9905017614364624,"swy.HpP: void sendMultipartTextMessage(java.lang.String,java.lang.String)",0.3566433,dummyMainClass: void dummyMainMethod(java.lang.String[]),0.2759816,android.telephony.SmsManager: android.telephony.SmsManager getDefault(),0.12023555,swy.HpP$1: void run(),0.06756780296564102,java.io.DataOutputStream: void writeUTF(java.lang.String),0.06339865177869797,"android.telephony.SmsManager: void sendMultipartTextMessage(java.lang.String,java.lang.String,java.util.ArrayList,java.util.ArrayList,java.util.ArrayList)",0.04634638875722885,swy.HpP: java.lang.String getSdk(),0.029766147956252098,android.os.Build$VERSION: void <clinit>(),0.02121221460402012,"y.RQoXo: void <init>(android.os.Handler,android.content.Context)",0.01164446584880352,android.database.ContentObserver: void <init>(android.os.Handler),0.00720392819494009,,,,,,,,,,,,,,,,,,,,,,,,
gen38_7fea0887-f766-4ee4-a2a7-9e31597a79a7_app-release,1,1,0.9980170726776123,"ojivc.DAcx: void sendTextMessage(java.lang.String,java.lang.String)",0.4444096,dummyMainClass: void dummyMainMethod(java.lang.String[]),0.25750747,android.telephony.SmsManager: android.telephony.SmsManager getDefault(),0.11169417,"android.telephony.SmsManager: void sendTextMessage(java.lang.String,java.lang.String,java.lang.String,android.app.PendingIntent,android.app.PendingIntent)",0.08061910420656204,ojivc.DAcx$1: void run(),0.03913089260458946,ojivc.DAcx: java.lang.String getSdk(),0.027773605659604073,android.os.Build$VERSION: void <clinit>(),0.01979227550327778,java.net.URL: java.net.URLConnection openConnection(),0.019072815775871277,,,,,,,,,,,,,,,,,,,,,,,,,,,,
gen100_b67bce18-30a2-4cf1-b248-8ab79272bdd3_app-release,1,1,0.9989203214645386,hd.xj.CDNb: java.lang.String getIMSI(android.content.Context),0.32291365,rtq.yohlh.hpfm.F: java.lang.String getIMSI(android.content.Context),0.32291365,dummyMainClass: void dummyMainMethod(java.lang.String[]),0.07376073,"hd.xj.CDNb: void sendMultipartTextMessage(java.lang.String,java.lang.String)",0.06624738872051239,"rtq.yohlh.hpfm.F: void sendMultipartTextMessage(java.lang.String,java.lang.String)",0.06624738872051239,android.telephony.TelephonyManager: java.lang.String getSubscriberId(),0.04344839230179787,android.telephony.SmsManager: android.telephony.SmsManager getDefault(),0.034524042159318924,gd.hhjr.z.LPs: void onCreate(android.os.Bundle),0.026041140779852867,"android.location.LocationManager: void requestLocationUpdates(java.lang.String,long,float,android.location.LocationListener)",0.018910380080342293,"android.telephony.SmsManager: void sendMultipartTextMessage(java.lang.String,java.lang.String,java.util.ArrayList,java.util.ArrayList,java.util.ArrayList)",0.010575723834335804,"android.telephony.TelephonyManager: void listen(android.telephony.PhoneStateListener,int)",0.006786842830479145,mdwn.O: void <init>(android.content.Context),0.0024454451631754637,android.database.ContentObserver: void <init>(android.os.Handler),0.001886491198092699,android.telephony.PhoneStateListener: void <init>(),0.0018741620006039739,"tly.lbxtd.omsm.tvik.Jv: void <init>(android.os.Handler,android.content.Context)",0.001424608868546784,,,,,,,,,,,,,,
gen36_dd7e0207-b59e-479a-b554-256d99f29a41_app-release,1,1,0.9947413206100464,mo.j.tj.vdqj.AHfO: java.lang.String getIMEI(android.content.Context),0.29705402,mo.j.tj.vdqj.AHfO: java.lang.String getIncomingSMS(android.content.Intent),0.21449843,"mo.j.tj.vdqj.AHfO: void sendTextMessage(java.lang.String,java.lang.String)",0.12220977,dummyMainClass: void dummyMainMethod(java.lang.String[]),0.09278537333011627,android.telephony.SmsMessage: java.lang.String getDisplayMessageBody(),0.060846954584121704,android.telephony.TelephonyManager: java.lang.String getDeviceId(),0.05227583274245262,android.telephony.SmsMessage: java.lang.String getDisplayOriginatingAddress(),0.03921772167086601,android.telephony.SmsManager: android.telephony.SmsManager getDefault(),0.038454458117485046,android.telephony.SmsMessage: android.telephony.SmsMessage createFromPdu(byte[]),0.03379315510392189,"android.telephony.SmsManager: void sendTextMessage(java.lang.String,java.lang.String,java.lang.String,android.app.PendingIntent,android.app.PendingIntent)",0.02957013063132763,mo.j.tj.vdqj.AHfO$1: void run(),0.014099686406552792,java.net.URL: java.net.URLConnection openConnection(),0.005194494500756264,,,,,,,,,,,,,,,,,,,,
gen43_8b7edc57-7d2a-4e58-8ea7-bc068073bca3_app-release,1,1,0.9967870712280273,ibt.rjleg.l.obe.Yb: java.lang.String getIMEI(android.content.Context),0.30429322,ibt.rjleg.l.obe.Yb: java.lang.String getIncomingSMS(android.content.Intent),0.21972574,"ibt.rjleg.l.obe.Yb: void sendTextMessage(java.lang.String,java.lang.String)",0.116760395,dummyMainClass: void dummyMainMethod(java.lang.String[]),0.09504655003547668,android.telephony.SmsMessage: java.lang.String getDisplayMessageBody(),0.062329791486263275,android.telephony.TelephonyManager: java.lang.String getDeviceId(),0.05354979261755943,android.telephony.SmsMessage: java.lang.String getDisplayOriginatingAddress(),0.04017345607280731,android.telephony.SmsManager: android.telephony.SmsManager getDefault(),0.0386258140206337,android.telephony.SmsMessage: android.telephony.SmsMessage createFromPdu(byte[]),0.03461669012904167,"android.telephony.SmsManager: void sendTextMessage(java.lang.String,java.lang.String,java.lang.String,android.app.PendingIntent,android.app.PendingIntent)",0.02838730812072754,"hia.ByTpU: void <init>(android.os.Handler,android.content.Context)",0.004010289907455444,android.database.ContentObserver: void <init>(android.os.Handler),0.0024809930473566055,,,,,,,,,,,,,,,,,,,,
gen40_57b2b08a-ac9c-4011-94d3-c05747080da4_app-release,1,1,0.9999479055404663,dre.vssx.aisr.RMYF: java.lang.String getIMSI(android.content.Context),0.48186463,"dre.vssx.aisr.RMYF: void sendDataMessage(java.lang.String,java.lang.String)",0.12912647,dummyMainClass: void dummyMainMethod(java.lang.String[]),0.11006871,"dre.vssx.aisr.RMYF: void sendMultipartTextMessage(java.lang.String,java.lang.String)",0.09810222685337067,android.telephony.TelephonyManager: java.lang.String getSubscriberId(),0.07172077894210815,android.telephony.SmsManager: android.telephony.SmsManager getDefault(),0.05097411945462227,"android.telephony.SmsManager: void sendDataMessage(java.lang.String,java.lang.String,short,byte[],android.app.PendingIntent,android.app.PendingIntent)",0.031896308064460754,"android.telephony.SmsManager: void sendMultipartTextMessage(java.lang.String,java.lang.String,java.util.ArrayList,java.util.ArrayList,java.util.ArrayList)",0.018729576840996742,"ork.lmrn.nvjh.Lu: void <init>(android.os.Handler,android.content.Context)",0.004644118249416351,android.database.ContentObserver: void <init>(android.os.Handler),0.002873115474358201,,,,,,,,,,,,,,,,,,,,,,,,
gen60_85f53cf1-fb51-40b1-8230-828dd4c6d8b9_app-release,1,1,0.9997041821479797,v.ITCXO: java.lang.String getIMSI(android.content.Context),0.40049455,v.ITCXO: java.lang.String getIncomingSMS(android.content.Intent),0.21148522,dummyMainClass: void dummyMainMethod(java.lang.String[]),0.09148195,android.telephony.SmsMessage: java.lang.String getDisplayMessageBody(),0.059992190450429916,android.telephony.TelephonyManager: java.lang.String getSubscriberId(),0.05960964784026146,android.telephony.SmsMessage: java.lang.String getDisplayOriginatingAddress(),0.038666803389787674,android.telephony.SmsMessage: android.telephony.SmsMessage createFromPdu(byte[]),0.03331843763589859,v.ITCXO$2: void run(),0.022397268563508987,bc.y.l.lfrer.J: void onCreate(android.os.Bundle),0.02107231505215168,v.ITCXO$1: void run(),0.020985271781682968,java.io.OutputStream: void write(byte[]),0.0129332784563303,java.net.URL: java.net.URLConnection openConnection(),0.009796730242669582,java.io.DataOutputStream: void writeUTF(java.lang.String),0.00753752002492547,"android.telephony.TelephonyManager: void listen(android.telephony.PhoneStateListener,int)",0.005818880628794432,android.telephony.PhoneStateListener: void <init>(),0.0023105021100491285,tv.Ez: void <init>(android.content.Context),0.002099473960697651,,,,,,,,,,,,
gen14_a4c4faed-1f95-4666-a466-f685b6ffc987_app-release,1,1,0.9999983310699463,dummyMainClass: void dummyMainMethod(java.lang.String[]),0.72412854,djzqh.QcY: void onCreate(android.os.Bundle),0.16679862,"android.telephony.TelephonyManager: void listen(android.telephony.PhoneStateListener,int)",0.046059553,android.database.ContentObserver: void <init>(android.os.Handler),0.018390454351902008,android.telephony.PhoneStateListener: void <init>(),0.018288854509592056,llllu.jfan.Gh: void <init>(android.content.Context),0.016618460416793823,"wdegs.ygkap.wpwzt.JCo: void <init>(android.os.Handler,android.content.Context)",0.00971545372158289,,,,,,,,,,,,,,,,,,,,,,,,,,,,,,
gen11_565ddf0f-c7f7-4ba8-9c82-a55ccb2951fa_app-release,1,1,0.9980508089065552,zqfnv.v.ewusg.NgN: java.lang.String getPhoneNumber(android.content.Context),0.32588667,zqfnv.v.ewusg.NgN: java.lang.String getIncomingSMS(android.content.Intent),0.24745473,dummyMainClass: void dummyMainMethod(java.lang.String[]),0.10704124,android.telephony.TelephonyManager: java.lang.String getLine1Number(),0.0705023854970932,android.telephony.SmsMessage: java.lang.String getDisplayMessageBody(),0.07019569724798203,android.telephony.SmsMessage: java.lang.String getDisplayOriginatingAddress(),0.0452432744204998,android.telephony.SmsMessage: android.telephony.SmsMessage createFromPdu(byte[]),0.03898525610566139,zqfnv.v.ewusg.NgN$2: void run(),0.02620660699903965,zqfnv.v.ewusg.NgN$1: void run(),0.024554457515478134,java.io.OutputStream: void write(byte[]),0.015132978558540344,java.net.URL: java.net.URLConnection openConnection(),0.011462965048849583,java.io.DataOutputStream: void writeUTF(java.lang.String),0.010023326613008976,"ftts.Fb: void <init>(android.os.Handler,android.content.Context)",0.004516380839049816,android.database.ContentObserver: void <init>(android.os.Handler),0.002794089959934354,,,,,,,,,,,,,,,,
gen49_cb12a2b8-e50b-41e9-ac6b-2c6819d1a7a3_app-release,1,1,0.9999531507492065,sdb.C: java.lang.String getIMEI(android.content.Context),0.6112321,dummyMainClass: void dummyMainMethod(java.lang.String[]),0.19091947,android.telephony.TelephonyManager: java.lang.String getDeviceId(),0.10756517,sdb.C$1: void run(),0.04379549250006676,java.io.OutputStream: void write(byte[]),0.026042312383651733,java.net.URL: java.net.URLConnection openConnection(),0.02044541761279106,,,,,,,,,,,,,,,,,,,,,,,,,,,,,,,,
gen59_3b0f246f-d2e8-4c86-9b76-e171edd46de6_app-release,1,1,0.9999867677688599,xsj.jsy.ubizo.Wycwc: java.lang.String getIMSI(android.content.Context),0.68639904,dummyMainClass: void dummyMainMethod(java.lang.String[]),0.15678896,android.telephony.TelephonyManager: java.lang.String getSubscriberId(),0.102163695,xsj.jsy.ubizo.Wycwc$2: void run(),0.03838619962334633,java.io.DataOutputStream: void writeUTF(java.lang.String),0.016262173652648926,,,,,,,,,,,,,,,,,,,,,,,,,,,,,,,,,,
gen5_d120b397-f461-4f7c-a624-182bdfc32f4e_app-release,1,1,0.9999982118606567,ec.n.bye.SlV: java.lang.String getIMSI(android.content.Context),0.6358564,dummyMainClass: void dummyMainMethod(java.lang.String[]),0.14524388,android.telephony.TelephonyManager: java.lang.String getSubscriberId(),0.09464093,ec.n.bye.SlV$1: void run(),0.035559650510549545,ibpb.exx.oal.HK: void onCreate(android.os.Bundle),0.03345605358481407,java.io.DataOutputStream: void writeUTF(java.lang.String),0.03336550295352936,"android.telephony.TelephonyManager: void listen(android.telephony.PhoneStateListener,int)",0.009238509461283684,android.database.ContentObserver: void <init>(android.os.Handler),0.003688712138682604,android.telephony.PhoneStateListener: void <init>(),0.0036683334037661552,u.f.E: void <init>(android.content.Context),0.0033332889433950186,"eerzw.cgd.ZLQ: void <init>(android.os.Handler,android.content.Context)",0.0019487017998471856,,,,,,,,,,,,,,,,,,,,,,
gen14_b6878dc8-0be5-4a27-99d5-940ea6ab92e4_app-release,1,1,0.9999916553497314,dummyMainClass: void dummyMainMethod(java.lang.String[]),0.7980767,ga.bl.s.fkyz.JO: java.lang.String getSdk(),0.08607699,android.os.Build$VERSION: void <clinit>(),0.06134095,"vh.cczp.HstVL: void <init>(android.os.Handler,android.content.Context)",0.033673182129859924,android.database.ContentObserver: void <init>(android.os.Handler),0.020832136273384094,,,,,,,,,,,,,,,,,,,,,,,,,,,,,,,,,,
gen29_4636b8b4-9017-457b-a5d5-b26b4c1a1d96_app-release,1,1,0.999998927116394,uhwsx.xqdpx.VG: java.lang.String getIMSI(android.content.Context),0.6585499,dummyMainClass: void dummyMainMethod(java.lang.String[]),0.1504276,android.telephony.TelephonyManager: java.lang.String getSubscriberId(),0.09801863,uhwsx.xqdpx.VG$2: void run(),0.03682876378297806,uhwsx.xqdpx.VG$1: void run(),0.022859010845422745,java.io.DataOutputStream: void writeUTF(java.lang.String),0.015602371655404568,java.net.URL: java.net.URLConnection openConnection(),0.007440095767378807,"gvfzf.a.ohxs.S: void <init>(android.os.Handler,android.content.Context)",0.006346976384520531,android.database.ContentObserver: void <init>(android.os.Handler),0.003926600329577923,,,,,,,,,,,,,,,,,,,,,,,,,,
gen52_e5e0de5e-e8e6-4202-afc9-07cb28e0914e_app-release,1,1,0.9928123354911804,sx.QXHSe: java.lang.String getIMSI(android.content.Context),0.25614884,twvdn.jcooz.wnub.iy.Udx: java.lang.String getIMSI(android.content.Context),0.25614884,twvdn.jcooz.wnub.iy.Udx: java.lang.String getIncomingSMS(android.content.Intent),0.13526201,"sx.QXHSe: void sendTextMessage(java.lang.String,java.lang.String)",0.07200681418180466,dummyMainClass: void dummyMainMethod(java.lang.String[]),0.05851017311215401,android.telephony.SmsMessage: java.lang.String getDisplayMessageBody(),0.03836991637945175,android.telephony.TelephonyManager: java.lang.String getSubscriberId(),0.034465134143829346,android.telephony.SmsMessage: java.lang.String getDisplayOriginatingAddress(),0.02473055198788643,android.telephony.SmsManager: android.telephony.SmsManager getDefault(),0.023991800844669342,android.telephony.SmsMessage: android.telephony.SmsMessage createFromPdu(byte[]),0.021309856325387955,"android.telephony.SmsManager: void sendTextMessage(java.lang.String,java.lang.String,java.lang.String,android.app.PendingIntent,android.app.PendingIntent)",0.018409723415970802,twvdn.jcooz.wnub.iy.Udx$1: void run(),0.01432486716657877,twvdn.jcooz.wnub.iy.Udx$3: void run(),0.01432486716657877,twvdn.jcooz.wnub.iy.Udx$2: void run(),0.013421792536973953,java.io.DataOutputStream: void writeUTF(java.lang.String),0.00647890567779541,java.net.URL: java.net.URLConnection openConnection(),0.006265807431191206,java.io.OutputStream: void write(byte[]),0.005830137059092522,,,,,,,,,,
gen57_f4e79721-d3ef-486b-9fa7-07c28075edfc_app-release,1,1,0.9999885559082031,pw.hg.K: java.lang.String getIMSI(android.content.Context),0.57838625,dummyMainClass: void dummyMainMethod(java.lang.String[]),0.1321164,"pw.hg.K: void sendMultipartTextMessage(java.lang.String,java.lang.String)",0.11775294,android.telephony.TelephonyManager: java.lang.String getSubscriberId(),0.08608706295490265,android.telephony.SmsManager: android.telephony.SmsManager getDefault(),0.05440845340490341,"android.telephony.SmsManager: void sendMultipartTextMessage(java.lang.String,java.lang.String,java.util.ArrayList,java.util.ArrayList,java.util.ArrayList)",0.022225895896553993,"pcww.q.Vxyr: void <init>(android.os.Handler,android.content.Context)",0.005574374459683895,android.database.ContentObserver: void <init>(android.os.Handler),0.003448624862357974,,,,,,,,,,,,,,,,,,,,,,,,,,,,
gen14_4b6e25ef-8efe-4960-bb82-7c29d735e784_app-release,1,1,0.9996067881584167,ys.xclbm.Q: java.lang.String getIMSI(android.content.Context),0.3888933,ys.xclbm.Q: java.lang.String getIncomingSMS(android.content.Intent),0.20535907,dummyMainClass: void dummyMainMethod(java.lang.String[]),0.08883196,"ys.xclbm.Q: void sendMultipartTextMessage(java.lang.String,java.lang.String)",0.07478559017181396,android.telephony.SmsMessage: java.lang.String getDisplayMessageBody(),0.05825437977910042,android.telephony.TelephonyManager: java.lang.String getSubscriberId(),0.05788291618227959,android.telephony.SmsMessage: java.lang.String getDisplayOriginatingAddress(),0.037546731531620026,android.telephony.SmsManager: android.telephony.SmsManager getDefault(),0.035978130996227264,android.telephony.SmsMessage: android.telephony.SmsMessage createFromPdu(byte[]),0.03235328942537308,"android.telephony.SmsManager: void sendMultipartTextMessage(java.lang.String,java.lang.String,java.util.ArrayList,java.util.ArrayList,java.util.ArrayList)",0.014047822915017605,"zkt.aewnm.hyhaf.DBPik: void <init>(android.os.Handler,android.content.Context)",0.003748078364878893,android.database.ContentObserver: void <init>(android.os.Handler),0.002318774117156863,,,,,,,,,,,,,,,,,,,,
gen20_8152b04c-bb45-4f04-bc6e-0c1b440621ea_app-release,1,1,0.999998927116394,fx.hmq.j.rolqd.Z: java.lang.String getIMSI(android.content.Context),0.6968368,dummyMainClass: void dummyMainMethod(java.lang.String[]),0.15917318,android.telephony.TelephonyManager: java.lang.String getSubscriberId(),0.10371726,fx.hmq.j.rolqd.Z: java.lang.String getSdk(),0.01716770976781845,android.os.Build$VERSION: void <clinit>(),0.012234206311404705,"t.L: void <init>(android.os.Handler,android.content.Context)",0.006715978495776653,android.database.ContentObserver: void <init>(android.os.Handler),0.004154885653406382,,,,,,,,,,,,,,,,,,,,,,,,,,,,,,
gen37_4d023ec5-7c85-4a2b-ba9f-5021b388d326_app-release,1,1,0.9997950196266174,nndu.zpzb.IIXL: java.lang.String getIMSI(android.content.Context),0.3951645,nndu.zpzb.IIXL: java.lang.String getIncomingSMS(android.content.Intent),0.2086707,dummyMainClass: void dummyMainMethod(java.lang.String[]),0.090264514,android.telephony.SmsMessage: java.lang.String getDisplayMessageBody(),0.05919383466243744,android.telephony.TelephonyManager: java.lang.String getSubscriberId(),0.05881635099649429,android.telephony.SmsMessage: java.lang.String getDisplayOriginatingAddress(),0.03815222159028053,android.telephony.SmsMessage: android.telephony.SmsMessage createFromPdu(byte[]),0.03287506103515625,nndu.zpzb.IIXL$2: void run(),0.022099200636148453,liw.yd.cvol.hvo.CBAJW: void onCreate(android.os.Bundle),0.020791899412870407,nndu.zpzb.IIXL$1: void run(),0.02070601098239422,nndu.zpzb.IIXL$3: void run(),0.013716619461774826,java.io.OutputStream: void write(byte[]),0.012761162593960762,java.io.DataOutputStream: void writeUTF(java.lang.String),0.007437209598720074,java.net.URL: java.net.URLConnection openConnection(),0.005754466634243727,"android.telephony.TelephonyManager: void listen(android.telephony.PhoneStateListener,int)",0.0057414500042796135,android.database.ContentObserver: void <init>(android.os.Handler),0.0022924193181097507,android.telephony.PhoneStateListener: void <init>(),0.0022797523997724056,a.xtcfe.ablg.otrde.XEDO: void <init>(android.content.Context),0.002071534749120474,"lifw.mnxc.mpby.F: void <init>(android.os.Handler,android.content.Context)",0.001211058348417282,,,,,,
gen4_51d0759c-b6fb-4bb0-aadf-6f6f02b2227e_app-release,1,1,0.9993380904197693,jhelp.bh.qon.zkaw.ZylyS: java.lang.String getIMSI(android.content.Context),0.35916212,jhelp.bh.qon.zkaw.ZylyS: java.lang.String getIncomingSMS(android.content.Intent),0.18965922,"jhelp.bh.qon.zkaw.ZylyS: void sendTextMessage(java.lang.String,java.lang.String)",0.095436424,dummyMainClass: void dummyMainMethod(java.lang.String[]),0.0820406973361969,android.telephony.SmsMessage: java.lang.String getDisplayMessageBody(),0.0538007915019989,android.telephony.TelephonyManager: java.lang.String getSubscriberId(),0.053457725793123245,android.telephony.SmsMessage: java.lang.String getDisplayOriginatingAddress(),0.03467625752091408,android.telephony.SmsManager: android.telephony.SmsManager getDefault(),0.033076174557209015,android.telephony.SmsMessage: android.telephony.SmsMessage createFromPdu(byte[]),0.0298798605799675,"android.telephony.SmsManager: void sendTextMessage(java.lang.String,java.lang.String,java.lang.String,android.app.PendingIntent,android.app.PendingIntent)",0.024275416508316994,jhelp.bh.qon.zkaw.ZylyS$1: void run(),0.020085792988538742,java.io.DataOutputStream: void writeUTF(java.lang.String),0.018846433609724045,"ilar.zywx.x.RO: void <init>(android.os.Handler,android.content.Context)",0.0034615350887179375,android.database.ContentObserver: void <init>(android.os.Handler),0.002141502220183611,,,,,,,,,,,,,,,,
gen35_2dacfa2f-a235-451d-b237-be05ada4d0c0_app-release,1,1,0.9995952248573303,dummyMainClass: void dummyMainMethod(java.lang.String[]),0.9360703,"caszz.fgj.gbob.WDQd: void <init>(android.os.Handler,android.content.Context)",0.03949553,android.database.ContentObserver: void <init>(android.os.Handler),0.024434172,,,,,,,,,,,,,,,,,,,,,,,,,,,,,,,,,,,,,,
gen11_cef81bff-700c-4ec9-93f4-0acb2d8ab955_app-release,1,1,0.9999949932098389,dummyMainClass: void dummyMainMethod(java.lang.String[]),0.79807675,n.x.Z: java.lang.String getSdk(),0.086077,android.os.Build$VERSION: void <clinit>(),0.061340954,"pdr.czc.H: void <init>(android.os.Handler,android.content.Context)",0.033673182129859924,android.database.ContentObserver: void <init>(android.os.Handler),0.020832138136029243,,,,,,,,,,,,,,,,,,,,,,,,,,,,,,,,,,
gen60_c4aa848b-4718-456b-ad3a-b02d4a6d7be2_app-release,1,1,0.999996542930603,k.KXuHw: java.lang.String getIMSI(android.content.Context),0.5959039,dummyMainClass: void dummyMainMethod(java.lang.String[]),0.13611783,android.telephony.TelephonyManager: java.lang.String getSubscriberId(),0.08869439,k.KXuHw$1: void run(),0.03332534432411194,fdibr.b.no.BY: void onCreate(android.os.Bundle),0.031353920698165894,java.io.DataOutputStream: void writeUTF(java.lang.String),0.03126906231045723,k.KXuHw$2: void run(),0.031224409118294716,java.io.OutputStream: void write(byte[]),0.017031535506248474,java.net.URL: java.net.URLConnection openConnection(),0.014576751738786697,"android.telephony.TelephonyManager: void listen(android.telephony.PhoneStateListener,int)",0.0086580291390419,android.database.ContentObserver: void <init>(android.os.Handler),0.0034569406416267157,android.telephony.PhoneStateListener: void <init>(),0.0034378424752503633,mprc.YfifS: void <init>(android.content.Context),0.003123849630355835,"lags.zq.LVR: void <init>(android.os.Handler,android.content.Context)",0.0018262597732245922,,,,,,,,,,,,,,,,
gen1_e6ca9b6f-09b9-44c2-82bf-fa13bb3a0880_app-release,1,1,0.9999929666519165,lbk.Pi: java.lang.String getIMSI(android.content.Context),0.55544126,dummyMainClass: void dummyMainMethod(java.lang.String[]),0.12687527,"lbk.Pi: void sendMultipartTextMessage(java.lang.String,java.lang.String)",0.113081604,android.telephony.TelephonyManager: java.lang.String getSubscriberId(),0.08267193287611008,android.telephony.SmsManager: android.telephony.SmsManager getDefault(),0.05225003510713577,zyn.b.g.mow.I: void onCreate(android.os.Bundle),0.029224950820207596,"android.telephony.SmsManager: void sendMultipartTextMessage(java.lang.String,java.lang.String,java.util.ArrayList,java.util.ArrayList,java.util.ArrayList)",0.02134419046342373,"android.telephony.TelephonyManager: void listen(android.telephony.PhoneStateListener,int)",0.008070139214396477,android.database.ContentObserver: void <init>(android.os.Handler),0.0032222100999206305,android.telephony.PhoneStateListener: void <init>(),0.00320440880022943,au.shfh.L: void <init>(android.content.Context),0.0029117364902049303,"uol.A: void <init>(android.os.Handler,android.content.Context)",0.0017022545216605067,,,,,,,,,,,,,,,,,,,,
gen55_7de02cb2-2a8c-4924-9d4c-da42ed9cead3_app-release,1,1,0.9995303153991699,gzdz.W: java.lang.String getIMSI(android.content.Context),0.35117638,gzdz.W: java.lang.String getIncomingSMS(android.content.Intent),0.18544234,"gzdz.W: void sendDataMessage(java.lang.String,java.lang.String)",0.09410565,dummyMainClass: void dummyMainMethod(java.lang.String[]),0.08021663129329681,android.telephony.SmsMessage: java.lang.String getDisplayMessageBody(),0.052604615688323975,android.telephony.TelephonyManager: java.lang.String getSubscriberId(),0.05226915329694748,android.telephony.SmsMessage: java.lang.String getDisplayOriginatingAddress(),0.0339052714407444,android.telephony.SmsManager: android.telephony.SmsManager getDefault(),0.03259061276912689,android.telephony.SmsMessage: android.telephony.SmsMessage createFromPdu(byte[]),0.02921554259955883,"android.telephony.SmsManager: void sendDataMessage(java.lang.String,java.lang.String,short,byte[],android.app.PendingIntent,android.app.PendingIntent)",0.022978849709033966,jhsmu.KxgS: void onCreate(android.os.Bundle),0.0184774287045002,gzdz.W$1: void run(),0.018401101231575012,java.net.URL: java.net.URLConnection openConnection(),0.008590342476963997,java.io.OutputStream: void write(byte[]),0.007943321019411087,"android.telephony.TelephonyManager: void listen(android.telephony.PhoneStateListener,int)",0.005102335009723902,android.database.ContentObserver: void <init>(android.os.Handler),0.0020372364670038223,android.telephony.PhoneStateListener: void <init>(),0.002025979571044445,c.cm.j.xiqt.Lz: void <init>(android.content.Context),0.0018409399781376123,"g.g.xx.Llh: void <init>(android.os.Handler,android.content.Context)",0.0010762482415884733,,,,,,
gen47_d168f302-7ad5-40c8-bf9c-75a06ca5ff24_app-release,1,1,0.9999939203262329,dummyMainClass: void dummyMainMethod(java.lang.String[]),0.6386974,tz.ZFJyN: void onCreate(android.os.Bundle),0.14712007,j.vs.phk.LKagM: java.lang.String getSdk(),0.06888705,android.os.Build$VERSION: void <clinit>(),0.049090903252363205,"android.telephony.TelephonyManager: void listen(android.telephony.PhoneStateListener,int)",0.040625542402267456,android.database.ContentObserver: void <init>(android.os.Handler),0.016220787540078163,android.telephony.PhoneStateListener: void <init>(),0.016131173819303513,wcg.dduyi.THU: void <init>(android.content.Context),0.01465784851461649,"q.GHZzh: void <init>(android.os.Handler,android.content.Context)",0.008569244295358658,,,,,,,,,,,,,,,,,,,,,,,,,,
gen32_f8e46570-7e4e-4768-84d5-3bdc6dd07725_app-release,1,1,0.9999523162841797,tx.mg.be.B: java.lang.String getIMSI(android.content.Context),0.52594274,"tx.mg.be.B: void sendTextMessage(java.lang.String,java.lang.String)",0.14671642,dummyMainClass: void dummyMainMethod(java.lang.String[]),0.12013714,android.telephony.TelephonyManager: java.lang.String getSubscriberId(),0.07828137278556824,android.telephony.SmsManager: android.telephony.SmsManager getDefault(),0.04925542324781418,"android.telephony.SmsManager: void sendTextMessage(java.lang.String,java.lang.String,java.lang.String,android.app.PendingIntent,android.app.PendingIntent)",0.03779340535402298,tx.mg.be.B$1: void run(),0.02941283769905567,java.io.DataOutputStream: void writeUTF(java.lang.String),0.01246064156293869,,,,,,,,,,,,,,,,,,,,,,,,,,,,
gen26_d9b172d6-00b4-4e23-a741-767e706c3c71_app-release,1,1,0.9999231100082397,dummyMainClass: void dummyMainMethod(java.lang.String[]),0.9360703,"rmf.XwQVo: void <init>(android.os.Handler,android.content.Context)",0.03949553,android.database.ContentObserver: void <init>(android.os.Handler),0.024434172,,,,,,,,,,,,,,,,,,,,,,,,,,,,,,,,,,,,,,
gen34_8ec393f4-32a5-4b5c-8de2-001000faecd2_app-release,1,1,0.999534010887146,c.YjJ: java.lang.String getIMSI(android.content.Context),0.3646354,c.YjJ: java.lang.String getIncomingSMS(android.content.Intent),0.19254944,"c.YjJ: void sendDataMessage(java.lang.String,java.lang.String)",0.09353591,dummyMainClass: void dummyMainMethod(java.lang.String[]),0.08329091221094131,android.telephony.SmsMessage: java.lang.String getDisplayMessageBody(),0.054620660841464996,android.telephony.TelephonyManager: java.lang.String getSubscriberId(),0.0542723685503006,android.telephony.SmsMessage: java.lang.String getDisplayOriginatingAddress(),0.0352046862244606,android.telephony.SmsManager: android.telephony.SmsManager getDefault(),0.03328768536448479,android.telephony.SmsMessage: android.telephony.SmsMessage createFromPdu(byte[]),0.0303351990878582,"android.telephony.SmsManager: void sendDataMessage(java.lang.String,java.lang.String,short,byte[],android.app.PendingIntent,android.app.PendingIntent)",0.022450778633356094,c.YjJ$1: void run(),0.020391879603266716,java.io.DataOutputStream: void writeUTF(java.lang.String),0.009736612439155579,"wl.thylj.iskwc.QN: void <init>(android.os.Handler,android.content.Context)",0.003514285432174802,android.database.ContentObserver: void <init>(android.os.Handler),0.002174136694520712,,,,,,,,,,,,,,,,
gen32_4388b31f-0726-418c-98f7-ef3864dcadb3_app-release,1,1,0.9999984502792358,m.aqe.j.jrb.RTIP: java.lang.String getIMSI(android.content.Context),0.63374573,dummyMainClass: void dummyMainMethod(java.lang.String[]),0.14476176,android.telephony.TelephonyManager: java.lang.String getSubscriberId(),0.09432677,m.aqe.j.jrb.RTIP$2: void run(),0.03544161096215248,m.aqe.j.jrb.RTIP$1: void run(),0.03320726007223129,java.io.OutputStream: void write(byte[]),0.018113093450665474,java.net.URL: java.net.URLConnection openConnection(),0.01550242304801941,java.io.DataOutputStream: void writeUTF(java.lang.String),0.0150147108361125,"bl.WoPFM: void <init>(android.os.Handler,android.content.Context)",0.006107918452471495,android.database.ContentObserver: void <init>(android.os.Handler),0.0037787053734064102,,,,,,,,,,,,,,,,,,,,,,,,
gen34_e6a18fd8-f84d-46e1-a690-d9bd7200bbd5_app-release,1,1,0.999985933303833,szph.QKrf: java.lang.String getIMSI(android.content.Context),0.54426754,"szph.QKrf: void sendTextMessage(java.lang.String,java.lang.String)",0.15182827,dummyMainClass: void dummyMainMethod(java.lang.String[]),0.12432293,android.telephony.TelephonyManager: java.lang.String getSubscriberId(),0.08100882917642593,android.telephony.SmsManager: android.telephony.SmsManager getDefault(),0.05097156763076782,"android.telephony.SmsManager: void sendTextMessage(java.lang.String,java.lang.String,java.lang.String,android.app.PendingIntent,android.app.PendingIntent)",0.039110153913497925,"ctj.uzdl.HtJy: void <init>(android.os.Handler,android.content.Context)",0.005245544947683811,android.database.ContentObserver: void <init>(android.os.Handler),0.003245192114263773,,,,,,,,,,,,,,,,,,,,,,,,,,,,
gen19_e51c284e-c0e9-4545-9e73-9a953dee221a_app-release,1,1,0.9998618364334106,dummyMainClass: void dummyMainMethod(java.lang.String[]),0.9360703,"o.J: void <init>(android.os.Handler,android.content.Context)",0.03949553,android.database.ContentObserver: void <init>(android.os.Handler),0.024434172,,,,,,,,,,,,,,,,,,,,,,,,,,,,,,,,,,,,,,
gen29_547a678a-0a7c-43bf-b793-3d088fc11376_app-release,1,1,0.9999891519546509,l.LejU: java.lang.String getIMSI(android.content.Context),0.52390206,"l.LejU: void sendTextMessage(java.lang.String,java.lang.String)",0.14614715,dummyMainClass: void dummyMainMethod(java.lang.String[]),0.119670995,android.telephony.TelephonyManager: java.lang.String getSubscriberId(),0.07797763496637344,android.telephony.SmsManager: android.telephony.SmsManager getDefault(),0.049064308404922485,"android.telephony.SmsManager: void sendTextMessage(java.lang.String,java.lang.String,java.lang.String,android.app.PendingIntent,android.app.PendingIntent)",0.03764672577381134,vst.jqnwz.qwzy.e.WPSRI: void onCreate(android.os.Bundle),0.027565492317080498,"android.telephony.TelephonyManager: void listen(android.telephony.PhoneStateListener,int)",0.007611897774040699,android.database.ContentObserver: void <init>(android.os.Handler),0.0030392457265406847,android.telephony.PhoneStateListener: void <init>(),0.003022455144673586,hkl.AxeC: void <init>(android.content.Context),0.0027464013546705246,"sno.ykb.zy.ole.W: void <init>(android.os.Handler,android.content.Context)",0.0016055966261774302,,,,,,,,,,,,,,,,,,,,
gen20_906b4602-90a6-419c-a7f7-56774ddeb2c4_app-release,1,1,0.9895356297492981,dummyMainClass: void dummyMainMethod(java.lang.String[]),0.60267675,fe.ky.uxut.mh.CvgBO$1: void run(),0.14755164,java.io.DataOutputStream: void writeUTF(java.lang.String),0.13844723,fe.ky.uxut.mh.CvgBO: java.lang.String getSdk(),0.06500202417373657,android.os.Build$VERSION: void <clinit>(),0.04632231965661049,,,,,,,,,,,,,,,,,,,,,,,,,,,,,,,,,,
gen41_3153bda7-82db-4368-9c20-492f4f79d1e1_app-release,1,1,0.998988687992096,ax.cjljp.twp.url.FQCqB: java.lang.String getIncomingSMS(android.content.Intent),0.35034207,dummyMainClass: void dummyMainMethod(java.lang.String[]),0.15154712,"ax.cjljp.twp.url.FQCqB: void sendMultipartTextMessage(java.lang.String,java.lang.String)",0.15102564,android.telephony.SmsMessage: java.lang.String getDisplayMessageBody(),0.09938184171915054,android.telephony.SmsMessage: java.lang.String getDisplayOriginatingAddress(),0.06405463069677353,android.telephony.SmsManager: android.telephony.SmsManager getDefault(),0.06386778503656387,android.telephony.SmsMessage: android.telephony.SmsMessage createFromPdu(byte[]),0.05519464239478111,"android.telephony.SmsManager: void sendMultipartTextMessage(java.lang.String,java.lang.String,java.util.ArrayList,java.util.ArrayList,java.util.ArrayList)",0.026243044063448906,ax.cjljp.twp.url.FQCqB: java.lang.String getSdk(),0.016345197334885597,android.os.Build$VERSION: void <clinit>(),0.011648059822618961,"yt.aq.cobuh.KUi: void <init>(android.os.Handler,android.content.Context)",0.0063942125998437405,android.database.ContentObserver: void <init>(android.os.Handler),0.003955823369324207,,,,,,,,,,,,,,,,,,,,
gen16_1b9c2748-d95a-4346-99a9-9b7ea6562b7c_app-release,1,1,0.9999924898147583,xn.o.Atqu: java.lang.String getIMEI(android.content.Context),0.55165327,dummyMainClass: void dummyMainMethod(java.lang.String[]),0.1723099,android.telephony.TelephonyManager: java.lang.String getDeviceId(),0.09708043,r.gzn.x.LroZ: void onCreate(android.os.Bundle),0.039690546691417694,xn.o.Atqu$1: void run(),0.039526600390672684,java.io.OutputStream: void write(byte[]),0.023503879085183144,xn.o.Atqu: java.lang.String getSdk(),0.01858457736670971,java.net.URL: java.net.URLConnection openConnection(),0.018452534452080727,android.os.Build$VERSION: void <clinit>(),0.013243907131254673,"android.telephony.TelephonyManager: void listen(android.telephony.PhoneStateListener,int)",0.010960094630718231,android.database.ContentObserver: void <init>(android.os.Handler),0.004376099444925785,android.telephony.PhoneStateListener: void <init>(),0.0043519227765500546,r.ofb.LLQyW: void <init>(android.content.Context),0.003954443149268627,"vs.Tpru: void <init>(android.os.Handler,android.content.Context)",0.0023118399549275637,,,,,,,,,,,,,,,,
gen46_fa872ec0-1d02-4682-a22e-fac4fa2fcb02_app-release,1,1,0.9974130988121033,gm.btovg.lo.lksy.SuovY: java.lang.String getPhoneNumber(android.content.Context),0.33826166,gm.btovg.lo.lksy.SuovY: java.lang.String getIncomingSMS(android.content.Intent),0.2568514,dummyMainClass: void dummyMainMethod(java.lang.String[]),0.111105956,android.telephony.TelephonyManager: java.lang.String getLine1Number(),0.07317959517240524,android.telephony.SmsMessage: java.lang.String getDisplayMessageBody(),0.07286126166582108,android.telephony.SmsMessage: java.lang.String getDisplayOriginatingAddress(),0.04696131497621536,android.telephony.SmsMessage: android.telephony.SmsMessage createFromPdu(byte[]),0.04046565666794777,gm.btovg.lo.lksy.SuovY$1: void run(),0.027201758697628975,java.io.DataOutputStream: void writeUTF(java.lang.String),0.025523323565721512,"pv.hzfg.utfn.ZZIyS: void <init>(android.os.Handler,android.content.Context)",0.004687882959842682,android.database.ContentObserver: void <init>(android.os.Handler),0.0029001908842474222,,,,,,,,,,,,,,,,,,,,,,
gen37_290372e3-95f4-43ea-b97c-d19b19ad2ef7_app-release,1,1,0.9986556768417358,xbp.jjfn.alo.XbR: java.lang.String getIMSI(android.content.Context),0.3014091,xbp.jjfn.alo.XbR: java.lang.String getIncomingSMS(android.content.Intent),0.1591622,"xbp.jjfn.alo.XbR: void sendTextMessage(java.lang.String,java.lang.String)",0.09395018,"xbp.jjfn.alo.XbR: void sendDataMessage(java.lang.String,java.lang.String)",0.0773172378540039,dummyMainClass: void dummyMainMethod(java.lang.String[]),0.06884865462779999,android.telephony.SmsMessage: java.lang.String getDisplayMessageBody(),0.045149702578783035,android.telephony.TelephonyManager: java.lang.String getSubscriberId(),0.04486178234219551,android.telephony.SmsManager: android.telephony.SmsManager getDefault(),0.03194260224699974,android.telephony.SmsMessage: java.lang.String getDisplayOriginatingAddress(),0.02910035476088524,android.telephony.SmsMessage: android.telephony.SmsMessage createFromPdu(byte[]),0.025075232610106468,"android.telephony.SmsManager: void sendTextMessage(java.lang.String,java.lang.String,java.lang.String,android.app.PendingIntent,android.app.PendingIntent)",0.02252747304737568,"android.telephony.SmsManager: void sendDataMessage(java.lang.String,java.lang.String,short,byte[],android.app.PendingIntent,android.app.PendingIntent)",0.018783044070005417,xbp.jjfn.alo.XbR$2: void run(),0.01685601845383644,java.io.DataOutputStream: void writeUTF(java.lang.String),0.015815958380699158,xbp.jjfn.alo.XbR$1: void run(),0.015793371945619583,java.io.OutputStream: void write(byte[]),0.008614589460194111,xbp.jjfn.alo.XbR: java.lang.String getSdk(),0.007425705436617136,java.net.URL: java.net.URLConnection openConnection(),0.007372953929007053,android.os.Build$VERSION: void <clinit>(),0.0052917711436748505,"grp.fj.jy.OJik: void <init>(android.os.Handler,android.content.Context)",0.002904928056523204,android.database.ContentObserver: void <init>(android.os.Handler),0.00179715093690902,,
gen15_923e2966-8a0d-4be0-bbbe-ae28dcf61513_app-release,1,1,0.9999643564224243,yok.K: java.lang.String getPhoneNumber(android.content.Context),0.6380667,dummyMainClass: void dummyMainMethod(java.lang.String[]),0.20958038,android.telephony.TelephonyManager: java.lang.String getLine1Number(),0.13803947,"giug.na.TZvVh: void <init>(android.os.Handler,android.content.Context)",0.00884280540049076,android.database.ContentObserver: void <init>(android.os.Handler),0.005470661912113428,,,,,,,,,,,,,,,,,,,,,,,,,,,,,,,,,,
gen20_fd3f6533-7a96-469f-b3f2-8feac6994ed4_app-release,1,1,0.9998192191123962,cy.kj.tocm.fz.V: java.lang.String getPhoneNumber(android.content.Context),0.47457573,"cy.kj.tocm.fz.V: void sendMultipartTextMessage(java.lang.String,java.lang.String)",0.16375676,dummyMainClass: void dummyMainMethod(java.lang.String[]),0.15587988,android.telephony.TelephonyManager: java.lang.String getLine1Number(),0.10266980528831482,android.telephony.SmsManager: android.telephony.SmsManager getDefault(),0.06557057797908783,"android.telephony.SmsManager: void sendMultipartTextMessage(java.lang.String,java.lang.String,java.util.ArrayList,java.util.ArrayList,java.util.ArrayList)",0.026901336386799812,"nttic.CK: void <init>(android.os.Handler,android.content.Context)",0.006577025167644024,android.database.ContentObserver: void <init>(android.os.Handler),0.004068921320140362,,,,,,,,,,,,,,,,,,,,,,,,,,,,
gen31_c93bc56c-9fca-4311-97c8-2ef4b2a72ecf_app-release,1,1,0.9999923706054688,pne.ir.vnx.IlbJ: java.lang.String getIMSI(android.content.Context),0.70260674,dummyMainClass: void dummyMainMethod(java.lang.String[]),0.16049115,android.telephony.TelephonyManager: java.lang.String getSubscriberId(),0.10457606,pne.ir.vnx.IlbJ$1: void run(),0.024388274177908897,java.net.URL: java.net.URLConnection openConnection(),0.007937836460769176,,,,,,,,,,,,,,,,,,,,,,,,,,,,,,,,,,
gen4_30b7c102-5357-4437-a778-3bd7a51d0e4b_app-release,1,1,0.9999984502792358,dummyMainClass: void dummyMainMethod(java.lang.String[]),0.72412854,s.i.PF: void onCreate(android.os.Bundle),0.16679862,"android.telephony.TelephonyManager: void listen(android.telephony.PhoneStateListener,int)",0.046059553,android.database.ContentObserver: void <init>(android.os.Handler),0.018390454351902008,android.telephony.PhoneStateListener: void <init>(),0.018288854509592056,vhzy.p.Az: void <init>(android.content.Context),0.016618460416793823,"etlq.n.sr.RKdvB: void <init>(android.os.Handler,android.content.Context)",0.00971545372158289,,,,,,,,,,,,,,,,,,,,,,,,,,,,,,
gen53_682c90d8-6dc6-45c9-afa0-da24459eb902_app-release,1,1,0.9993846416473389,krf.pjfsl.mvv.mdv.Xd: java.lang.String getIMSI(android.content.Context),0.3715072,krf.pjfsl.mvv.mdv.Xd: java.lang.String getIncomingSMS(android.content.Intent),0.19617817,"krf.pjfsl.mvv.mdv.Xd: void sendDataMessage(java.lang.String,java.lang.String)",0.09529869,dummyMainClass: void dummyMainMethod(java.lang.String[]),0.08486058562994003,android.telephony.SmsMessage: java.lang.String getDisplayMessageBody(),0.055650025606155396,android.telephony.TelephonyManager: java.lang.String getSubscriberId(),0.05529516935348511,android.telephony.SmsMessage: java.lang.String getDisplayOriginatingAddress(),0.035868141800165176,android.telephony.SmsManager: android.telephony.SmsManager getDefault(),0.033914998173713684,android.telephony.SmsMessage: android.telephony.SmsMessage createFromPdu(byte[]),0.030906885862350464,"android.telephony.SmsManager: void sendDataMessage(java.lang.String,java.lang.String,short,byte[],android.app.PendingIntent,android.app.PendingIntent)",0.022873884066939354,krf.pjfsl.mvv.mdv.Xd$1: void run(),0.0128954341635108,java.net.URL: java.net.URLConnection openConnection(),0.004750833380967379,,,,,,,,,,,,,,,,,,,,
gen33_885eeb01-bcb3-4127-ae80-b44a58289ed6_app-release,1,1,0.9999849796295166,ccljt.Ibz: java.lang.String getIMSI(android.content.Context),0.52390206,"ccljt.Ibz: void sendTextMessage(java.lang.String,java.lang.String)",0.14614715,dummyMainClass: void dummyMainMethod(java.lang.String[]),0.119670995,android.telephony.TelephonyManager: java.lang.String getSubscriberId(),0.07797763496637344,android.telephony.SmsManager: android.telephony.SmsManager getDefault(),0.049064308404922485,"android.telephony.SmsManager: void sendTextMessage(java.lang.String,java.lang.String,java.lang.String,android.app.PendingIntent,android.app.PendingIntent)",0.037646763026714325,emgnb.hfnlj.xsx.Um: void onCreate(android.os.Bundle),0.027565492317080498,"android.telephony.TelephonyManager: void listen(android.telephony.PhoneStateListener,int)",0.007611897774040699,android.database.ContentObserver: void <init>(android.os.Handler),0.0030392457265406847,android.telephony.PhoneStateListener: void <init>(),0.003022455144673586,crpk.tr.X: void <init>(android.content.Context),0.0027464013546705246,"p.w.aygr.l.LSqtE: void <init>(android.os.Handler,android.content.Context)",0.0016055966261774302,,,,,,,,,,,,,,,,,,,,
gen28_7165ca0b-ce5d-4dc7-8000-56d4d0ccdf9c_app-release,1,1,0.9999921321868896,fnnlr.gf.chg.ii.LX: java.lang.String getIMSI(android.content.Context),0.57838625,dummyMainClass: void dummyMainMethod(java.lang.String[]),0.13211642,"fnnlr.gf.chg.ii.LX: void sendMultipartTextMessage(java.lang.String,java.lang.String)",0.11775295,android.telephony.TelephonyManager: java.lang.String getSubscriberId(),0.08608707040548325,android.telephony.SmsManager: android.telephony.SmsManager getDefault(),0.05440845713019371,"android.telephony.SmsManager: void sendMultipartTextMessage(java.lang.String,java.lang.String,java.util.ArrayList,java.util.ArrayList,java.util.ArrayList)",0.022225890308618546,"mn.AqP: void <init>(android.os.Handler,android.content.Context)",0.005574374925345182,android.database.ContentObserver: void <init>(android.os.Handler),0.0034486250951886177,,,,,,,,,,,,,,,,,,,,,,,,,,,,
gen38_bbf58833-134f-4d48-ae6e-a965c8cd630b_app-release,1,1,0.9997972846031189,yjlqg.vgcw.x.gs.Qkp: java.lang.String getIMSI(android.content.Context),0.4239342,yjlqg.vgcw.x.gs.Qkp: java.lang.String getIncomingSMS(android.content.Intent),0.22386277,dummyMainClass: void dummyMainMethod(java.lang.String[]),0.09683609,android.telephony.SmsMessage: java.lang.String getDisplayMessageBody(),0.06350333988666534,android.telephony.TelephonyManager: java.lang.String getSubscriberId(),0.06309840828180313,android.telephony.SmsMessage: java.lang.String getDisplayOriginatingAddress(),0.040929846465587616,android.telephony.SmsMessage: android.telephony.SmsMessage createFromPdu(byte[]),0.03526845574378967,yjlqg.vgcw.x.gs.Qkp$1: void run(),0.023708106949925423,java.io.DataOutputStream: void writeUTF(java.lang.String),0.022245239466428757,"awp.e.was.QikI: void <init>(android.os.Handler,android.content.Context)",0.00408579595386982,android.database.ContentObserver: void <init>(android.os.Handler),0.002527705393731594,,,,,,,,,,,,,,,,,,,,,,
gen100_4a96f423-72e0-49f5-b128-be251ccf4c88_app-release,1,1,0.9999758005142212,opz.qudsq.wyuca.MWd: java.lang.String getIMEI(android.content.Context),0.603176,dummyMainClass: void dummyMainMethod(java.lang.String[]),0.18840314,android.telephony.TelephonyManager: java.lang.String getDeviceId(),0.10614745,opz.qudsq.wyuca.MWd$1: void run(),0.04612620919942856,java.io.DataOutputStream: void writeUTF(java.lang.String),0.04328007623553276,"punbv.ac.xu.lwbx.IdwGB: void <init>(android.os.Handler,android.content.Context)",0.007949274964630604,android.database.ContentObserver: void <init>(android.os.Handler),0.004917873069643974,,,,,,,,,,,,,,,,,,,,,,,,,,,,,,
gen47_e00511e9-3f77-4473-becc-12a3be618097_app-release,1,1,0.9991173148155212,"mrp.bisbt.Ijgf: void sendDataMessage(java.lang.String,java.lang.String)",0.40083128,dummyMainClass: void dummyMainMethod(java.lang.String[]),0.2454177,android.telephony.SmsManager: android.telephony.SmsManager getDefault(),0.10533975,"android.telephony.SmsManager: void sendDataMessage(java.lang.String,java.lang.String,short,byte[],android.app.PendingIntent,android.app.PendingIntent)",0.06985513865947723,mrp.bisbt.Ijgf$1: void run(),0.06008492410182953,java.io.DataOutputStream: void writeUTF(java.lang.String),0.05637749284505844,mrp.bisbt.Ijgf: java.lang.String getSdk(),0.026469659060239792,android.os.Build$VERSION: void <clinit>(),0.018863042816519737,"czevo.di.ao.Nmz: void <init>(android.os.Handler,android.content.Context)",0.010354884900152683,android.database.ContentObserver: void <init>(android.os.Handler),0.006406120490282774,,,,,,,,,,,,,,,,,,,,,,,,
gen14_c892c7de-095f-48d7-ab37-3bd09e08a10e_app-release,1,1,0.9999984502792358,dummyMainClass: void dummyMainMethod(java.lang.String[]),0.72412854,chwj.gi.xkkd.D: void onCreate(android.os.Bundle),0.16679862,"android.telephony.TelephonyManager: void listen(android.telephony.PhoneStateListener,int)",0.046059553,android.database.ContentObserver: void <init>(android.os.Handler),0.018390454351902008,android.telephony.PhoneStateListener: void <init>(),0.018288854509592056,xmp.daj.cv.rra.C: void <init>(android.content.Context),0.016618460416793823,"l.l.bxiz.lzhxm.Ye: void <init>(android.os.Handler,android.content.Context)",0.00971545372158289,,,,,,,,,,,,,,,,,,,,,,,,,,,,,,
gen0_5919a740-9255-49b9-972c-b293dd8360b9_app-release,1,1,0.999990701675415,w.h.bv.C: java.lang.String getIMSI(android.content.Context),0.55292475,dummyMainClass: void dummyMainMethod(java.lang.String[]),0.12630042,"w.h.bv.C: void sendMultipartTextMessage(java.lang.String,java.lang.String)",0.112569265,android.telephony.TelephonyManager: java.lang.String getSubscriberId(),0.08229736983776093,android.telephony.SmsManager: android.telephony.SmsManager getDefault(),0.05201330408453941,w.h.bv.C$1: void run(),0.030921777710318565,"android.telephony.SmsManager: void sendMultipartTextMessage(java.lang.String,java.lang.String,java.util.ArrayList,java.util.ArrayList,java.util.ArrayList)",0.021247468888759613,java.io.DataOutputStream: void writeUTF(java.lang.String),0.013099899515509605,"iwxc.kih.clso.j.W: void <init>(android.os.Handler,android.content.Context)",0.005328981671482325,android.database.ContentObserver: void <init>(android.os.Handler),0.0032968109007924795,,,,,,,,,,,,,,,,,,,,,,,,
gen48_608875ce-0a77-436d-a4e7-2639d95be39d_app-release,1,1,0.9999923706054688,h.alqax.nt.IPACh: java.lang.String getIMSI(android.content.Context),0.56339383,dummyMainClass: void dummyMainMethod(java.lang.String[]),0.1286918,"h.alqax.nt.IPACh: void sendMultipartTextMessage(java.lang.String,java.lang.String)",0.11470066,android.telephony.TelephonyManager: java.lang.String getSubscriberId(),0.08385559171438217,android.telephony.SmsManager: android.telephony.SmsManager getDefault(),0.0529981292784214,"android.telephony.SmsManager: void sendMultipartTextMessage(java.lang.String,java.lang.String,java.util.ArrayList,java.util.ArrayList,java.util.ArrayList)",0.021649785339832306,h.alqax.nt.IPACh$1: void run(),0.019556036219000816,java.net.URL: java.net.URLConnection openConnection(),0.006365051493048668,"j.Qd: void <init>(android.os.Handler,android.content.Context)",0.005429880693554878,android.database.ContentObserver: void <init>(android.os.Handler),0.003359232796356082,,,,,,,,,,,,,,,,,,,,,,,,
gen56_81d64827-d7ee-4314-a64e-a584ba90c6c7_app-release,1,1,0.9995338916778564,dummyMainClass: void dummyMainMethod(java.lang.String[]),0.43091252,java.io.OutputStream: void write(byte[]),0.121494144,nqr.qfwiu.Smh: void onCreate(android.os.Bundle),0.09925809,gk.ja.d.N$1: void run(),0.09884809702634811,gk.ja.d.N$2: void run(),0.06548155844211578,gk.ja.d.N: java.lang.String getSdk(),0.04647630453109741,java.net.URL: java.net.URLConnection openConnection(),0.03950212523341179,android.os.Build$VERSION: void <clinit>(),0.03312035650014877,"android.telephony.TelephonyManager: void listen(android.telephony.PhoneStateListener,int)",0.02740899845957756,android.database.ContentObserver: void <init>(android.os.Handler),0.010943744331598282,android.telephony.PhoneStateListener: void <init>(),0.01088328380137682,adi.ufx.h.qx.IWy: void <init>(android.content.Context),0.009889270178973675,"t.dksi.BQ: void <init>(android.os.Handler,android.content.Context)",0.00578144658356905,,,,,,,,,,,,,,,,,,
gen54_68c2725e-417b-4178-8b4a-07e10cd36931_app-release,1,1,0.9999878406524658,yop.Lh: java.lang.String getIMEI(android.content.Context),0.62687826,dummyMainClass: void dummyMainMethod(java.lang.String[]),0.1958066,android.telephony.TelephonyManager: java.lang.String getDeviceId(),0.1103186,unt.unk.zugw.pfg.F: void onCreate(android.os.Bundle),0.04510286822915077,"android.telephony.TelephonyManager: void listen(android.telephony.PhoneStateListener,int)",0.012454644776880741,android.telephony.PhoneStateListener: void <init>(),0.004945363849401474,txjk.zhutv.s.JaOP: void <init>(android.content.Context),0.004493682645261288,,,,,,,,,,,,,,,,,,,,,,,,,,,,,,
gen3_ffeb582c-deb1-485b-8a83-cd43aa2e14ab_app-release,1,1,0.999985933303833,cpc.CvUB: java.lang.String getIMSI(android.content.Context),0.5442675,"cpc.CvUB: void sendTextMessage(java.lang.String,java.lang.String)",0.15182827,dummyMainClass: void dummyMainMethod(java.lang.String[]),0.12432292,android.telephony.TelephonyManager: java.lang.String getSubscriberId(),0.08100882917642593,android.telephony.SmsManager: android.telephony.SmsManager getDefault(),0.050971563905477524,"android.telephony.SmsManager: void sendTextMessage(java.lang.String,java.lang.String,java.lang.String,android.app.PendingIntent,android.app.PendingIntent)",0.03911016881465912,"iurak.Eg: void <init>(android.os.Handler,android.content.Context)",0.005245544482022524,android.database.ContentObserver: void <init>(android.os.Handler),0.003245192114263773,,,,,,,,,,,,,,,,,,,,,,,,,,,,
gen100_b7435e28-a53e-4184-8b51-4e628e936735_app-release,1,1,0.9999995231628418,t.AuB: java.lang.String getIMSI(android.content.Context),0.6829273,dummyMainClass: void dummyMainMethod(java.lang.String[]),0.15599594,android.telephony.TelephonyManager: java.lang.String getSubscriberId(),0.10164697,gqq.t.ovm.btn.QAJ: void onCreate(android.os.Bundle),0.03593272343277931,"android.telephony.TelephonyManager: void listen(android.telephony.PhoneStateListener,int)",0.00992241408675909,android.database.ContentObserver: void <init>(android.os.Handler),0.003961778711527586,android.telephony.PhoneStateListener: void <init>(),0.00393989123404026,pu.lmmsv.CetmD: void <init>(android.content.Context),0.0035800442565232515,"tfkd.o.fp.zcagc.L: void <init>(android.os.Handler,android.content.Context)",0.0020929595921188593,,,,,,,,,,,,,,,,,,,,,,,,,,
gen17_74cd3471-dacb-48c8-ba63-a9c61bcb0fd6_app-release,1,1,0.9995693564414978,pk.jjpvu.aqv.fyrvt.HukCW: java.lang.String getIMSI(android.content.Context),0.34926254,pk.jjpvu.aqv.fyrvt.HukCW: java.lang.String getIncomingSMS(android.content.Intent),0.18443172,"pk.jjpvu.aqv.fyrvt.HukCW: void sendDataMessage(java.lang.String,java.lang.String)",0.08959257,dummyMainClass: void dummyMainMethod(java.lang.String[]),0.07977946847677231,android.telephony.SmsMessage: java.lang.String getDisplayMessageBody(),0.05231793224811554,android.telephony.TelephonyManager: java.lang.String getSubscriberId(),0.05198429897427559,android.telephony.SmsMessage: java.lang.String getDisplayOriginatingAddress(),0.03372049704194069,android.telephony.SmsManager: android.telephony.SmsManager getDefault(),0.031884294003248215,android.telephony.SmsMessage: android.telephony.SmsMessage createFromPdu(byte[]),0.02905632182955742,"android.telephony.SmsManager: void sendDataMessage(java.lang.String,java.lang.String,short,byte[],android.app.PendingIntent,android.app.PendingIntent)",0.021504295989871025,xq.eqxg.qzisr.DZ: void onCreate(android.os.Bundle),0.018376730382442474,pk.jjpvu.aqv.fyrvt.HukCW$2: void run(),0.018300818279385567,pk.jjpvu.aqv.fyrvt.HukCW$1: void run(),0.012123309075832367,java.io.OutputStream: void write(byte[]),0.009982291609048843,java.net.URL: java.net.URLConnection openConnection(),0.005665993317961693,"android.telephony.TelephonyManager: void listen(android.telephony.PhoneStateListener,int)",0.00507452804595232,android.database.ContentObserver: void <init>(android.os.Handler),0.0020261339377611876,android.telephony.PhoneStateListener: void <init>(),0.0020149382762610912,crhjg.wiscl.lwrkp.Qpyqj: void <init>(android.content.Context),0.0018309071892872453,"quy.KZ: void <init>(android.os.Handler,android.content.Context)",0.0010703828884288669,,,,
gen6_24066201-9055-4e37-91e7-adab84be6a41_app-release,1,1,0.9999812841415405,hdl.spqy.bqag.kkch.LkR: java.lang.String getIMSI(android.content.Context),0.54426754,"hdl.spqy.bqag.kkch.LkR: void sendTextMessage(java.lang.String,java.lang.String)",0.15182829,dummyMainClass: void dummyMainMethod(java.lang.String[]),0.124322936,android.telephony.TelephonyManager: java.lang.String getSubscriberId(),0.08100883662700653,android.telephony.SmsManager: android.telephony.SmsManager getDefault(),0.05097157135605812,"android.telephony.SmsManager: void sendTextMessage(java.lang.String,java.lang.String,java.lang.String,android.app.PendingIntent,android.app.PendingIntent)",0.03911015763878822,"hl.ju.qi.HtRZ: void <init>(android.os.Handler,android.content.Context)",0.0052455454133450985,android.database.ContentObserver: void <init>(android.os.Handler),0.0032451923470944166,,,,,,,,,,,,,,,,,,,,,,,,,,,,
gen37_d6e5daac-26c9-4647-ac93-9c48184cd52f_app-release,1,1,0.9997733235359192,dummyMainClass: void dummyMainMethod(java.lang.String[]),0.45738783,java.io.OutputStream: void write(byte[]),0.12559286,pzw.N: void onCreate(android.os.Bundle),0.105356514,xln.i.Ae$1: void run(),0.0695047527551651,xln.i.Ae: java.lang.String getSdk(),0.04933181032538414,java.net.URL: java.net.URLConnection openConnection(),0.041083816438913345,pzw.N$1: void run(),0.03443867713212967,android.os.Build$VERSION: void <clinit>(),0.03250786289572716,"android.telephony.TelephonyManager: void listen(android.telephony.PhoneStateListener,int)",0.02909301035106182,pzw.N: java.lang.String getSdk(),0.01590123400092125,android.database.ContentObserver: void <init>(android.os.Handler),0.011616128496825695,android.telephony.PhoneStateListener: void <init>(),0.011551952920854092,nwplh.s.L: void <init>(android.content.Context),0.010496866889297962,"gupgz.ub.huhuh.RuDZ: void <init>(android.os.Handler,android.content.Context)",0.006136659067124128,,,,,,,,,,,,,,,,
gen28_8db4daaa-01ab-48f9-9539-02ba35beff9b_app-release,1,1,0.9899342656135559,"f.re.PGl: void sendDataMessage(java.lang.String,java.lang.String)",0.46243897,dummyMainClass: void dummyMainMethod(java.lang.String[]),0.28313836,android.telephony.SmsManager: android.telephony.SmsManager getDefault(),0.12153046,"android.telephony.SmsManager: void sendDataMessage(java.lang.String,java.lang.String,short,byte[],android.app.PendingIntent,android.app.PendingIntent)",0.08059187233448029,f.re.PGl: java.lang.String getSdk(),0.03053804114460945,android.os.Build$VERSION: void <clinit>(),0.021762289106845856,,,,,,,,,,,,,,,,,,,,,,,,,,,,,,,,
gen17_9ffcd021-74ab-4ab5-b398-5296d3539913_app-release,1,1,0.9999963045120239,dummyMainClass: void dummyMainMethod(java.lang.String[]),0.6386974,yjeaj.Yx: void onCreate(android.os.Bundle),0.14712007,azm.yhbtq.o.Eylx: java.lang.String getSdk(),0.06888705,android.os.Build$VERSION: void <clinit>(),0.049090903252363205,"android.telephony.TelephonyManager: void listen(android.telephony.PhoneStateListener,int)",0.040625542402267456,android.database.ContentObserver: void <init>(android.os.Handler),0.016220787540078163,android.telephony.PhoneStateListener: void <init>(),0.016131173819303513,aobc.vec.Uu: void <init>(android.content.Context),0.01465784851461649,"epyg.BFG: void <init>(android.os.Handler,android.content.Context)",0.008569244295358658,,,,,,,,,,,,,,,,,,,,,,,,,,
gen104_4a850b37-716f-4eab-9825-08883edb6ca2_app-release,1,1,0.928896427154541,"jv.kytm.Uch: void sendMultipartTextMessage(java.lang.String,java.lang.String)",0.41948897,dummyMainClass: void dummyMainMethod(java.lang.String[]),0.32461354,android.telephony.SmsManager: android.telephony.SmsManager getDefault(),0.14142278,"android.telephony.SmsManager: void sendMultipartTextMessage(java.lang.String,java.lang.String,java.util.ArrayList,java.util.ArrayList,java.util.ArrayList)",0.05451329052448273,jv.kytm.Uch: java.lang.String getSdk(),0.035011373460292816,android.os.Build$VERSION: void <clinit>(),0.024950113147497177,,,,,,,,,,,,,,,,,,,,,,,,,,,,,,,,
gen49_e43f2357-292c-4257-8aba-6189048cbbeb_app-release,1,1,0.9996448755264282,wn.bd.UPJ: java.lang.String getIMSI(android.content.Context),0.4384863,wn.bd.UPJ: java.lang.String getIncomingSMS(android.content.Intent),0.23154718,dummyMainClass: void dummyMainMethod(java.lang.String[]),0.10016012,android.telephony.SmsMessage: java.lang.String getDisplayMessageBody(),0.06568317860364914,android.telephony.TelephonyManager: java.lang.String getSubscriberId(),0.06526434421539307,android.telephony.SmsMessage: java.lang.String getDisplayOriginatingAddress(),0.042334817349910736,android.telephony.SmsMessage: android.telephony.SmsMessage createFromPdu(byte[]),0.03647909313440323,wn.bd.UPJ$1: void run(),0.015220355242490768,java.net.URL: java.net.URLConnection openConnection(),0.004824527073651552,,,,,,,,,,,,,,,,,,,,,,,,,,
gen11_069182e7-770d-4bcb-a70b-1409c65de675_app-release,1,1,0.9973956346511841,ro.okmv.vonhn.LXeX: java.lang.String getIMEI(android.content.Context),0.30108982,ro.okmv.vonhn.LXeX: java.lang.String getIncomingSMS(android.content.Intent),0.21741262,"ro.okmv.vonhn.LXeX: void sendDataMessage(java.lang.String,java.lang.String)",0.11152184,dummyMainClass: void dummyMainMethod(java.lang.String[]),0.0940459594130516,android.telephony.SmsMessage: java.lang.String getDisplayMessageBody(),0.06167362257838249,android.telephony.TelephonyManager: java.lang.String getDeviceId(),0.05298605561256409,android.telephony.SmsMessage: java.lang.String getDisplayOriginatingAddress(),0.039750535041093826,android.telephony.SmsManager: android.telephony.SmsManager getDefault(),0.03788447752594948,android.telephony.SmsMessage: android.telephony.SmsMessage createFromPdu(byte[]),0.03425227105617523,"android.telephony.SmsManager: void sendDataMessage(java.lang.String,java.lang.String,short,byte[],android.app.PendingIntent,android.app.PendingIntent)",0.025587964802980423,ro.okmv.vonhn.LXeX: java.lang.String getSdk(),0.01014337781816721,android.os.Build$VERSION: void <clinit>(),0.007228463888168335,"v.Q: void <init>(android.os.Handler,android.content.Context)",0.00396807212382555,android.database.ContentObserver: void <init>(android.os.Handler),0.0024548748042434454,,,,,,,,,,,,,,,,
gen102_6dbdad7d-62c0-4c81-bc7c-67276a362294_app-release,1,1,0.9999914169311523,hex.DeUoe: java.lang.String getIMSI(android.content.Context),0.5247109,dummyMainClass: void dummyMainMethod(java.lang.String[]),0.11985576,"hex.DeUoe: void sendMultipartTextMessage(java.lang.String,java.lang.String)",0.10682525,android.telephony.TelephonyManager: java.lang.String getSubscriberId(),0.07809802144765854,android.telephony.SmsManager: android.telephony.SmsManager getDefault(),0.04935924708843231,pddc.T: void onCreate(android.os.Bundle),0.027608050033450127,hex.DeUoe$2: void run(),0.02749401144683361,"android.telephony.SmsManager: void sendMultipartTextMessage(java.lang.String,java.lang.String,java.util.ArrayList,java.util.ArrayList,java.util.ArrayList)",0.02016330137848854,java.io.OutputStream: void write(byte[]),0.014996768906712532,java.net.URL: java.net.URLConnection openConnection(),0.012835259549319744,"android.telephony.TelephonyManager: void listen(android.telephony.PhoneStateListener,int)",0.007623650133609772,android.database.ContentObserver: void <init>(android.os.Handler),0.003043937962502241,android.telephony.PhoneStateListener: void <init>(),0.0030271215364336967,ybfwr.zhrfw.vnmn.zc.DOyAy: void <init>(android.content.Context),0.002750641666352749,"vc.kv.IRYn: void <init>(android.os.Handler,android.content.Context)",0.001608075574040413,,,,,,,,,,,,,,
gen16_c0b57784-c802-470b-be80-70f65b5c4e54_app-release,1,1,0.9999376535415649,qn.ts.FzF: java.lang.String getIMSI(android.content.Context),0.44335517,"qn.ts.FzF: void sendTextMessage(java.lang.String,java.lang.String)",0.12367788,"qn.ts.FzF: void sendDataMessage(java.lang.String,java.lang.String)",0.118806995,dummyMainClass: void dummyMainMethod(java.lang.String[]),0.10127227753400803,android.telephony.TelephonyManager: java.lang.String getSubscriberId(),0.06598902493715286,android.telephony.SmsManager: android.telephony.SmsManager getDefault(),0.046756938099861145,"android.telephony.SmsManager: void sendTextMessage(java.lang.String,java.lang.String,java.lang.String,android.app.PendingIntent,android.app.PendingIntent)",0.03222149237990379,"android.telephony.SmsManager: void sendDataMessage(java.lang.String,java.lang.String,short,byte[],android.app.PendingIntent,android.app.PendingIntent)",0.02933846041560173,ax.adef.DP: void onCreate(android.os.Bundle),0.023327458649873734,"android.telephony.TelephonyManager: void listen(android.telephony.PhoneStateListener,int)",0.00644161319360137,android.database.ContentObserver: void <init>(android.os.Handler),0.0025719793047755957,android.telephony.PhoneStateListener: void <init>(),0.002557770349085331,l.s.HT: void <init>(android.content.Context),0.0023241580929607153,"avep.txz.TTIl: void <init>(android.os.Handler,android.content.Context)",0.0013587455032393336,,,,,,,,,,,,,,,,
gen37_a4be46be-d068-4b78-b5d5-b87a526a3522_app-release,1,1,0.9999926090240479,xbb.eg.U: java.lang.String getIMSI(android.content.Context),0.5451405,dummyMainClass: void dummyMainMethod(java.lang.String[]),0.124522336,"xbb.eg.U: void sendMultipartTextMessage(java.lang.String,java.lang.String)",0.11098448,android.telephony.TelephonyManager: java.lang.String getSubscriberId(),0.08113876730203629,android.telephony.SmsManager: android.telephony.SmsManager getDefault(),0.051281049847602844,xbb.eg.U$1: void run(),0.028564490377902985,"android.telephony.SmsManager: void sendMultipartTextMessage(java.lang.String,java.lang.String,java.util.ArrayList,java.util.ArrayList,java.util.ArrayList)",0.02094835788011551,java.io.OutputStream: void write(byte[]),0.015580667182803154,java.net.URL: java.net.URLConnection openConnection(),0.013334999792277813,"gzwdt.VO: void <init>(android.os.Handler,android.content.Context)",0.005253958981484175,android.database.ContentObserver: void <init>(android.os.Handler),0.0032503975089639425,,,,,,,,,,,,,,,,,,,,,,
gen57_ce0d6d82-82c0-4328-a102-588bce461911_app-release,1,1,0.9999867677688599,bz.zvtbl.ugp.gnqoj.EQV: java.lang.String getIMSI(android.content.Context),0.52896196,"bz.zvtbl.ugp.gnqoj.EQV: void sendDataMessage(java.lang.String,java.lang.String)",0.14174727,dummyMainClass: void dummyMainMethod(java.lang.String[]),0.120826796,android.telephony.TelephonyManager: java.lang.String getSubscriberId(),0.0787307545542717,android.telephony.SmsManager: android.telephony.SmsManager getDefault(),0.049089789390563965,"android.telephony.SmsManager: void sendDataMessage(java.lang.String,java.lang.String,short,byte[],android.app.PendingIntent,android.app.PendingIntent)",0.034612011164426804,lxyeo.ricik.yrfg.yavtw.VXYf: void onCreate(android.os.Bundle),0.027831723913550377,"android.telephony.TelephonyManager: void listen(android.telephony.PhoneStateListener,int)",0.007685414515435696,android.database.ContentObserver: void <init>(android.os.Handler),0.0030685991514474154,android.telephony.PhoneStateListener: void <init>(),0.00305164628662169,olpti.GRPyQ: void <init>(android.content.Context),0.0027729265857487917,"b.TO: void <init>(android.os.Handler,android.content.Context)",0.001621103729121387,,,,,,,,,,,,,,,,,,,,
gen51_adf7c816-a94e-4032-8f30-159b168002c3_app-release,1,1,0.999982476234436,v.ewosn.nijk.ICxa: java.lang.String getIMSI(android.content.Context),0.5497305,"v.ewosn.nijk.ICxa: void sendDataMessage(java.lang.String,java.lang.String)",0.14731266,dummyMainClass: void dummyMainMethod(java.lang.String[]),0.12557079,android.telephony.TelephonyManager: java.lang.String getSubscriberId(),0.08182194083929062,android.telephony.SmsManager: android.telephony.SmsManager getDefault(),0.051017191261053085,"android.telephony.SmsManager: void sendDataMessage(java.lang.String,java.lang.String,short,byte[],android.app.PendingIntent,android.app.PendingIntent)",0.035970982164144516,"azp.mjlpf.b.Kn: void <init>(android.os.Handler,android.content.Context)",0.005298196338117123,android.database.ContentObserver: void <init>(android.os.Handler),0.0032777651213109493,,,,,,,,,,,,,,,,,,,,,,,,,,,,
gen39_20760e96-d513-4008-a3ea-1c0d1b1bd17e_app-release,1,1,0.9999969005584717,sigpg.HBJ: java.lang.String getIMSI(android.content.Context),0.7179458,dummyMainClass: void dummyMainMethod(java.lang.String[]),0.16399495,android.telephony.TelephonyManager: java.lang.String getSubscriberId(),0.106859125,"t.c.wtnhj.GKN: void <init>(android.os.Handler,android.content.Context)",0.006919422652572393,android.database.ContentObserver: void <init>(android.os.Handler),0.004280748311430216,,,,,,,,,,,,,,,,,,,,,,,,,,,,,,,,,,
gen49_1db147d4-7022-4b84-bb5d-0a3c701f356f_app-release,1,1,0.9999878406524658,qjrm.w.sipgk.q.Ag: java.lang.String getIMSI(android.content.Context),0.5497305,"qjrm.w.sipgk.q.Ag: void sendDataMessage(java.lang.String,java.lang.String)",0.14731266,dummyMainClass: void dummyMainMethod(java.lang.String[]),0.12557079,android.telephony.TelephonyManager: java.lang.String getSubscriberId(),0.08182194083929062,android.telephony.SmsManager: android.telephony.SmsManager getDefault(),0.051017191261053085,"android.telephony.SmsManager: void sendDataMessage(java.lang.String,java.lang.String,short,byte[],android.app.PendingIntent,android.app.PendingIntent)",0.03597097471356392,"mncs.iygc.P: void <init>(android.os.Handler,android.content.Context)",0.005298196338117123,android.database.ContentObserver: void <init>(android.os.Handler),0.0032777651213109493,,,,,,,,,,,,,,,,,,,,,,,,,,,,
gen47_091b75b6-c193-4138-883b-7c5472b42ab2_app-release,1,1,0.999911904335022,svlnv.z.vcd.vas.HxKk: java.lang.String getIMSI(android.content.Context),0.42554307,svlnv.z.vcd.vas.HxKk: java.lang.String getIncomingSMS(android.content.Intent),0.22471236,dummyMainClass: void dummyMainMethod(java.lang.String[]),0.0972036,android.telephony.SmsMessage: java.lang.String getDisplayMessageBody(),0.06374434381723404,android.telephony.TelephonyManager: java.lang.String getSubscriberId(),0.06333786994218826,android.telephony.SmsMessage: java.lang.String getDisplayOriginatingAddress(),0.04108517989516258,android.telephony.SmsMessage: android.telephony.SmsMessage createFromPdu(byte[]),0.03540230542421341,svlnv.z.vcd.vas.HxKk$1: void run(),0.022297775372862816,java.net.URL: java.net.URLConnection openConnection(),0.010409456677734852,java.io.OutputStream: void write(byte[]),0.009625422768294811,"sxf.Q: void <init>(android.os.Handler,android.content.Context)",0.00410130200907588,android.database.ContentObserver: void <init>(android.os.Handler),0.002537298249080777,,,,,,,,,,,,,,,,,,,,
gen53_f289d8ce-75e2-40d2-9d65-875af0ec20d4_app-release,1,1,0.9999934434890747,dummyMainClass: void dummyMainMethod(java.lang.String[]),0.67611444,dq.j.r.ZVoo$1: void run(),0.10274249,dq.j.r.ZVoo: java.lang.String getSdk(),0.072922684,android.os.Build$VERSION: void <clinit>(),0.05196681246161461,java.net.URL: java.net.URLConnection openConnection(),0.05007779598236084,"b.yyt.tsb.r.Xj: void <init>(android.os.Handler,android.content.Context)",0.028527237474918365,android.database.ContentObserver: void <init>(android.os.Handler),0.017648564651608467,,,,,,,,,,,,,,,,,,,,,,,,,,,,,,
gen102_bf62b08e-059c-4ed1-a52f-685b38f61668_app-release,1,1,0.9994924068450928,"ditzg.gdh.D: void sendDataMessage(java.lang.String,java.lang.String)",0.4536664,dummyMainClass: void dummyMainMethod(java.lang.String[]),0.27776715,android.telephony.SmsManager: android.telephony.SmsManager getDefault(),0.11922499,"android.telephony.SmsManager: void sendDataMessage(java.lang.String,java.lang.String,short,byte[],android.app.PendingIntent,android.app.PendingIntent)",0.07906302064657211,ditzg.gdh.D: java.lang.String getSdk(),0.029958724975585938,android.os.Build$VERSION: void <clinit>(),0.021349452435970306,"vtjh.L: void <init>(android.os.Handler,android.content.Context)",0.011719801463186741,android.database.ContentObserver: void <init>(android.os.Handler),0.0072505357675254345,,,,,,,,,,,,,,,,,,,,,,,,,,,,
gen58_23ffcd1b-0e04-44ce-a045-4c540670dca1_app-release,1,1,0.9998342990875244,vbzzr.wsih.ilpr.t.M: java.lang.String getIMSI(android.content.Context),0.4812441,"vbzzr.wsih.ilpr.t.M: void sendTextMessage(java.lang.String,java.lang.String)",0.13424733,dummyMainClass: void dummyMainMethod(java.lang.String[]),0.10992696,"vbzzr.wsih.ilpr.t.M: void sendMultipartTextMessage(java.lang.String,java.lang.String)",0.09797588735818863,android.telephony.TelephonyManager: java.lang.String getSubscriberId(),0.07162841409444809,android.telephony.SmsManager: android.telephony.SmsManager getDefault(),0.05128251016139984,"android.telephony.SmsManager: void sendTextMessage(java.lang.String,java.lang.String,java.lang.String,android.app.PendingIntent,android.app.PendingIntent)",0.03498787805438042,"android.telephony.SmsManager: void sendMultipartTextMessage(java.lang.String,java.lang.String,java.util.ArrayList,java.util.ArrayList,java.util.ArrayList)",0.018706923350691795,,,,,,,,,,,,,,,,,,,,,,,,,,,,
gen24_35a8bdd8-49f3-4124-9b26-d5b8b516351f_app-release,1,1,0.9978992938995361,vz.UeO: java.lang.String getIncomingSMS(android.content.Intent),0.32490668,"vz.UeO: void sendTextMessage(java.lang.String,java.lang.String)",0.19178554,dummyMainClass: void dummyMainMethod(java.lang.String[]),0.14054455,android.telephony.SmsMessage: java.lang.String getDisplayMessageBody(),0.09216655790805817,android.telephony.SmsMessage: java.lang.String getDisplayOriginatingAddress(),0.0594041608273983,android.telephony.SmsManager: android.telephony.SmsManager getDefault(),0.05895918980240822,android.telephony.SmsMessage: android.telephony.SmsMessage createFromPdu(byte[]),0.0511874221265316,"android.telephony.SmsManager: void sendTextMessage(java.lang.String,java.lang.String,java.lang.String,android.app.PendingIntent,android.app.PendingIntent)",0.045486390590667725,vz.UeO: java.lang.String getSdk(),0.015158509835600853,android.os.Build$VERSION: void <clinit>(),0.010802391916513443,"glen.IVt: void <init>(android.os.Handler,android.content.Context)",0.005929982289671898,android.database.ContentObserver: void <init>(android.os.Handler),0.0036686239764094353,,,,,,,,,,,,,,,,,,,,
gen55_41b591f4-4a15-4071-a160-a78ac8e290eb_app-release,1,1,0.9999889135360718,gct.KQQW: java.lang.String getIMEI(android.content.Context),0.58066887,dummyMainClass: void dummyMainMethod(java.lang.String[]),0.181373,android.telephony.TelephonyManager: java.lang.String getDeviceId(),0.10218663,gct.KQQW$1: void run(),0.04440503939986229,java.io.DataOutputStream: void writeUTF(java.lang.String),0.041665107011795044,gct.KQQW$2: void run(),0.027561480179429054,java.net.URL: java.net.URLConnection openConnection(),0.009752857498824596,"n.v.t.Fm: void <init>(android.os.Handler,android.content.Context)",0.007652653381228447,android.database.ContentObserver: void <init>(android.os.Handler),0.004734365735203028,,,,,,,,,,,,,,,,,,,,,,,,,,
gen38_0c26c479-b9f2-4212-8415-d7e47126214f_app-release,1,1,0.999998927116394,it.ZffX: java.lang.String getIMSI(android.content.Context),0.71794575,dummyMainClass: void dummyMainMethod(java.lang.String[]),0.16399494,android.telephony.TelephonyManager: java.lang.String getSubscriberId(),0.10685912,"lka.ZmKr: void <init>(android.os.Handler,android.content.Context)",0.006919422186911106,android.database.ContentObserver: void <init>(android.os.Handler),0.0042807478457689285,,,,,,,,,,,,,,,,,,,,,,,,,,,,,,,,,,
gen28_70e88402-048b-4942-9386-e7630a2ff0f1_app-release,1,1,0.9999994039535522,iyyzd.ZNo: java.lang.String getIMSI(android.content.Context),0.66212296,dummyMainClass: void dummyMainMethod(java.lang.String[]),0.15124376,android.telephony.TelephonyManager: java.lang.String getSubscriberId(),0.09855045,yng.jo.j.QGQ: void onCreate(android.os.Bundle),0.03483808785676956,iyyzd.ZNo$1: void run(),0.022983036935329437,"android.telephony.TelephonyManager: void listen(android.telephony.PhoneStateListener,int)",0.009620142169296741,java.net.URL: java.net.URLConnection openConnection(),0.00748046301305294,android.database.ContentObserver: void <init>(android.os.Handler),0.0038410888519138098,android.telephony.PhoneStateListener: void <init>(),0.0038198684342205524,qrww.iun.Akb: void <init>(android.content.Context),0.003470983589068055,"sr.r.pexh.HG: void <init>(android.os.Handler,android.content.Context)",0.0020292005501687527,,,,,,,,,,,,,,,,,,,,,,
gen48_df7f490b-8366-463b-8458-b7145e0bb999_app-release,1,1,0.9952351450920105,j.BSo: java.lang.String getIncomingSMS(android.content.Intent),0.27129242,"j.BSo: void sendTextMessage(java.lang.String,java.lang.String)",0.16013832,dummyMainClass: void dummyMainMethod(java.lang.String[]),0.11735272,android.telephony.SmsMessage: java.lang.String getDisplayMessageBody(),0.07695778459310532,android.telephony.SmsMessage: java.lang.String getDisplayOriginatingAddress(),0.049601633101701736,android.telephony.SmsManager: android.telephony.SmsManager getDefault(),0.04923011362552643,android.telephony.SmsMessage: android.telephony.SmsMessage createFromPdu(byte[]),0.042740803211927414,k.uaj.LpEbN: void onCreate(android.os.Bundle),0.041431259363889694,"android.telephony.SmsManager: void sendTextMessage(java.lang.String,java.lang.String,java.lang.String,android.app.PendingIntent,android.app.PendingIntent)",0.03798048570752144,"android.location.LocationManager: void requestLocationUpdates(java.lang.String,long,float,android.location.LocationListener)",0.030086267739534378,gbsec.egf.QLTZL$1: void run(),0.028731128200888634,j.BSo$1: void run(),0.028731128200888634,java.io.DataOutputStream: void writeUTF(java.lang.String),0.014231574721634388,gbsec.egf.QLTZL: java.lang.String getSdk(),0.012657133862376213,j.BSo: java.lang.String getSdk(),0.012657133862376213,"android.telephony.TelephonyManager: void listen(android.telephony.PhoneStateListener,int)",0.01079781074076891,android.os.Build$VERSION: void <clinit>(),0.008509786799550056,ffxhz.z.bfy.VvwL: void <init>(android.content.Context),0.0038906841073185205,android.telephony.PhoneStateListener: void <init>(),0.0029817770700901747,,,,,,
gen20_9f74e4de-6a06-4e6f-9e24-8e559066c0ec_app-release,1,1,0.9850459694862366,"lb.x.qsc.EgMue: void sendTextMessage(java.lang.String,java.lang.String)",0.30166215,"lb.x.qsc.EgMue: void sendDataMessage(java.lang.String,java.lang.String)",0.28548476,dummyMainClass: void dummyMainMethod(java.lang.String[]),0.17479429,android.telephony.SmsManager: android.telephony.SmsManager getDefault(),0.08776161074638367,"android.telephony.SmsManager: void sendTextMessage(java.lang.String,java.lang.String,java.lang.String,android.app.PendingIntent,android.app.PendingIntent)",0.05555820092558861,"android.telephony.SmsManager: void sendDataMessage(java.lang.String,java.lang.String,short,byte[],android.app.PendingIntent,android.app.PendingIntent)",0.050513844937086105,lb.x.qsc.EgMue: java.lang.String getSdk(),0.018852531909942627,android.os.Build$VERSION: void <clinit>(),0.013434858992695808,"wjatx.hswrk.caiz.fwj.KeI: void <init>(android.os.Handler,android.content.Context)",0.007375077810138464,android.database.ContentObserver: void <init>(android.os.Handler),0.0045626419596374035,,,,,,,,,,,,,,,,,,,,,,,,
gen59_f0159750-c0c2-489a-8fbf-dae0081e0a60_app-release,1,1,0.9999940395355225,xk.okz.DsZXT: java.lang.String getIMSI(android.content.Context),0.57838625,dummyMainClass: void dummyMainMethod(java.lang.String[]),0.13211642,"xk.okz.DsZXT: void sendMultipartTextMessage(java.lang.String,java.lang.String)",0.11775295,android.telephony.TelephonyManager: java.lang.String getSubscriberId(),0.08608707040548325,android.telephony.SmsManager: android.telephony.SmsManager getDefault(),0.05440845713019371,"android.telephony.SmsManager: void sendMultipartTextMessage(java.lang.String,java.lang.String,java.util.ArrayList,java.util.ArrayList,java.util.ArrayList)",0.022225890308618546,"wa.mtn.yuqt.xq.ZAbKJ: void <init>(android.os.Handler,android.content.Context)",0.005574374925345182,android.database.ContentObserver: void <init>(android.os.Handler),0.0034486250951886177,,,,,,,,,,,,,,,,,,,,,,,,,,,,
gen28_9a9cc5bf-cac4-4e1a-b423-352aab15a562_app-release,1,1,0.9986332058906555,"emzdz.vdzbb.NQaT: void sendDataMessage(java.lang.String,java.lang.String)",0.38716036,dummyMainClass: void dummyMainMethod(java.lang.String[]),0.23704739,android.telephony.SmsManager: android.telephony.SmsManager getDefault(),0.10174699,"android.telephony.SmsManager: void sendDataMessage(java.lang.String,java.lang.String,short,byte[],android.app.PendingIntent,android.app.PendingIntent)",0.06747263669967651,java.io.OutputStream: void write(byte[]),0.06683459877967834,emzdz.vdzbb.NQaT$1: void run(),0.05437689274549484,emzdz.vdzbb.NQaT: java.lang.String getSdk(),0.02556687407195568,java.net.URL: java.net.URLConnection openConnection(),0.025385219603776932,android.os.Build$VERSION: void <clinit>(),0.01821969263255596,"cz.bid.SijGg: void <init>(android.os.Handler,android.content.Context)",0.010001716203987598,android.database.ContentObserver: void <init>(android.os.Handler),0.006187630817294121,,,,,,,,,,,,,,,,,,,,,,
gen45_08faa968-bbc3-4006-a0cc-8830f10b701e_app-release,1,1,0.9998706579208374,lnn.QPE: java.lang.String getIMSI(android.content.Context),0.4244662,lnn.QPE: java.lang.String getIncomingSMS(android.content.Intent),0.2241437,dummyMainClass: void dummyMainMethod(java.lang.String[]),0.09695761,android.telephony.SmsMessage: java.lang.String getDisplayMessageBody(),0.06358303129673004,android.telephony.TelephonyManager: java.lang.String getSubscriberId(),0.06317758560180664,android.telephony.SmsMessage: java.lang.String getDisplayOriginatingAddress(),0.04098120704293251,android.telephony.SmsMessage: android.telephony.SmsMessage createFromPdu(byte[]),0.0353127159178257,lnn.QPE$2: void run(),0.022241348400712013,java.io.OutputStream: void write(byte[]),0.012131673283874989,java.net.URL: java.net.URLConnection openConnection(),0.010383114218711853,"hg.gqlh.d.ifasw.MsAsu: void <init>(android.os.Handler,android.content.Context)",0.004090922884643078,android.database.ContentObserver: void <init>(android.os.Handler),0.0025308774784207344,,,,,,,,,,,,,,,,,,,,
gen37_31f2f9cb-6df0-4b93-9871-c8b440ae1a14_app-release,1,1,0.9999986886978149,zg.E: java.lang.String getIMSI(android.content.Context),0.63374573,dummyMainClass: void dummyMainMethod(java.lang.String[]),0.14476176,android.telephony.TelephonyManager: java.lang.String getSubscriberId(),0.09432677,zg.E$2: void run(),0.03544161096215248,zg.E$1: void run(),0.03320726007223129,java.io.OutputStream: void write(byte[]),0.018113093450665474,java.net.URL: java.net.URLConnection openConnection(),0.01550242304801941,java.io.DataOutputStream: void writeUTF(java.lang.String),0.0150147108361125,"lfbo.vzv.bxdj.Cu: void <init>(android.os.Handler,android.content.Context)",0.006107918452471495,android.database.ContentObserver: void <init>(android.os.Handler),0.0037787053734064102,,,,,,,,,,,,,,,,,,,,,,,,
gen42_95b2edb2-75e1-442d-b1d7-4a2e1d49010d_app-release,1,1,0.9998370409011841,dummyMainClass: void dummyMainMethod(java.lang.String[]),0.5788511,g.a.FEKYB$1: void run(),0.14171848,java.io.DataOutputStream: void writeUTF(java.lang.String),0.13297398,g.a.FEKYB: java.lang.String getSdk(),0.062432292848825455,android.os.Build$VERSION: void <clinit>(),0.044491056352853775,"ap.eahxk.ZL: void <init>(android.os.Handler,android.content.Context)",0.02442341297864914,android.database.ContentObserver: void <init>(android.os.Handler),0.015109706670045853,,,,,,,,,,,,,,,,,,,,,,,,,,,,,,
gen59_bc6896dc-326d-484d-be40-f1036f39cb13_app-release,1,1,0.9999940395355225,vzv.wrqlg.a.hsp.FwpDO: java.lang.String getIMSI(android.content.Context),0.57838625,dummyMainClass: void dummyMainMethod(java.lang.String[]),0.13211642,"vzv.wrqlg.a.hsp.FwpDO: void sendMultipartTextMessage(java.lang.String,java.lang.String)",0.11775295,android.telephony.TelephonyManager: java.lang.String getSubscriberId(),0.08608707040548325,android.telephony.SmsManager: android.telephony.SmsManager getDefault(),0.05440845713019371,"android.telephony.SmsManager: void sendMultipartTextMessage(java.lang.String,java.lang.String,java.util.ArrayList,java.util.ArrayList,java.util.ArrayList)",0.02222590707242489,"repei.kfmcn.LWbJR: void <init>(android.os.Handler,android.content.Context)",0.005574374925345182,android.database.ContentObserver: void <init>(android.os.Handler),0.0034486250951886177,,,,,,,,,,,,,,,,,,,,,,,,,,,,
gen101_0e8f27f8-702a-4094-8fef-49b1d5387cff_app-release,1,1,0.9972507357597351,l.okao.S: java.lang.String getIMEI(android.content.Context),0.29107305,l.okao.S: java.lang.String getIncomingSMS(android.content.Intent),0.21017964,"l.okao.S: void sendTextMessage(java.lang.String,java.lang.String)",0.111687675,dummyMainClass: void dummyMainMethod(java.lang.String[]),0.0909171998500824,android.telephony.SmsMessage: java.lang.String getDisplayMessageBody(),0.059621840715408325,android.telephony.TelephonyManager: java.lang.String getDeviceId(),0.05122329294681549,android.telephony.SmsMessage: java.lang.String getDisplayOriginatingAddress(),0.03842809796333313,android.telephony.SmsManager: android.telephony.SmsManager getDefault(),0.03694769740104675,android.telephony.SmsMessage: android.telephony.SmsMessage createFromPdu(byte[]),0.03311275318264961,"android.telephony.SmsManager: void sendTextMessage(java.lang.String,java.lang.String,java.lang.String,android.app.PendingIntent,android.app.PendingIntent)",0.02715400606393814,l.okao.S$1: void run(),0.020855722948908806,java.io.OutputStream: void write(byte[]),0.012853438034653664,java.net.URL: java.net.URLConnection openConnection(),0.009736252017319202,"xlns.Oxgm: void <init>(android.os.Handler,android.content.Context)",0.003836060641333461,android.database.ContentObserver: void <init>(android.os.Handler),0.002373205032199621,,,,,,,,,,,,,,
gen3_419062ac-72b3-45fb-9c6e-85380a419498_app-release,1,1,0.9999921321868896,cuuo.fcse.C: java.lang.String getIMSI(android.content.Context),0.57838625,dummyMainClass: void dummyMainMethod(java.lang.String[]),0.1321164,"cuuo.fcse.C: void sendMultipartTextMessage(java.lang.String,java.lang.String)",0.11775294,android.telephony.TelephonyManager: java.lang.String getSubscriberId(),0.08608706295490265,android.telephony.SmsManager: android.telephony.SmsManager getDefault(),0.05440845340490341,"android.telephony.SmsManager: void sendMultipartTextMessage(java.lang.String,java.lang.String,java.util.ArrayList,java.util.ArrayList,java.util.ArrayList)",0.022225895896553993,"n.jagct.Cp: void <init>(android.os.Handler,android.content.Context)",0.005574374459683895,android.database.ContentObserver: void <init>(android.os.Handler),0.003448624862357974,,,,,,,,,,,,,,,,,,,,,,,,,,,,
gen32_640b12c3-4c84-46ed-b4f4-7d42d621eee2_app-release,1,1,0.9999990463256836,wjcy.HmCX: java.lang.String getIMSI(android.content.Context),0.653678,dummyMainClass: void dummyMainMethod(java.lang.String[]),0.14931475,android.telephony.TelephonyManager: java.lang.String getSubscriberId(),0.097293496,wjcy.HmCX$2: void run(),0.03655630722641945,wjcy.HmCX$1: void run(),0.03655630722641945,java.io.DataOutputStream: void writeUTF(java.lang.String),0.01640351675450802,"wmvy.rsh.syv.B: void <init>(android.os.Handler,android.content.Context)",0.006300022359937429,android.database.ContentObserver: void <init>(android.os.Handler),0.003897551679983735,,,,,,,,,,,,,,,,,,,,,,,,,,,,
gen53_c1fd9c61-b80b-48fb-bdd5-f270e77708b9_app-release,1,1,0.9992606043815613,xqdwz.ekho.lzvun.WFY: java.lang.String getIncomingSMS(android.content.Intent),0.41964903,dummyMainClass: void dummyMainMethod(java.lang.String[]),0.18152717,android.telephony.SmsMessage: java.lang.String getDisplayMessageBody(),0.11904221,android.telephony.SmsMessage: java.lang.String getDisplayOriginatingAddress(),0.07672633975744247,android.telephony.SmsMessage: android.telephony.SmsMessage createFromPdu(byte[]),0.06611360609531403,xqdwz.ekho.lzvun.WFY$1: void run(),0.044442787766456604,xqdwz.ekho.lzvun.WFY$2: void run(),0.02758490853011608,java.io.DataOutputStream: void writeUTF(java.lang.String),0.021220317110419273,xqdwz.ekho.lzvun.WFY: java.lang.String getSdk(),0.019578712061047554,android.os.Build$VERSION: void <clinit>(),0.013952354900538921,java.net.URL: java.net.URLConnection openConnection(),0.010162612423300743,,,,,,,,,,,,,,,,,,,,,,
gen26_534d7fd4-d846-4cb6-86e2-10525d94ab81_app-release,1,1,0.9829742908477783,iubo.tui.XqFC: java.lang.String getIncomingSMS(android.content.Intent),0.3412298,"iubo.tui.XqFC: void sendDataMessage(java.lang.String,java.lang.String)",0.1933876,dummyMainClass: void dummyMainMethod(java.lang.String[]),0.14760543,android.telephony.SmsMessage: java.lang.String getDisplayMessageBody(),0.0967969298362732,android.telephony.SmsMessage: java.lang.String getDisplayOriginatingAddress(),0.06238855421543121,android.telephony.SmsManager: android.telephony.SmsManager getDefault(),0.06134631857275963,android.telephony.SmsMessage: android.telephony.SmsMessage createFromPdu(byte[]),0.053759071975946426,"android.telephony.SmsManager: void sendDataMessage(java.lang.String,java.lang.String,short,byte[],android.app.PendingIntent,android.app.PendingIntent)",0.04348621144890785,,,,,,,,,,,,,,,,,,,,,,,,,,,,
gen49_1e00d9f6-e6bc-4fb8-9e45-759033574455_app-release,1,1,0.9999936819076538,xbtnn.z.kdhye.S: java.lang.String getIMSI(android.content.Context),0.5877809,dummyMainClass: void dummyMainMethod(java.lang.String[]),0.13426237,android.telephony.TelephonyManager: java.lang.String getSubscriberId(),0.087485366,rw.kjnnq.vefvk.DHg: void onCreate(android.os.Bundle),0.07201369106769562,"android.location.LocationManager: void requestLocationUpdates(java.lang.String,long,float,android.location.LocationListener)",0.04929722473025322,xbtnn.z.kdhye.S$1: void run(),0.0307987779378891,java.io.OutputStream: void write(byte[]),0.01679937355220318,java.net.URL: java.net.URLConnection openConnection(),0.014378051273524761,"m.RyB: void <init>(android.os.Handler,android.content.Context)",0.003726046299561858,android.database.ContentObserver: void <init>(android.os.Handler),0.003458235412836075,,,,,,,,,,,,,,,,,,,,,,,,
gen28_a9454e55-ea8c-409d-82f6-cadc35f48853_app-release,1,1,0.9998171925544739,dummyMainClass: void dummyMainMethod(java.lang.String[]),0.49013978,xddh.kck.ayl.pvpcy.ZRUg$1: void run(),0.119999535,a.IpHui: void onCreate(android.os.Bundle),0.11290073,java.io.DataOutputStream: void writeUTF(java.lang.String),0.11259517818689346,xddh.kck.ayl.pvpcy.ZRUg: java.lang.String getSdk(),0.05286428704857826,android.os.Build$VERSION: void <clinit>(),0.03767262026667595,"android.telephony.TelephonyManager: void listen(android.telephony.PhoneStateListener,int)",0.031176257878541946,android.database.ContentObserver: void <init>(android.os.Handler),0.012447918765246868,android.telephony.PhoneStateListener: void <init>(),0.012379148043692112,v.krzg.MJtfr: void <init>(android.content.Context),0.011248511262238026,"next.se.k.svj.Hxho: void <init>(android.os.Handler,android.content.Context)",0.006576084066182375,,,,,,,,,,,,,,,,,,,,,,
gen60_cf30e4c7-d567-4a24-a163-ce3f1c63eaa4_app-release,1,1,0.999997615814209,scg.hr.td.gxi.VZ: java.lang.String getIMSI(android.content.Context),0.6791269,dummyMainClass: void dummyMainMethod(java.lang.String[]),0.15512784,android.telephony.TelephonyManager: java.lang.String getSubscriberId(),0.10108131,scg.hr.td.gxi.VZ$1: void run(),0.03797951340675354,java.io.DataOutputStream: void writeUTF(java.lang.String),0.01608988270163536,"nmyne.fd.wkif.uwtj.OsXQo: void <init>(android.os.Handler,android.content.Context)",0.006545293610543013,android.database.ContentObserver: void <init>(android.os.Handler),0.004049290437251329,,,,,,,,,,,,,,,,,,,,,,,,,,,,,,
gen44_a6101666-69ad-4268-a43f-bdde41315eb2_app-release,1,1,0.9999988079071045,dyb.hzvun.Nrkk: java.lang.String getIMSI(android.content.Context),0.6463,dummyMainClass: void dummyMainMethod(java.lang.String[]),0.14762944,android.telephony.TelephonyManager: java.lang.String getSubscriberId(),0.09619536,dyb.hzvun.Nrkk$2: void run(),0.036143701523542404,java.io.DataOutputStream: void writeUTF(java.lang.String),0.033913515508174896,dyb.hzvun.Nrkk$1: void run(),0.022433804348111153,java.net.URL: java.net.URLConnection openConnection(),0.007301700301468372,"vd.D: void <init>(android.os.Handler,android.content.Context)",0.006228914950042963,android.database.ContentObserver: void <init>(android.os.Handler),0.003853560658171773,,,,,,,,,,,,,,,,,,,,,,,,,,
gen15_5975126f-c54e-4984-b1dd-5b80d0bdd443_app-release,1,1,0.996417760848999,riqxq.e.Egegt: java.lang.String getPhoneNumber(android.content.Context),0.27189338,riqxq.e.Egegt: java.lang.String getIncomingSMS(android.content.Intent),0.20645595,"riqxq.e.Egegt: void sendDataMessage(java.lang.String,java.lang.String)",0.117006265,dummyMainClass: void dummyMainMethod(java.lang.String[]),0.08930642902851105,android.telephony.TelephonyManager: java.lang.String getLine1Number(),0.058821387588977814,android.telephony.SmsMessage: java.lang.String getDisplayMessageBody(),0.05856550857424736,android.telephony.SmsMessage: java.lang.String getDisplayOriginatingAddress(),0.03774724528193474,android.telephony.SmsManager: android.telephony.SmsManager getDefault(),0.0371166355907917,android.telephony.SmsMessage: android.telephony.SmsMessage createFromPdu(byte[]),0.03252612054347992,"android.telephony.SmsManager: void sendDataMessage(java.lang.String,java.lang.String,short,byte[],android.app.PendingIntent,android.app.PendingIntent)",0.026310689747333527,riqxq.e.Egegt$1: void run(),0.02186463586986065,rbtoh.eksxf.vj.z.QDH: void onCreate(android.os.Bundle),0.020571211352944374,java.io.DataOutputStream: void writeUTF(java.lang.String),0.00836264155805111,"android.telephony.TelephonyManager: void listen(android.telephony.PhoneStateListener,int)",0.005680509377270937,android.database.ContentObserver: void <init>(android.os.Handler),0.002268086886033416,android.telephony.PhoneStateListener: void <init>(),0.0022555547766387463,xxcw.cq.lsgi.ctnz.B: void <init>(android.content.Context),0.002049547154456377,"ly.mq.t.PzI: void <init>(android.os.Handler,android.content.Context)",0.0011982040014117956,,,,,,,,
gen0_2fc6ff98-8a99-4a81-93d9-3e43bfe0f401_app-release,1,1,0.9997614026069641,hfgs.lg.SHY: java.lang.String getIncomingSMS(android.content.Intent),0.43453363,dummyMainClass: void dummyMainMethod(java.lang.String[]),0.18796577,android.telephony.SmsMessage: java.lang.String getDisplayMessageBody(),0.12326453,android.telephony.SmsMessage: java.lang.String getDisplayOriginatingAddress(),0.07944775372743607,android.telephony.SmsMessage: android.telephony.SmsMessage createFromPdu(byte[]),0.06845860183238983,pasa.x.cxyup.rfbl.JP: void onCreate(android.os.Bundle),0.04329678416252136,hfgs.lg.SHY: java.lang.String getSdk(),0.020273150876164436,android.os.Build$VERSION: void <clinit>(),0.014447232708334923,"android.telephony.TelephonyManager: void listen(android.telephony.PhoneStateListener,int)",0.01195591501891613,android.database.ContentObserver: void <init>(android.os.Handler),0.00477370573207736,android.telephony.PhoneStateListener: void <init>(),0.004747333005070686,we.qm.D: void <init>(android.content.Context),0.004313739016652107,"gs.HSQ: void <init>(android.os.Handler,android.content.Context)",0.002521890914067626,,,,,,,,,,,,,,,,,,
gen53_ffd7be72-006c-418e-8384-503006b4a18b_app-release,1,1,0.994875967502594,"ljymu.ods.EXS: void sendMultipartTextMessage(java.lang.String,java.lang.String)",0.3566433,dummyMainClass: void dummyMainMethod(java.lang.String[]),0.2759816,android.telephony.SmsManager: android.telephony.SmsManager getDefault(),0.12023555,ljymu.ods.EXS$1: void run(),0.06756780296564102,java.io.DataOutputStream: void writeUTF(java.lang.String),0.06339865177869797,"android.telephony.SmsManager: void sendMultipartTextMessage(java.lang.String,java.lang.String,java.util.ArrayList,java.util.ArrayList,java.util.ArrayList)",0.04634638875722885,ljymu.ods.EXS: java.lang.String getSdk(),0.029766147956252098,android.os.Build$VERSION: void <clinit>(),0.02121221460402012,"ib.eobn.n.gkfp.ZPw: void <init>(android.os.Handler,android.content.Context)",0.01164446584880352,android.database.ContentObserver: void <init>(android.os.Handler),0.00720392819494009,,,,,,,,,,,,,,,,,,,,,,,,
gen51_51ff7665-db2a-4ff9-a04b-0b6c9e3fb060_app-release,1,1,0.9997554421424866,aeul.fpo.mda.WOqD: java.lang.String getIMSI(android.content.Context),0.3730574,aeul.fpo.mda.WOqD: java.lang.String getIncomingSMS(android.content.Intent),0.19699676,dummyMainClass: void dummyMainMethod(java.lang.String[]),0.08521469,"aeul.fpo.mda.WOqD: void sendMultipartTextMessage(java.lang.String,java.lang.String)",0.07174026966094971,android.telephony.SmsMessage: java.lang.String getDisplayMessageBody(),0.05588223412632942,android.telephony.TelephonyManager: java.lang.String getSubscriberId(),0.055525898933410645,android.telephony.SmsMessage: java.lang.String getDisplayOriginatingAddress(),0.03601780906319618,android.telephony.SmsManager: android.telephony.SmsManager getDefault(),0.03451308608055115,android.telephony.SmsMessage: android.telephony.SmsMessage createFromPdu(byte[]),0.031035851687192917,aeul.fpo.mda.WOqD$1: void run(),0.019547609612345695,"android.telephony.SmsManager: void sendMultipartTextMessage(java.lang.String,java.lang.String,java.util.ArrayList,java.util.ArrayList,java.util.ArrayList)",0.01347578689455986,java.io.OutputStream: void write(byte[]),0.012047243304550648,java.net.URL: java.net.URLConnection openConnection(),0.009125574491918087,"szk.ns.skyg.NKdA: void <init>(android.os.Handler,android.content.Context)",0.003595454851165414,android.database.ContentObserver: void <init>(android.os.Handler),0.002224352676421404,,,,,,,,,,,,,,
gen38_a2986d0b-9b34-4a44-9348-cd4de0d141fc_app-release,1,1,0.9849122762680054,"hrlo.xcosf.dqwpz.brv.C: void sendDataMessage(java.lang.String,java.lang.String)",0.31763506,"hrlo.xcosf.dqwpz.brv.C: void sendMultipartTextMessage(java.lang.String,java.lang.String)",0.25131974,dummyMainClass: void dummyMainMethod(java.lang.String[]),0.194479,android.telephony.SmsManager: android.telephony.SmsManager getDefault(),0.09797538816928864,"android.telephony.SmsManager: void sendDataMessage(java.lang.String,java.lang.String,short,byte[],android.app.PendingIntent,android.app.PendingIntent)",0.05622337386012077,"android.telephony.SmsManager: void sendMultipartTextMessage(java.lang.String,java.lang.String,java.util.ArrayList,java.util.ArrayList,java.util.ArrayList)",0.03316187858581543,hrlo.xcosf.dqwpz.brv.C: java.lang.String getSdk(),0.020975638180971146,android.os.Build$VERSION: void <clinit>(),0.014947844669222832,"gn.gvghg.tu.yfu.OsQ: void <init>(android.os.Handler,android.content.Context)",0.008205633610486984,android.database.ContentObserver: void <init>(android.os.Handler),0.005076471250504255,,,,,,,,,,,,,,,,,,,,,,,,
gen35_235ef25b-d3f0-4102-8a91-030fa9b7e353_app-release,1,1,0.9992685914039612,a.v.ooe.pgl.QMs: java.lang.String getIMSI(android.content.Context),0.33559546,a.v.ooe.pgl.QMs: java.lang.String getIncomingSMS(android.content.Intent),0.17721461,"a.v.ooe.pgl.QMs: void sendTextMessage(java.lang.String,java.lang.String)",0.08917432,dummyMainClass: void dummyMainMethod(java.lang.String[]),0.07665754109621048,"a.v.ooe.pgl.QMs: void sendMultipartTextMessage(java.lang.String,java.lang.String)",0.06832347065210342,android.telephony.SmsMessage: java.lang.String getDisplayMessageBody(),0.05027061700820923,android.telephony.TelephonyManager: java.lang.String getSubscriberId(),0.04995006322860718,android.telephony.SmsManager: android.telephony.SmsManager getDefault(),0.035318825393915176,android.telephony.SmsMessage: java.lang.String getDisplayOriginatingAddress(),0.0324009507894516,android.telephony.SmsMessage: android.telephony.SmsMessage createFromPdu(byte[]),0.02791927196085453,"android.telephony.SmsManager: void sendTextMessage(java.lang.String,java.lang.String,java.lang.String,android.app.PendingIntent,android.app.PendingIntent)",0.02295590378344059,"android.telephony.SmsManager: void sendMultipartTextMessage(java.lang.String,java.lang.String,java.util.ArrayList,java.util.ArrayList,java.util.ArrayList)",0.013043082319200039,a.v.ooe.pgl.QMs$1: void run(),0.011648898012936115,java.net.URL: java.net.URLConnection openConnection(),0.0042915940284729,"qau.fes.BNT: void <init>(android.os.Handler,android.content.Context)",0.0032344041392207146,android.database.ContentObserver: void <init>(android.os.Handler),0.0020009861327707767,,,,,,,,,,,,
gen51_2189a0c2-5c2f-4675-b922-267403f122be_app-release,1,1,0.9967657327651978,ln.p.CGS: java.lang.String getIncomingSMS(android.content.Intent),0.2998279,"ln.p.CGS: void sendDataMessage(java.lang.String,java.lang.String)",0.1699236,dummyMainClass: void dummyMainMethod(java.lang.String[]),0.12969626,android.telephony.SmsMessage: java.lang.String getDisplayMessageBody(),0.08505244553089142,android.telephony.SmsMessage: java.lang.String getDisplayOriginatingAddress(),0.05481889471411705,android.telephony.SmsManager: android.telephony.SmsManager getDefault(),0.05390308052301407,android.telephony.SmsMessage: android.telephony.SmsMessage createFromPdu(byte[]),0.04723638668656349,"android.telephony.SmsManager: void sendDataMessage(java.lang.String,java.lang.String,short,byte[],android.app.PendingIntent,android.app.PendingIntent)",0.03820996731519699,ln.p.CGS$2: void run(),0.03175317123532295,java.io.DataOutputStream: void writeUTF(java.lang.String),0.02979389764368534,ln.p.CGS$1: void run(),0.019708672538399696,ln.p.CGS: java.lang.String getSdk(),0.013988460414111614,android.os.Build$VERSION: void <clinit>(),0.009968580678105354,java.net.URL: java.net.URLConnection openConnection(),0.0072609125636518,"yxd.plt.TzVEp: void <init>(android.os.Handler,android.content.Context)",0.00547226145863533,android.database.ContentObserver: void <init>(android.os.Handler),0.0033854518551379442,,,,,,,,,,,,
gen55_767acbf9-83d9-4120-8e00-d13a022c21e9_app-release,1,1,0.9991999268531799,j.RB: java.lang.String getIMEI(android.content.Context),0.3641904,j.RB: java.lang.String getIncomingSMS(android.content.Intent),0.26297665,dummyMainClass: void dummyMainMethod(java.lang.String[]),0.11375555,android.telephony.SmsMessage: java.lang.String getDisplayMessageBody(),0.07459881156682968,android.telephony.TelephonyManager: java.lang.String getDeviceId(),0.0640905499458313,android.telephony.SmsMessage: java.lang.String getDisplayOriginatingAddress(),0.04808121174573898,android.telephony.SmsMessage: android.telephony.SmsMessage createFromPdu(byte[]),0.041430652141571045,j.RB$1: void run(),0.01728631742298603,java.net.URL: java.net.URLConnection openConnection(),0.005820821970701218,"won.a.tbuao.TF: void <init>(android.os.Handler,android.content.Context)",0.004799676593393087,android.database.ContentObserver: void <init>(android.os.Handler),0.0029693525284528732,,,,,,,,,,,,,,,,,,,,,,
gen100_9c4be339-5d4d-40d0-a287-f217c3d0ce8e_app-release,1,1,0.9962749481201172,j.utdcp.w.WLRNC: java.lang.String getIMEI(android.content.Context),0.2874518,s.mt.q.Kh: java.lang.String getIMEI(android.content.Context),0.2874518,"j.utdcp.w.WLRNC: void sendTextMessage(java.lang.String,java.lang.String)",0.11912847,dummyMainClass: void dummyMainMethod(java.lang.String[]),0.0897861048579216,android.telephony.TelephonyManager: java.lang.String getDeviceId(),0.04586893692612648,android.telephony.SmsManager: android.telephony.SmsManager getDefault(),0.03721791133284569,zod.let.t.OM: void onCreate(android.os.Bundle),0.03169887885451317,"android.telephony.SmsManager: void sendTextMessage(java.lang.String,java.lang.String,java.lang.String,android.app.PendingIntent,android.app.PendingIntent)",0.028621181845664978,"android.location.LocationManager: void requestLocationUpdates(java.lang.String,long,float,android.location.LocationListener)",0.023018881678581238,s.mt.q.Kh$1: void run(),0.02198207937180996,java.io.DataOutputStream: void writeUTF(java.lang.String),0.010224001482129097,"android.telephony.TelephonyManager: void listen(android.telephony.PhoneStateListener,int)",0.0082613630220294,atp.Lm: void <init>(android.content.Context),0.002976746531203389,android.database.ContentObserver: void <init>(android.os.Handler),0.00229635345749557,android.telephony.PhoneStateListener: void <init>(),0.0022813451942056417,"xg.iaud.AKNOx: void <init>(android.os.Handler,android.content.Context)",0.0017341215861961246,,,,,,,,,,,,
gen3_ddd88ead-6f24-483e-8c07-6b11bdbca890_app-release,1,1,0.9994294047355652,gkoq.Rtr: java.lang.String getIMSI(android.content.Context),0.3753477,gkoq.Rtr: java.lang.String getIncomingSMS(android.content.Intent),0.19820617,dummyMainClass: void dummyMainMethod(java.lang.String[]),0.08573785,"gkoq.Rtr: void sendMultipartTextMessage(java.lang.String,java.lang.String)",0.07218070328235626,android.telephony.SmsMessage: java.lang.String getDisplayMessageBody(),0.056225311011075974,android.telephony.TelephonyManager: java.lang.String getSubscriberId(),0.055866789072752,android.telephony.SmsMessage: java.lang.String getDisplayOriginatingAddress(),0.036238934844732285,android.telephony.SmsManager: android.telephony.SmsManager getDefault(),0.03472497686743736,android.telephony.SmsMessage: android.telephony.SmsMessage createFromPdu(byte[]),0.03122638911008835,gkoq.Rtr$2: void run(),0.020990954712033272,java.io.DataOutputStream: void writeUTF(java.lang.String),0.019695743918418884,"android.telephony.SmsManager: void sendMultipartTextMessage(java.lang.String,java.lang.String,java.util.ArrayList,java.util.ArrayList,java.util.ArrayList)",0.013558520935475826,,,,,,,,,,,,,,,,,,,,
gen16_64548bd1-1a95-4311-8a29-3b764826b7da_app-release,1,1,0.9996789693832397,waqto.wr.e.wk.Q: java.lang.String getIncomingSMS(android.content.Intent),0.3851274,dummyMainClass: void dummyMainMethod(java.lang.String[]),0.16659427,android.telephony.SmsMessage: java.lang.String getDisplayMessageBody(),0.10924951,android.telephony.SmsMessage: java.lang.String getDisplayOriginatingAddress(),0.07041456550359726,android.telephony.SmsMessage: android.telephony.SmsMessage createFromPdu(byte[]),0.06067490950226784,waqto.wr.e.wk.Q$1: void run(),0.04078676179051399,y.d.Z: void onCreate(android.os.Bundle),0.03837398812174797,java.io.DataOutputStream: void writeUTF(java.lang.String),0.03827013075351715,waqto.wr.e.wk.Q$2: void run(),0.02531568333506584,waqto.wr.e.wk.Q: java.lang.String getSdk(),0.01796809956431389,android.os.Build$VERSION: void <clinit>(),0.012804578058421612,"android.telephony.TelephonyManager: void listen(android.telephony.PhoneStateListener,int)",0.01059654913842678,java.net.URL: java.net.URLConnection openConnection(),0.009326598607003689,android.database.ContentObserver: void <init>(android.os.Handler),0.004230938386172056,android.telephony.PhoneStateListener: void <init>(),0.004207562189549208,lwi.puah.ft.jjxo.Qrmu: void <init>(android.content.Context),0.0038232658989727497,"birgy.zth.Ijc: void <init>(android.os.Handler,android.content.Context)",0.0022351534571498632,,,,,,,,,,
gen104_18d41cb6-7f5b-4c2b-a648-3fe29f140306_app-release,1,1,0.9969461560249329,kad.xv.jfr.EP: java.lang.String getIMSI(android.content.Context),0.3451882,azv.uvvm.Td: java.lang.String getIMSI(android.content.Context),0.3451882,"kad.xv.jfr.EP: void sendDataMessage(java.lang.String,java.lang.String)",0.09321661,dummyMainClass: void dummyMainMethod(java.lang.String[]),0.07884873449802399,android.telephony.TelephonyManager: java.lang.String getSubscriberId(),0.04644545912742615,android.telephony.SmsManager: android.telephony.SmsManager getDefault(),0.03203893452882767,"android.telephony.SmsManager: void sendDataMessage(java.lang.String,java.lang.String,short,byte[],android.app.PendingIntent,android.app.PendingIntent)",0.022591177374124527,azv.uvvm.Td$2: void run(),0.01808730885386467,java.io.OutputStream: void write(byte[]),0.009951499290764332,java.net.URL: java.net.URLConnection openConnection(),0.00844384916126728,,,,,,,,,,,,,,,,,,,,,,,,
gen40_218712f5-6a8f-4c39-88ef-c890ce6794b9_app-release,1,1,0.9995952248573303,dummyMainClass: void dummyMainMethod(java.lang.String[]),0.9360703,"kyp.xx.znsek.wp.VhKgU: void <init>(android.os.Handler,android.content.Context)",0.03949553,android.database.ContentObserver: void <init>(android.os.Handler),0.024434172,,,,,,,,,,,,,,,,,,,,,,,,,,,,,,,,,,,,,,
gen2_f99bd3d4-3867-4d76-93b8-32edcf68a599_app-release,1,1,0.9999972581863403,woy.bma.ovbp.sa.GcSy: java.lang.String getIMSI(android.content.Context),0.62239325,dummyMainClass: void dummyMainMethod(java.lang.String[]),0.1421686,android.telephony.TelephonyManager: java.lang.String getSubscriberId(),0.09263707,woy.bma.ovbp.sa.GcSy$2: void run(),0.034806735813617706,java.io.DataOutputStream: void writeUTF(java.lang.String),0.03265904635190964,woy.bma.ovbp.sa.GcSy$1: void run(),0.03261240944266319,java.io.OutputStream: void write(byte[]),0.017788628116250038,java.net.URL: java.net.URLConnection openConnection(),0.015224723145365715,"w.drzw.Ze: void <init>(android.os.Handler,android.content.Context)",0.005998505745083094,android.database.ContentObserver: void <init>(android.os.Handler),0.00371101638302207,,,,,,,,,,,,,,,,,,,,,,,,
gen17_071c9780-05ba-4e4b-a414-3626d8048db7_app-release,1,1,0.9999885559082031,tzni.c.Cce: java.lang.String getIMSI(android.content.Context),0.54426336,dummyMainClass: void dummyMainMethod(java.lang.String[]),0.12432198,"tzni.c.Cce: void sendMultipartTextMessage(java.lang.String,java.lang.String)",0.110805914,android.telephony.TelephonyManager: java.lang.String getSubscriberId(),0.08100821822881699,android.telephony.SmsManager: android.telephony.SmsManager getDefault(),0.05119853839278221,tzni.c.Cce$1: void run(),0.030437400564551353,java.io.DataOutputStream: void writeUTF(java.lang.String),0.028559314087033272,"android.telephony.SmsManager: void sendMultipartTextMessage(java.lang.String,java.lang.String,java.util.ArrayList,java.util.ArrayList,java.util.ArrayList)",0.020914651453495026,"yav.W: void <init>(android.os.Handler,android.content.Context)",0.00524550536647439,android.database.ContentObserver: void <init>(android.os.Handler),0.0032451676670461893,,,,,,,,,,,,,,,,,,,,,,,,
gen29_c27ea89f-3e0b-49dd-b4b0-d0e9c8d6d45e_app-release,1,1,0.9989345669746399,"w.sfghd.NT: void sendTextMessage(java.lang.String,java.lang.String)",0.41088828,dummyMainClass: void dummyMainMethod(java.lang.String[]),0.23808397,android.telephony.SmsManager: android.telephony.SmsManager getDefault(),0.103269204,"android.telephony.SmsManager: void sendTextMessage(java.lang.String,java.lang.String,java.lang.String,android.app.PendingIntent,android.app.PendingIntent)",0.07453809678554535,w.sfghd.NT$1: void run(),0.05828942358493805,java.io.DataOutputStream: void writeUTF(java.lang.String),0.05469278246164322,w.sfghd.NT: java.lang.String getSdk(),0.02567867375910282,android.os.Build$VERSION: void <clinit>(),0.018299365416169167,"tray.nk.fav.cao.Lx: void <init>(android.os.Handler,android.content.Context)",0.01004545297473669,android.database.ContentObserver: void <init>(android.os.Handler),0.006214688066393137,,,,,,,,,,,,,,,,,,,,,,,,
gen101_9de50a9e-ec70-4d43-834f-6d2521887c3b_app-release,1,1,0.999982476234436,n.qfkry.mfowg.VG: java.lang.String getIMSI(android.content.Context),0.5497305,"n.qfkry.mfowg.VG: void sendDataMessage(java.lang.String,java.lang.String)",0.14731266,dummyMainClass: void dummyMainMethod(java.lang.String[]),0.12557079,android.telephony.TelephonyManager: java.lang.String getSubscriberId(),0.08182194083929062,android.telephony.SmsManager: android.telephony.SmsManager getDefault(),0.051017191261053085,"android.telephony.SmsManager: void sendDataMessage(java.lang.String,java.lang.String,short,byte[],android.app.PendingIntent,android.app.PendingIntent)",0.035970982164144516,"mv.Sje: void <init>(android.os.Handler,android.content.Context)",0.005298196338117123,android.database.ContentObserver: void <init>(android.os.Handler),0.0032777651213109493,,,,,,,,,,,,,,,,,,,,,,,,,,,,
gen53_ddb13edf-d2d6-4457-8915-94f9bdeb8101_app-release,1,1,0.999872088432312,y.ti.roypl.zmjhl.RAB: java.lang.String getIMEI(android.content.Context),0.4651015,"y.ti.roypl.zmjhl.RAB: void sendTextMessage(java.lang.String,java.lang.String)",0.19134548,dummyMainClass: void dummyMainMethod(java.lang.String[]),0.14527532,android.telephony.TelephonyManager: java.lang.String getDeviceId(),0.08184897899627686,android.telephony.SmsManager: android.telephony.SmsManager getDefault(),0.06020866334438324,"android.telephony.SmsManager: void sendTextMessage(java.lang.String,java.lang.String,java.lang.String,android.app.PendingIntent,android.app.PendingIntent)",0.04629835486412048,"wimgb.OxDFi: void <init>(android.os.Handler,android.content.Context)",0.006129587069153786,android.database.ContentObserver: void <init>(android.os.Handler),0.0037921108305454254,,,,,,,,,,,,,,,,,,,,,,,,,,,,
gen18_ea7680ae-5c9c-4e4c-a75e-208bbee9c4bc_app-release,1,1,0.99992835521698,psew.MvwM: java.lang.String getIMEI(android.content.Context),0.4501568,"psew.MvwM: void sendDataMessage(java.lang.String,java.lang.String)",0.17791097,dummyMainClass: void dummyMainMethod(java.lang.String[]),0.14060731,android.telephony.TelephonyManager: java.lang.String getDeviceId(),0.07921899855136871,android.telephony.SmsManager: android.telephony.SmsManager getDefault(),0.057740822434425354,"android.telephony.SmsManager: void sendDataMessage(java.lang.String,java.lang.String,short,byte[],android.app.PendingIntent,android.app.PendingIntent)",0.04079785570502281,bbvf.sxbbj.gdkql.KVjj: void onCreate(android.os.Bundle),0.03238804638385773,"android.telephony.TelephonyManager: void listen(android.telephony.PhoneStateListener,int)",0.008943591266870499,android.database.ContentObserver: void <init>(android.os.Handler),0.0035709585063159466,android.telephony.PhoneStateListener: void <init>(),0.003551230300217867,swqym.cl.ykk.Y: void <init>(android.content.Context),0.0032268811482936144,"ymvzm.jkqgx.codl.nap.I: void <init>(android.os.Handler,android.content.Context)",0.001886493992060423,,,,,,,,,,,,,,,,,,,,
gen5_c402318f-13f5-437d-b321-bd76f7e37dc4_app-release,1,1,0.9998171925544739,dummyMainClass: void dummyMainMethod(java.lang.String[]),0.49013972,wxz.qe.wjlp.qfem.QT$1: void run(),0.11999952,qmn.ue.flaod.FfEc: void onCreate(android.os.Bundle),0.11290071,java.io.DataOutputStream: void writeUTF(java.lang.String),0.11259516328573227,wxz.qe.wjlp.qfem.QT: java.lang.String getSdk(),0.052864283323287964,android.os.Build$VERSION: void <clinit>(),0.03767261654138565,"android.telephony.TelephonyManager: void listen(android.telephony.PhoneStateListener,int)",0.031176254153251648,android.database.ContentObserver: void <init>(android.os.Handler),0.012447916902601719,android.telephony.PhoneStateListener: void <init>(),0.012379147112369537,ymdxk.pna.K: void <init>(android.content.Context),0.011248510330915451,"bt.tuml.OEM: void <init>(android.os.Handler,android.content.Context)",0.0065760831348598,,,,,,,,,,,,,,,,,,,,,,
gen26_42f5391f-e684-46a6-8d58-5868634ae0e5_app-release,1,1,0.9999901056289673,dummyMainClass: void dummyMainMethod(java.lang.String[]),0.6761144,xzcbf.aejnq.SOkKV$1: void run(),0.102742486,xzcbf.aejnq.SOkKV: java.lang.String getSdk(),0.07292268,android.os.Build$VERSION: void <clinit>(),0.05196680873632431,java.net.URL: java.net.URLConnection openConnection(),0.05007779225707054,"wgktj.XpyNo: void <init>(android.os.Handler,android.content.Context)",0.028527235612273216,android.database.ContentObserver: void <init>(android.os.Handler),0.017648562788963318,,,,,,,,,,,,,,,,,,,,,,,,,,,,,,
gen25_33f4a570-9388-4250-872e-389727eca17a_app-release,1,1,0.998752236366272,"wgtm.Al: void sendDataMessage(java.lang.String,java.lang.String)",0.3909012,dummyMainClass: void dummyMainMethod(java.lang.String[]),0.23933782,android.telephony.SmsManager: android.telephony.SmsManager getDefault(),0.1027301,"android.telephony.SmsManager: void sendDataMessage(java.lang.String,java.lang.String,short,byte[],android.app.PendingIntent,android.app.PendingIntent)",0.06812457740306854,h.ypmwt.vh.MgvsK$1: void run(),0.058596402406692505,java.io.DataOutputStream: void writeUTF(java.lang.String),0.054980818182229996,h.ypmwt.vh.MgvsK: java.lang.String getSdk(),0.025813909247517586,wgtm.Al: java.lang.String getSdk(),0.025813909247517586,android.os.Build$VERSION: void <clinit>(),0.017355475574731827,"jaz.u.IZ: void <init>(android.os.Handler,android.content.Context)",0.010098355822265148,android.database.ContentObserver: void <init>(android.os.Handler),0.006247417535632849,,,,,,,,,,,,,,,,,,,,,,
gen103_20257920-9a35-44ee-b784-d1f705a5fd77_app-release,1,1,0.9999843835830688,tzzgn.BFwz: java.lang.String getIMSI(android.content.Context),0.5309714,"tzzgn.BFwz: void sendTextMessage(java.lang.String,java.lang.String)",0.14811921,dummyMainClass: void dummyMainMethod(java.lang.String[]),0.1212858,android.telephony.TelephonyManager: java.lang.String getSubscriberId(),0.07902984321117401,android.telephony.SmsManager: android.telephony.SmsManager getDefault(),0.04972636699676514,"android.telephony.SmsManager: void sendTextMessage(java.lang.String,java.lang.String,java.lang.String,android.app.PendingIntent,android.app.PendingIntent)",0.0381547212600708,tzzgn.BFwz$1: void run(),0.018430618569254875,java.net.URL: java.net.URLConnection openConnection(),0.005998753011226654,"upw.J: void <init>(android.os.Handler,android.content.Context)",0.005117400083690882,android.database.ContentObserver: void <init>(android.os.Handler),0.0031659144442528486,,,,,,,,,,,,,,,,,,,,,,,,
gen20_6dcbed51-1dd3-4c34-bf74-9b0b69968401_app-release,1,1,0.9999936819076538,i.AL: java.lang.String getIMEI(android.content.Context),0.6033648,dummyMainClass: void dummyMainMethod(java.lang.String[]),0.18846212,android.telephony.TelephonyManager: java.lang.String getDeviceId(),0.10618068,i.AL$1: void run(),0.043231796473264694,java.io.OutputStream: void write(byte[]),0.025707118213176727,java.net.URL: java.net.URLConnection openConnection(),0.020182261243462563,"wlp.rclnz.mxrsg.T: void <init>(android.os.Handler,android.content.Context)",0.007951764389872551,android.database.ContentObserver: void <init>(android.os.Handler),0.004919413011521101,,,,,,,,,,,,,,,,,,,,,,,,,,,,
gen20_3d139440-aa5b-43e5-842a-8b6a50507b08_app-release,1,1,0.9996706247329712,km.zrqmb.qgrvd.ShCdO: java.lang.String getIMSI(android.content.Context),0.35374445,km.zrqmb.qgrvd.ShCdO: java.lang.String getIncomingSMS(android.content.Intent),0.18679842,"km.zrqmb.qgrvd.ShCdO: void sendTextMessage(java.lang.String,java.lang.String)",0.09399691,dummyMainClass: void dummyMainMethod(java.lang.String[]),0.08080323785543442,android.telephony.SmsMessage: java.lang.String getDisplayMessageBody(),0.05298930034041405,android.telephony.TelephonyManager: java.lang.String getSubscriberId(),0.052651382982730865,android.telephony.SmsMessage: java.lang.String getDisplayOriginatingAddress(),0.03415321186184883,android.telephony.SmsManager: android.telephony.SmsManager getDefault(),0.032577261328697205,android.telephony.SmsMessage: android.telephony.SmsMessage createFromPdu(byte[]),0.029429186135530472,"android.telephony.SmsManager: void sendTextMessage(java.lang.String,java.lang.String,java.lang.String,android.app.PendingIntent,android.app.PendingIntent)",0.02390925958752632,km.zrqmb.qgrvd.ShCdO$1: void run(),0.01978282257914543,ftl.Wp: void onCreate(android.os.Bundle),0.01861254870891571,java.io.DataOutputStream: void writeUTF(java.lang.String),0.008380922488868237,"android.telephony.TelephonyManager: void listen(android.telephony.PhoneStateListener,int)",0.005139647051692009,android.database.ContentObserver: void <init>(android.os.Handler),0.002052134135738015,android.telephony.PhoneStateListener: void <init>(),0.002040795050561428,pa.upza.x.joja.VXAbM: void <init>(android.content.Context),0.001854402245953679,"loqm.j.Iv: void <init>(android.os.Handler,android.content.Context)",0.001084118615835905,,,,,,,,
gen34_69e63432-9ab3-4993-84b4-08efd44ccb4a_app-release,1,1,0.9999985694885254,gs.K: java.lang.String getIMSI(android.content.Context),0.65854996,dummyMainClass: void dummyMainMethod(java.lang.String[]),0.15042761,android.telephony.TelephonyManager: java.lang.String getSubscriberId(),0.09801864,gs.K$2: void run(),0.036828767508268356,gs.K$1: void run(),0.022859012708067894,java.io.DataOutputStream: void writeUTF(java.lang.String),0.015602373518049717,java.net.URL: java.net.URLConnection openConnection(),0.007440096233040094,"xogdb.ybo.f.VuFRr: void <init>(android.os.Handler,android.content.Context)",0.006346976850181818,android.database.ContentObserver: void <init>(android.os.Handler),0.00392660079523921,,,,,,,,,,,,,,,,,,,,,,,,,,
gen22_13dc15c6-4d6a-4470-8026-8e2eb71dc86f_app-release,1,1,0.9999867677688599,hggr.JUD: java.lang.String getIMSI(android.content.Context),0.68639904,dummyMainClass: void dummyMainMethod(java.lang.String[]),0.15678896,android.telephony.TelephonyManager: java.lang.String getSubscriberId(),0.102163695,hggr.JUD$2: void run(),0.03838619962334633,java.io.DataOutputStream: void writeUTF(java.lang.String),0.016262173652648926,,,,,,,,,,,,,,,,,,,,,,,,,,,,,,,,,,
gen58_68a8bf5e-8b86-4d57-b942-6fc1f5958653_app-release,1,1,0.999997615814209,t.rlq.vhicf.LZw: java.lang.String getIMEI(android.content.Context),0.5982326,dummyMainClass: void dummyMainMethod(java.lang.String[]),0.18685907,android.telephony.TelephonyManager: java.lang.String getDeviceId(),0.10527751,m.yqze.n.o.Z: void onCreate(android.os.Bundle),0.043041858822107315,t.rlq.vhicf.LZw$2: void run(),0.028395144268870354,"android.telephony.TelephonyManager: void listen(android.telephony.PhoneStateListener,int)",0.011885520070791245,java.net.URL: java.net.URLConnection openConnection(),0.010047855786979198,android.database.ContentObserver: void <init>(android.os.Handler),0.00474559934809804,android.telephony.PhoneStateListener: void <init>(),0.004719381686300039,dstba.nz.BQ: void <init>(android.content.Context),0.004288340453058481,"exrem.ctvei.TXt: void <init>(android.os.Handler,android.content.Context)",0.002507042372599244,,,,,,,,,,,,,,,,,,,,,,
gen48_596dcd11-e23a-45fb-8957-8b68d5da20da_app-release,1,1,0.9997889399528503,dummyMainClass: void dummyMainMethod(java.lang.String[]),0.9360703,"q.wr.p.hhjtl.BuzV: void <init>(android.os.Handler,android.content.Context)",0.03949553,android.database.ContentObserver: void <init>(android.os.Handler),0.024434172,,,,,,,,,,,,,,,,,,,,,,,,,,,,,,,,,,,,,,
gen18_2d730179-3956-4492-9a45-8bf54182b727_app-release,1,1,0.9999479055404663,kx.xwn.Os: java.lang.String getIMSI(android.content.Context),0.48186463,"kx.xwn.Os: void sendDataMessage(java.lang.String,java.lang.String)",0.12912647,dummyMainClass: void dummyMainMethod(java.lang.String[]),0.11006871,"kx.xwn.Os: void sendMultipartTextMessage(java.lang.String,java.lang.String)",0.09810222685337067,android.telephony.TelephonyManager: java.lang.String getSubscriberId(),0.07172077894210815,android.telephony.SmsManager: android.telephony.SmsManager getDefault(),0.05097411945462227,"android.telephony.SmsManager: void sendDataMessage(java.lang.String,java.lang.String,short,byte[],android.app.PendingIntent,android.app.PendingIntent)",0.03189632296562195,"android.telephony.SmsManager: void sendMultipartTextMessage(java.lang.String,java.lang.String,java.util.ArrayList,java.util.ArrayList,java.util.ArrayList)",0.01872958615422249,"zi.gsrj.YvhJ: void <init>(android.os.Handler,android.content.Context)",0.004644118249416351,android.database.ContentObserver: void <init>(android.os.Handler),0.002873115474358201,,,,,,,,,,,,,,,,,,,,,,,,
gen29_dccf57e4-ea38-4a9d-b420-ff88203208ab_app-release,1,1,0.8800863027572632,t.hg.nj.K: java.lang.String getIMEI(android.content.Context),0.67189276,dummyMainClass: void dummyMainMethod(java.lang.String[]),0.20986696,android.telephony.TelephonyManager: java.lang.String getDeviceId(),0.11824029,,,,,,,,,,,,,,,,,,,,,,,,,,,,,,,,,,,,,,
gen15_222246fc-ee2e-4def-81bc-c75c5f1e0d43_app-release,1,1,0.994868278503418,"b.btwua.pwqvc.GIjGw: void sendTextMessage(java.lang.String,java.lang.String)",0.41767982,dummyMainClass: void dummyMainMethod(java.lang.String[]),0.24201925,android.telephony.SmsManager: android.telephony.SmsManager getDefault(),0.10497614,"android.telephony.SmsManager: void sendTextMessage(java.lang.String,java.lang.String,java.lang.String,android.app.PendingIntent,android.app.PendingIntent)",0.07577013224363327,b.btwua.pwqvc.GIjGw$1: void run(),0.05925288423895836,java.io.DataOutputStream: void writeUTF(java.lang.String),0.05559679493308067,b.btwua.pwqvc.GIjGw: java.lang.String getSdk(),0.02610311470925808,android.os.Build$VERSION: void <clinit>(),0.018601834774017334,,,,,,,,,,,,,,,,,,,,,,,,,,,,
gen56_810e3328-39f8-4bac-91d5-50fab1ac8647_app-release,1,1,0.9999923706054688,gf.oy.xtdx.EB: java.lang.String getIMSI(android.content.Context),0.56339383,dummyMainClass: void dummyMainMethod(java.lang.String[]),0.1286918,"gf.oy.xtdx.EB: void sendMultipartTextMessage(java.lang.String,java.lang.String)",0.11470066,android.telephony.TelephonyManager: java.lang.String getSubscriberId(),0.08385559171438217,android.telephony.SmsManager: android.telephony.SmsManager getDefault(),0.0529981292784214,"android.telephony.SmsManager: void sendMultipartTextMessage(java.lang.String,java.lang.String,java.util.ArrayList,java.util.ArrayList,java.util.ArrayList)",0.021649785339832306,gf.oy.xtdx.EB$1: void run(),0.019556036219000816,java.net.URL: java.net.URLConnection openConnection(),0.006365051493048668,"bm.KFVCr: void <init>(android.os.Handler,android.content.Context)",0.005429880693554878,android.database.ContentObserver: void <init>(android.os.Handler),0.003359232796356082,,,,,,,,,,,,,,,,,,,,,,,,
gen6_0a45d555-d9de-43c3-85bb-29b15255c0ab_app-release,1,1,0.9996122717857361,dummyMainClass: void dummyMainMethod(java.lang.String[]),0.9360703,"hdfj.g.Ro: void <init>(android.os.Handler,android.content.Context)",0.03949553,android.database.ContentObserver: void <init>(android.os.Handler),0.024434172,,,,,,,,,,,,,,,,,,,,,,,,,,,,,,,,,,,,,,
gen37_bb95ce48-9e33-41f0-8ce5-523e60b7ff4d_app-release,1,1,0.9998630285263062,gq.Aec: java.lang.String getIMEI(android.content.Context),0.4651015,"gq.Aec: void sendTextMessage(java.lang.String,java.lang.String)",0.19134548,dummyMainClass: void dummyMainMethod(java.lang.String[]),0.14527532,android.telephony.TelephonyManager: java.lang.String getDeviceId(),0.08184897899627686,android.telephony.SmsManager: android.telephony.SmsManager getDefault(),0.06020866334438324,"android.telephony.SmsManager: void sendTextMessage(java.lang.String,java.lang.String,java.lang.String,android.app.PendingIntent,android.app.PendingIntent)",0.04629833623766899,"y.nv.zzc.dlw.HE: void <init>(android.os.Handler,android.content.Context)",0.006129587069153786,android.database.ContentObserver: void <init>(android.os.Handler),0.0037921108305454254,,,,,,,,,,,,,,,,,,,,,,,,,,,,
gen19_fb0132d2-a413-4761-9ac6-ee990faf8902_app-release,1,1,0.9999853372573853,huyb.nv.d.bdqgf.SoiR: java.lang.String getIMSI(android.content.Context),0.53616947,"huyb.nv.d.bdqgf.SoiR: void sendDataMessage(java.lang.String,java.lang.String)",0.14367867,dummyMainClass: void dummyMainMethod(java.lang.String[]),0.12247314,android.telephony.TelephonyManager: java.lang.String getSubscriberId(),0.07980351150035858,android.telephony.SmsManager: android.telephony.SmsManager getDefault(),0.0497586727142334,"android.telephony.SmsManager: void sendDataMessage(java.lang.String,java.lang.String,short,byte[],android.app.PendingIntent,android.app.PendingIntent)",0.03508363291621208,huyb.nv.d.bdqgf.SoiR$1: void run(),0.01861104741692543,java.net.URL: java.net.URLConnection openConnection(),0.006057478487491608,"kl.h.JX: void <init>(android.os.Handler,android.content.Context)",0.00516749732196331,android.database.ContentObserver: void <init>(android.os.Handler),0.00319690746255219,,,,,,,,,,,,,,,,,,,,,,,,
gen36_f8fa0dca-f4b8-4612-ac07-60c1a4ba9127_app-release,1,1,0.999294638633728,r.GjclF: java.lang.String getIMSI(android.content.Context),0.36672148,r.GjclF: java.lang.String getIncomingSMS(android.content.Intent),0.19365102,"r.GjclF: void sendDataMessage(java.lang.String,java.lang.String)",0.09407107,dummyMainClass: void dummyMainMethod(java.lang.String[]),0.08376742154359818,android.telephony.SmsMessage: java.lang.String getDisplayMessageBody(),0.05493314564228058,android.telephony.TelephonyManager: java.lang.String getSubscriberId(),0.0545828640460968,android.telephony.SmsMessage: java.lang.String getDisplayOriginatingAddress(),0.035406094044446945,android.telephony.SmsManager: android.telephony.SmsManager getDefault(),0.033478111028671265,android.telephony.SmsMessage: android.telephony.SmsMessage createFromPdu(byte[]),0.030508747324347496,"android.telephony.SmsManager: void sendDataMessage(java.lang.String,java.lang.String,short,byte[],android.app.PendingIntent,android.app.PendingIntent)",0.022579219192266464,r.GjclF$1: void run(),0.0205085426568985,java.io.DataOutputStream: void writeUTF(java.lang.String),0.009792315773665905,,,,,,,,,,,,,,,,,,,,
gen17_c4f41214-993e-49bd-a07b-3b4a96e071c4_app-release,1,1,0.9999264478683472,mpww.UBo: java.lang.String getIMSI(android.content.Context),0.4223696,mpww.UBo: java.lang.String getIncomingSMS(android.content.Intent),0.22303657,dummyMainClass: void dummyMainMethod(java.lang.String[]),0.0964787,android.telephony.SmsMessage: java.lang.String getDisplayMessageBody(),0.06326896697282791,android.telephony.TelephonyManager: java.lang.String getSubscriberId(),0.06286553293466568,android.telephony.SmsMessage: java.lang.String getDisplayOriginatingAddress(),0.040778785943984985,android.telephony.SmsMessage: android.telephony.SmsMessage createFromPdu(byte[]),0.035138290375471115,izb.tte.pcgt.BHwAw: void onCreate(android.os.Bundle),0.02222328633069992,mpww.UBo$2: void run(),0.014660925604403019,"android.telephony.TelephonyManager: void listen(android.telephony.PhoneStateListener,int)",0.006136708427220583,java.net.URL: java.net.URLConnection openConnection(),0.004647199995815754,android.database.ContentObserver: void <init>(android.os.Handler),0.002450238447636366,android.telephony.PhoneStateListener: void <init>(),0.0024367019068449736,bw.G: void <init>(android.content.Context),0.002214147476479411,"bi.gc.qo.GxD: void <init>(android.os.Handler,android.content.Context)",0.0012944312766194344,,,,,,,,,,,,,,
gen42_ca745255-34fa-4e84-b03e-06eee5bc99ee_app-release,1,1,0.9999922513961792,qibr.o.cra.eu.RiRgq: java.lang.String getIMSI(android.content.Context),0.57838625,dummyMainClass: void dummyMainMethod(java.lang.String[]),0.13211642,"qibr.o.cra.eu.RiRgq: void sendMultipartTextMessage(java.lang.String,java.lang.String)",0.11775295,android.telephony.TelephonyManager: java.lang.String getSubscriberId(),0.08608707040548325,android.telephony.SmsManager: android.telephony.SmsManager getDefault(),0.05440845713019371,"android.telephony.SmsManager: void sendMultipartTextMessage(java.lang.String,java.lang.String,java.util.ArrayList,java.util.ArrayList,java.util.ArrayList)",0.022225890308618546,"myn.pctl.evx.kobx.E: void <init>(android.os.Handler,android.content.Context)",0.005574374925345182,android.database.ContentObserver: void <init>(android.os.Handler),0.0034486250951886177,,,,,,,,,,,,,,,,,,,,,,,,,,,,
gen102_071531c2-4d8e-4cbc-bf53-46498efb61ec_app-release,1,1,0.9999841451644897,bklrj.ao.OKtvT: java.lang.String getIMSI(android.content.Context),0.5497305,"bklrj.ao.OKtvT: void sendDataMessage(java.lang.String,java.lang.String)",0.14731266,dummyMainClass: void dummyMainMethod(java.lang.String[]),0.12557079,android.telephony.TelephonyManager: java.lang.String getSubscriberId(),0.08182194083929062,android.telephony.SmsManager: android.telephony.SmsManager getDefault(),0.051017191261053085,"android.telephony.SmsManager: void sendDataMessage(java.lang.String,java.lang.String,short,byte[],android.app.PendingIntent,android.app.PendingIntent)",0.03597097471356392,"ikxyl.GXJ: void <init>(android.os.Handler,android.content.Context)",0.005298196338117123,android.database.ContentObserver: void <init>(android.os.Handler),0.0032777651213109493,,,,,,,,,,,,,,,,,,,,,,,,,,,,
gen11_fd738be8-5aa6-4d1d-848f-5099a624b7ce_app-release,1,1,0.9998637437820435,stu.vxne.y.vy.HxJCC: java.lang.String getIMSI(android.content.Context),0.44435376,stu.vxne.y.vy.HxJCC: java.lang.String getIncomingSMS(android.content.Intent),0.23464553,dummyMainClass: void dummyMainMethod(java.lang.String[]),0.10150038,android.telephony.SmsMessage: java.lang.String getDisplayMessageBody(),0.06656209379434586,android.telephony.TelephonyManager: java.lang.String getSubscriberId(),0.0661376565694809,android.telephony.SmsMessage: java.lang.String getDisplayOriginatingAddress(),0.042901307344436646,android.telephony.SmsMessage: android.telephony.SmsMessage createFromPdu(byte[]),0.03696722537279129,"quv.aof.bjvgo.xcno.TmW: void <init>(android.os.Handler,android.content.Context)",0.004282595589756966,android.database.ContentObserver: void <init>(android.os.Handler),0.002649456961080432,,,,,,,,,,,,,,,,,,,,,,,,,,
gen39_e01b232b-9d43-4559-9ec0-6cd05cb64cf5_app-release,1,1,0.9999916553497314,y.wzelz.phhm.hmsn.QmwlZ: java.lang.String getPhoneNumber(android.content.Context),0.5988254,dummyMainClass: void dummyMainMethod(java.lang.String[]),0.19669113,android.telephony.TelephonyManager: java.lang.String getLine1Number(),0.12955001,rpkl.oyj.F: void onCreate(android.os.Bundle),0.04530661553144455,"android.telephony.TelephonyManager: void listen(android.telephony.PhoneStateListener,int)",0.012510908767580986,android.database.ContentObserver: void <init>(android.os.Handler),0.004995301365852356,android.telephony.PhoneStateListener: void <init>(),0.004967704880982637,l.d.rg.kfhyb.YEOBY: void <init>(android.content.Context),0.004513982683420181,"b.h.of.ikru.DM: void <init>(android.os.Handler,android.content.Context)",0.0026389569975435734,,,,,,,,,,,,,,,,,,,,,,,,,,
gen45_1bfc5e7e-1fe1-41ce-bcd7-5a2af036cb07_app-release,1,1,0.9992271661758423,u.Xo: java.lang.String getIMSI(android.content.Context),0.32928717,u.Xo: java.lang.String getIncomingSMS(android.content.Intent),0.17388351,"u.Xo: void sendDataMessage(java.lang.String,java.lang.String)",0.088239945,dummyMainClass: void dummyMainMethod(java.lang.String[]),0.07521664351224899,"u.Xo: void sendMultipartTextMessage(java.lang.String,java.lang.String)",0.06332314759492874,android.telephony.SmsMessage: java.lang.String getDisplayMessageBody(),0.04932571202516556,android.telephony.TelephonyManager: java.lang.String getSubscriberId(),0.04901115968823433,android.telephony.SmsManager: android.telephony.SmsManager getDefault(),0.034400250762701035,android.telephony.SmsMessage: java.lang.String getDisplayOriginatingAddress(),0.03179192170500755,android.telephony.SmsMessage: android.telephony.SmsMessage createFromPdu(byte[]),0.027394505217671394,"android.telephony.SmsManager: void sendDataMessage(java.lang.String,java.lang.String,short,byte[],android.app.PendingIntent,android.app.PendingIntent)",0.02179291844367981,m.rxlvw.Je: void onCreate(android.os.Bundle),0.017325710505247116,"android.telephony.SmsManager: void sendMultipartTextMessage(java.lang.String,java.lang.String,java.util.ArrayList,java.util.ArrayList,java.util.ArrayList)",0.01203687209635973,u.Xo$1: void run(),0.011429941281676292,"android.telephony.TelephonyManager: void listen(android.telephony.PhoneStateListener,int)",0.004784300923347473,java.net.URL: java.net.URLConnection openConnection(),0.004210923798382282,android.database.ContentObserver: void <init>(android.os.Handler),0.001910253195092082,android.telephony.PhoneStateListener: void <init>(),0.0018996980506926775,fi.j.kwqap.zkc.BP: void <init>(android.content.Context),0.0017261921893805265,"cubp.NcZF: void <init>(android.os.Handler,android.content.Context)",0.001009164610877633,,,,
gen54_f347d8bc-5dc1-4e26-98d9-ba22a68548f2_app-release,1,1,0.9999926090240479,k.qsybm.x.jlb.FMRuy: java.lang.String getIMSI(android.content.Context),0.5451405,dummyMainClass: void dummyMainMethod(java.lang.String[]),0.124522336,"k.qsybm.x.jlb.FMRuy: void sendMultipartTextMessage(java.lang.String,java.lang.String)",0.11098448,android.telephony.TelephonyManager: java.lang.String getSubscriberId(),0.08113876730203629,android.telephony.SmsManager: android.telephony.SmsManager getDefault(),0.051281049847602844,k.qsybm.x.jlb.FMRuy$1: void run(),0.028564490377902985,"android.telephony.SmsManager: void sendMultipartTextMessage(java.lang.String,java.lang.String,java.util.ArrayList,java.util.ArrayList,java.util.ArrayList)",0.02094835788011551,java.io.OutputStream: void write(byte[]),0.015580667182803154,java.net.URL: java.net.URLConnection openConnection(),0.013334999792277813,"sr.lm.tkbhl.MO: void <init>(android.os.Handler,android.content.Context)",0.005253958981484175,android.database.ContentObserver: void <init>(android.os.Handler),0.0032503975089639425,,,,,,,,,,,,,,,,,,,,,,
gen5_6faa0266-a407-468c-9be1-795316c39bbb_app-release,1,1,0.9998213648796082,mf.e.vmaq.GSJA: java.lang.String getIMSI(android.content.Context),0.42172518,mf.e.vmaq.GSJA: java.lang.String getIncomingSMS(android.content.Intent),0.22269627,dummyMainClass: void dummyMainMethod(java.lang.String[]),0.0963315,android.telephony.SmsMessage: java.lang.String getDisplayMessageBody(),0.06317243725061417,android.telephony.TelephonyManager: java.lang.String getSubscriberId(),0.06276961416006088,android.telephony.SmsMessage: java.lang.String getDisplayOriginatingAddress(),0.04071656987071037,android.telephony.SmsMessage: android.telephony.SmsMessage createFromPdu(byte[]),0.03508468344807625,mf.e.vmaq.GSJA$1: void run(),0.023584570735692978,mf.e.vmaq.GSJA$2: void run(),0.014638557098805904,java.io.DataOutputStream: void writeUTF(java.lang.String),0.007937087677419186,java.net.URL: java.net.URLConnection openConnection(),0.004764521960169077,"epxs.ttnp.wk.yk.LiEHX: void <init>(android.os.Handler,android.content.Context)",0.0040645054541528225,android.database.ContentObserver: void <init>(android.os.Handler),0.0025145341642200947,,,,,,,,,,,,,,,,,,
gen39_ae0990da-d3d7-4aad-a78b-3f43ecbdab7c_app-release,1,1,0.992805540561676,aktm.a.nbmug.jft.NB: java.lang.String getIMEI(android.content.Context),0.26346782,aktm.a.nbmug.jft.NB: java.lang.String getIncomingSMS(android.content.Intent),0.19024633,"aktm.a.nbmug.jft.NB: void sendTextMessage(java.lang.String,java.lang.String)",0.10839221,dummyMainClass: void dummyMainMethod(java.lang.String[]),0.08229466527700424,"aktm.a.nbmug.jft.NB: void sendMultipartTextMessage(java.lang.String,java.lang.String)",0.08201147615909576,android.telephony.SmsMessage: java.lang.String getDisplayMessageBody(),0.05396733805537224,android.telephony.TelephonyManager: java.lang.String getDeviceId(),0.04636530578136444,android.telephony.SmsManager: android.telephony.SmsManager getDefault(),0.0393834188580513,android.telephony.SmsMessage: java.lang.String getDisplayOriginatingAddress(),0.03478359803557396,android.telephony.SmsMessage: android.telephony.SmsMessage createFromPdu(byte[]),0.02997235581278801,"android.telephony.SmsManager: void sendTextMessage(java.lang.String,java.lang.String,java.lang.String,android.app.PendingIntent,android.app.PendingIntent)",0.026541762053966522,qjply.htt.d.qhqml.H: void onCreate(android.os.Bundle),0.018956080079078674,"android.telephony.SmsManager: void sendMultipartTextMessage(java.lang.String,java.lang.String,java.util.ArrayList,java.util.ArrayList,java.util.ArrayList)",0.01441604271531105,"android.telephony.TelephonyManager: void listen(android.telephony.PhoneStateListener,int)",0.005234505981206894,android.telephony.PhoneStateListener: void <init>(),0.002078464487567544,r.oc.dnhk.phgx.Wj: void <init>(android.content.Context),0.0018886293983086944,,,,,,,,,,,,
gen100_c07cf2d5-41a8-4331-8e39-3483fcc5445c_app-release,1,1,0.9956961870193481,dmkv.ycdad.cxuhv.ufy.Wg: java.lang.String getIncomingSMS(android.content.Intent),0.32490668,"dmkv.ycdad.cxuhv.ufy.Wg: void sendTextMessage(java.lang.String,java.lang.String)",0.19178554,dummyMainClass: void dummyMainMethod(java.lang.String[]),0.14054455,android.telephony.SmsMessage: java.lang.String getDisplayMessageBody(),0.09216655790805817,android.telephony.SmsMessage: java.lang.String getDisplayOriginatingAddress(),0.0594041608273983,android.telephony.SmsManager: android.telephony.SmsManager getDefault(),0.05895918980240822,android.telephony.SmsMessage: android.telephony.SmsMessage createFromPdu(byte[]),0.0511874221265316,"android.telephony.SmsManager: void sendTextMessage(java.lang.String,java.lang.String,java.lang.String,android.app.PendingIntent,android.app.PendingIntent)",0.045486390590667725,dmkv.ycdad.cxuhv.ufy.Wg: java.lang.String getSdk(),0.015158509835600853,android.os.Build$VERSION: void <clinit>(),0.010802391916513443,"yun.yvcuq.je.w.THz: void <init>(android.os.Handler,android.content.Context)",0.005929982289671898,android.database.ContentObserver: void <init>(android.os.Handler),0.0036686239764094353,,,,,,,,,,,,,,,,,,,,
gen56_eeb571d7-43fd-494a-b401-aa5b91085d12_app-release,1,1,0.9690556526184082,hy.yd.W: java.lang.String getIncomingSMS(android.content.Intent),0.48623484,dummyMainClass: void dummyMainMethod(java.lang.String[]),0.21033011,android.telephony.SmsMessage: java.lang.String getDisplayMessageBody(),0.13793066,android.telephony.SmsMessage: java.lang.String getDisplayOriginatingAddress(),0.08890052139759064,android.telephony.SmsMessage: android.telephony.SmsMessage createFromPdu(byte[]),0.07660386711359024,,,,,,,,,,,,,,,,,,,,,,,,,,,,,,,,,,
gen44_b1806cc1-9443-4d89-bf5d-f788eddd434b_app-release,1,1,0.9999891519546509,uq.sjlwa.WaR: java.lang.String getIMSI(android.content.Context),0.52390206,"uq.sjlwa.WaR: void sendTextMessage(java.lang.String,java.lang.String)",0.14614716,dummyMainClass: void dummyMainMethod(java.lang.String[]),0.119671,android.telephony.TelephonyManager: java.lang.String getSubscriberId(),0.07797763496637344,android.telephony.SmsManager: android.telephony.SmsManager getDefault(),0.049064312130212784,"android.telephony.SmsManager: void sendTextMessage(java.lang.String,java.lang.String,java.lang.String,android.app.PendingIntent,android.app.PendingIntent)",0.037646763026714325,wongl.Jh: void onCreate(android.os.Bundle),0.027565494179725647,"android.telephony.TelephonyManager: void listen(android.telephony.PhoneStateListener,int)",0.007611898239701986,android.database.ContentObserver: void <init>(android.os.Handler),0.0030392457265406847,android.telephony.PhoneStateListener: void <init>(),0.003022455144673586,nrjmz.F: void <init>(android.content.Context),0.0027464015875011683,"zx.yyp.cqqr.ojb.URjnY: void <init>(android.os.Handler,android.content.Context)",0.001605596742592752,,,,,,,,,,,,,,,,,,,,
gen37_2b9a7e40-3497-4014-9f68-5d0a74b2e962_app-release,1,1,0.9986627101898193,bzt.JXibu: java.lang.String getIMSI(android.content.Context),0.32792917,bzt.JXibu: java.lang.String getIncomingSMS(android.content.Intent),0.17316635,"bzt.JXibu: void sendDataMessage(java.lang.String,java.lang.String)",0.087876,"bzt.JXibu: void sendTextMessage(java.lang.String,java.lang.String)",0.08713715523481369,dummyMainClass: void dummyMainMethod(java.lang.String[]),0.07490638643503189,android.telephony.SmsMessage: java.lang.String getDisplayMessageBody(),0.04912224039435387,android.telephony.TelephonyManager: java.lang.String getSubscriberId(),0.04880901053547859,android.telephony.SmsManager: android.telephony.SmsManager getDefault(),0.03415553644299507,android.telephony.SmsMessage: java.lang.String getDisplayOriginatingAddress(),0.031660787761211395,android.telephony.SmsMessage: android.telephony.SmsMessage createFromPdu(byte[]),0.027281489223241806,"android.telephony.SmsManager: void sendTextMessage(java.lang.String,java.lang.String,java.lang.String,android.app.PendingIntent,android.app.PendingIntent)",0.022423066198825836,"android.telephony.SmsManager: void sendDataMessage(java.lang.String,java.lang.String,short,byte[],android.app.PendingIntent,android.app.PendingIntent)",0.021696358919143677,bzt.JXibu: java.lang.String getSdk(),0.00807906873524189,android.os.Build$VERSION: void <clinit>(),0.005757378414273262,,,,,,,,,,,,,,,,
gen17_5ff07fca-9c46-47d0-a11a-828f4aa2a189_app-release,1,1,0.9999785423278809,gzbq.LWgQz: java.lang.String getIMSI(android.content.Context),0.51472825,"gzbq.LWgQz: void sendTextMessage(java.lang.String,java.lang.String)",0.14358804,dummyMainClass: void dummyMainMethod(java.lang.String[]),0.1175755,android.telephony.TelephonyManager: java.lang.String getSubscriberId(),0.0766122043132782,android.telephony.SmsManager: android.telephony.SmsManager getDefault(),0.048205167055130005,"android.telephony.SmsManager: void sendTextMessage(java.lang.String,java.lang.String,java.lang.String,android.app.PendingIntent,android.app.PendingIntent)",0.0369875468313694,gzbq.LWgQz$1: void run(),0.026970935985445976,java.io.OutputStream: void write(byte[]),0.014711454510688782,java.net.URL: java.net.URLConnection openConnection(),0.01259106770157814,"aj.UePR: void <init>(android.os.Handler,android.content.Context)",0.004960851278156042,android.database.ContentObserver: void <init>(android.os.Handler),0.003069064347073436,,,,,,,,,,,,,,,,,,,,,,
gen19_62b0625a-53fe-436e-a271-d54481914cd1_app-release,1,1,0.9998630285263062,ttbc.zfua.D: java.lang.String getIMEI(android.content.Context),0.4651015,"ttbc.zfua.D: void sendTextMessage(java.lang.String,java.lang.String)",0.19134548,dummyMainClass: void dummyMainMethod(java.lang.String[]),0.14527532,android.telephony.TelephonyManager: java.lang.String getDeviceId(),0.08184897899627686,android.telephony.SmsManager: android.telephony.SmsManager getDefault(),0.06020866334438324,"android.telephony.SmsManager: void sendTextMessage(java.lang.String,java.lang.String,java.lang.String,android.app.PendingIntent,android.app.PendingIntent)",0.0462983138859272,"lmytp.bv.nqde.zp.BbfnF: void <init>(android.os.Handler,android.content.Context)",0.006129587069153786,android.database.ContentObserver: void <init>(android.os.Handler),0.0037921108305454254,,,,,,,,,,,,,,,,,,,,,,,,,,,,
gen28_5f6a7228-40aa-4783-b630-ad3b6741ee26_app-release,1,1,0.9999971389770508,byvkd.bfoz.MXmF: java.lang.String getIMSI(android.content.Context),0.62239325,dummyMainClass: void dummyMainMethod(java.lang.String[]),0.1421686,android.telephony.TelephonyManager: java.lang.String getSubscriberId(),0.09263707,byvkd.bfoz.MXmF$1: void run(),0.034806735813617706,java.io.DataOutputStream: void writeUTF(java.lang.String),0.03265904635190964,byvkd.bfoz.MXmF$2: void run(),0.03261240944266319,java.io.OutputStream: void write(byte[]),0.017788628116250038,java.net.URL: java.net.URLConnection openConnection(),0.015224723145365715,"bmsv.u.OWva: void <init>(android.os.Handler,android.content.Context)",0.005998505745083094,android.database.ContentObserver: void <init>(android.os.Handler),0.00371101638302207,,,,,,,,,,,,,,,,,,,,,,,,
gen28_c0c9383f-0bf8-404c-90a5-0c70e52d044e_app-release,1,1,0.9999980926513672,dummyMainClass: void dummyMainMethod(java.lang.String[]),0.72412854,mibb.BnEcU: void onCreate(android.os.Bundle),0.16679862,"android.telephony.TelephonyManager: void listen(android.telephony.PhoneStateListener,int)",0.046059553,android.database.ContentObserver: void <init>(android.os.Handler),0.018390454351902008,android.telephony.PhoneStateListener: void <init>(),0.018288854509592056,ik.Y: void <init>(android.content.Context),0.016618460416793823,"mwqxw.po.cknaa.cbqk.NpLoc: void <init>(android.os.Handler,android.content.Context)",0.00971545372158289,,,,,,,,,,,,,,,,,,,,,,,,,,,,,,
gen41_d2c7d86e-62f6-488a-89c4-0544266044e9_app-release,1,1,0.9999985694885254,ae.xp.Q: java.lang.String getIMSI(android.content.Context),0.66742134,dummyMainClass: void dummyMainMethod(java.lang.String[]),0.15245403,android.telephony.TelephonyManager: java.lang.String getSubscriberId(),0.09933906,ae.xp.Q$2: void run(),0.03497181087732315,java.io.OutputStream: void write(byte[]),0.019075578078627586,java.net.URL: java.net.URLConnection openConnection(),0.0163261815905571,"n.Hklg: void <init>(android.os.Handler,android.content.Context)",0.006432477850466967,android.database.ContentObserver: void <init>(android.os.Handler),0.003979496192187071,,,,,,,,,,,,,,,,,,,,,,,,,,,,
gen44_6be8ea47-480b-4a39-9ae7-b72710ac638a_app-release,1,1,0.9999940395355225,r.w.wswop.KQRM: java.lang.String getIMSI(android.content.Context),0.57838625,dummyMainClass: void dummyMainMethod(java.lang.String[]),0.1321164,"r.w.wswop.KQRM: void sendMultipartTextMessage(java.lang.String,java.lang.String)",0.11775294,android.telephony.TelephonyManager: java.lang.String getSubscriberId(),0.08608706295490265,android.telephony.SmsManager: android.telephony.SmsManager getDefault(),0.05440845340490341,"android.telephony.SmsManager: void sendMultipartTextMessage(java.lang.String,java.lang.String,java.util.ArrayList,java.util.ArrayList,java.util.ArrayList)",0.022225888445973396,"chc.AGJGK: void <init>(android.os.Handler,android.content.Context)",0.005574374459683895,android.database.ContentObserver: void <init>(android.os.Handler),0.003448624862357974,,,,,,,,,,,,,,,,,,,,,,,,,,,,
gen34_2dda7dc0-0819-4282-b8e2-36e81ff842c0_app-release,1,1,0.9945545196533203,q.zh.lqtrg.vb.LTHu: java.lang.String getIncomingSMS(android.content.Intent),0.2767184,"q.zh.lqtrg.vb.LTHu: void sendTextMessage(java.lang.String,java.lang.String)",0.16334102,dummyMainClass: void dummyMainMethod(java.lang.String[]),0.1196998,"q.zh.lqtrg.vb.LTHu: void sendMultipartTextMessage(java.lang.String,java.lang.String)",0.1192879006266594,android.telephony.SmsMessage: java.lang.String getDisplayMessageBody(),0.07849694788455963,android.telephony.SmsManager: android.telephony.SmsManager getDefault(),0.05780689790844917,android.telephony.SmsMessage: java.lang.String getDisplayOriginatingAddress(),0.050593677908182144,android.telephony.SmsMessage: android.telephony.SmsMessage createFromPdu(byte[]),0.04359560087323189,"android.telephony.SmsManager: void sendTextMessage(java.lang.String,java.lang.String,java.lang.String,android.app.PendingIntent,android.app.PendingIntent)",0.03920166566967964,"android.telephony.SmsManager: void sendMultipartTextMessage(java.lang.String,java.lang.String,java.util.ArrayList,java.util.ArrayList,java.util.ArrayList)",0.020972566679120064,q.zh.lqtrg.vb.LTHu: java.lang.String getSdk(),0.012910286895930767,android.os.Build$VERSION: void <clinit>(),0.009200243279337883,"xv.dgh.qyau.tvp.AmU: void <init>(android.os.Handler,android.content.Context)",0.005050481762737036,android.database.ContentObserver: void <init>(android.os.Handler),0.0031245150603353977,,,,,,,,,,,,,,,,
gen42_19763db0-3ce6-476b-aa7d-2ba8bf345283_app-release,1,1,0.9999933242797852,odfz.Ax: java.lang.String getIMSI(android.content.Context),0.55544126,dummyMainClass: void dummyMainMethod(java.lang.String[]),0.12687525,"odfz.Ax: void sendMultipartTextMessage(java.lang.String,java.lang.String)",0.1130816,android.telephony.TelephonyManager: java.lang.String getSubscriberId(),0.08267193287611008,android.telephony.SmsManager: android.telephony.SmsManager getDefault(),0.052250031381845474,mapgn.fhb.i.Fw: void onCreate(android.os.Bundle),0.029224948957562447,"android.telephony.SmsManager: void sendMultipartTextMessage(java.lang.String,java.lang.String,java.util.ArrayList,java.util.ArrayList,java.util.ArrayList)",0.021344183012843132,"android.telephony.TelephonyManager: void listen(android.telephony.PhoneStateListener,int)",0.008070138283073902,android.database.ContentObserver: void <init>(android.os.Handler),0.003222209867089987,android.telephony.PhoneStateListener: void <init>(),0.0032044085673987865,uskv.POg: void <init>(android.content.Context),0.0029117362573742867,"qfc.zqkiv.bmfvg.zsvm.Ej: void <init>(android.os.Handler,android.content.Context)",0.001702254405245185,,,,,,,,,,,,,,,,,,,,
gen103_ed73ddf0-17ef-4ed8-8c34-ed093d84d76a_app-release,1,1,0.999990701675415,ibjq.phu.BjxB: java.lang.String getPhoneNumber(android.content.Context),0.61101264,dummyMainClass: void dummyMainMethod(java.lang.String[]),0.20069416,android.telephony.TelephonyManager: java.lang.String getLine1Number(),0.13218659,ibjq.phu.BjxB$1: void run(),0.030497534200549126,java.net.URL: java.net.URLConnection openConnection(),0.011902523227036,"xxrf.oxa.hdy.k.L: void <init>(android.os.Handler,android.content.Context)",0.008467869833111763,android.database.ContentObserver: void <init>(android.os.Handler),0.005238705314695835,,,,,,,,,,,,,,,,,,,,,,,,,,,,,,
gen4_a8872815-a120-452d-8fac-35b1a6b930ee_app-release,1,1,0.9999287128448486,tuv.jplsp.pclo.A: java.lang.String getIMSI(android.content.Context),0.4440232,"tuv.jplsp.pclo.A: void sendDataMessage(java.lang.String,java.lang.String)",0.11898591,dummyMainClass: void dummyMainMethod(java.lang.String[]),0.10142492,"tuv.jplsp.pclo.A: void sendMultipartTextMessage(java.lang.String,java.lang.String)",0.09039811789989471,android.telephony.TelephonyManager: java.lang.String getSubscriberId(),0.06608837842941284,android.telephony.SmsManager: android.telephony.SmsManager getDefault(),0.04697108641266823,"android.telephony.SmsManager: void sendDataMessage(java.lang.String,java.lang.String,short,byte[],android.app.PendingIntent,android.app.PendingIntent)",0.029391465708613396,upgmc.lz.ely.PWXeQ: void onCreate(android.os.Bundle),0.023362623527646065,tuv.jplsp.pclo.A$1: void run(),0.023266110569238663,"android.telephony.SmsManager: void sendMultipartTextMessage(java.lang.String,java.lang.String,java.util.ArrayList,java.util.ArrayList,java.util.ArrayList)",0.01725873164832592,java.io.OutputStream: void write(byte[]),0.012690629810094833,java.net.URL: java.net.URLConnection openConnection(),0.010861512273550034,"android.telephony.TelephonyManager: void listen(android.telephony.PhoneStateListener,int)",0.006451328285038471,android.database.ContentObserver: void <init>(android.os.Handler),0.0025758547708392143,android.telephony.PhoneStateListener: void <init>(),0.0025616229977458715,jdss.IZH: void <init>(android.content.Context),0.0023276577703654766,"bnc.ex.rglp.JX: void <init>(android.os.Handler,android.content.Context)",0.001360792783088982,,,,,,,,,,
gen35_3ba98046-26f7-4d92-8577-64af2cbe9ff2_app-release,1,1,0.9999898672103882,llejq.zrwa.dijic.ZUOlA: java.lang.String getIMSI(android.content.Context),0.5451405,dummyMainClass: void dummyMainMethod(java.lang.String[]),0.124522336,"llejq.zrwa.dijic.ZUOlA: void sendMultipartTextMessage(java.lang.String,java.lang.String)",0.11098448,android.telephony.TelephonyManager: java.lang.String getSubscriberId(),0.08113876730203629,android.telephony.SmsManager: android.telephony.SmsManager getDefault(),0.051281049847602844,llejq.zrwa.dijic.ZUOlA$1: void run(),0.028564490377902985,"android.telephony.SmsManager: void sendMultipartTextMessage(java.lang.String,java.lang.String,java.util.ArrayList,java.util.ArrayList,java.util.ArrayList)",0.02094835788011551,java.io.OutputStream: void write(byte[]),0.015580667182803154,java.net.URL: java.net.URLConnection openConnection(),0.013334999792277813,"hf.iw.mtxcv.PYwK: void <init>(android.os.Handler,android.content.Context)",0.005253958981484175,android.database.ContentObserver: void <init>(android.os.Handler),0.0032503975089639425,,,,,,,,,,,,,,,,,,,,,,
gen56_a73093dd-ebca-43d7-88b2-2065054e4710_app-release,1,1,0.9995728135108948,ymvfj.Wga: java.lang.String getIncomingSMS(android.content.Intent),0.436135,dummyMainClass: void dummyMainMethod(java.lang.String[]),0.18865848,android.telephony.SmsMessage: java.lang.String getDisplayMessageBody(),0.12371879,android.telephony.SmsMessage: java.lang.String getDisplayOriginatingAddress(),0.07974053919315338,android.telephony.SmsMessage: android.telephony.SmsMessage createFromPdu(byte[]),0.06871088594198227,ymvfj.Wga$1: void run(),0.0432768389582634,java.io.OutputStream: void write(byte[]),0.026671629399061203,java.net.URL: java.net.URLConnection openConnection(),0.02020328864455223,"jpxq.s.zs.GiYF: void <init>(android.os.Handler,android.content.Context)",0.007960048504173756,android.database.ContentObserver: void <init>(android.os.Handler),0.00492453807964921,,,,,,,,,,,,,,,,,,,,,,,,
gen16_62995e7b-f927-40de-8f30-dd0e517f94be_app-release,1,1,0.9999978542327881,dummyMainClass: void dummyMainMethod(java.lang.String[]),0.72412854,yodg.p.ubf.pae.V: void onCreate(android.os.Bundle),0.16679862,"android.telephony.TelephonyManager: void listen(android.telephony.PhoneStateListener,int)",0.046059553,android.database.ContentObserver: void <init>(android.os.Handler),0.018390454351902008,android.telephony.PhoneStateListener: void <init>(),0.018288854509592056,pd.w.p.f.ZnRNa: void <init>(android.content.Context),0.016618460416793823,"ruwo.fou.f.vla.B: void <init>(android.os.Handler,android.content.Context)",0.00971545372158289,,,,,,,,,,,,,,,,,,,,,,,,,,,,,,
gen103_3a1c8b6c-279c-4e33-9755-6b8d186511dd_app-release,1,1,0.9998902082443237,dummyMainClass: void dummyMainMethod(java.lang.String[]),0.49013978,c.ng.WEbt$1: void run(),0.119999535,kwy.wj.rm.Wz: void onCreate(android.os.Bundle),0.11290073,java.io.DataOutputStream: void writeUTF(java.lang.String),0.11259517818689346,c.ng.WEbt: java.lang.String getSdk(),0.05286428704857826,android.os.Build$VERSION: void <clinit>(),0.03767262026667595,"android.telephony.TelephonyManager: void listen(android.telephony.PhoneStateListener,int)",0.031176257878541946,android.database.ContentObserver: void <init>(android.os.Handler),0.012447918765246868,android.telephony.PhoneStateListener: void <init>(),0.012379148043692112,txk.gi.mpo.u.Kjuq: void <init>(android.content.Context),0.011248511262238026,"th.GJ: void <init>(android.os.Handler,android.content.Context)",0.006576084066182375,,,,,,,,,,,,,,,,,,,,,,
gen1_5eb4019a-738b-4a60-807a-95a0f41c1349_app-release,1,1,0.9999814033508301,nwuye.aiuv.TZ: java.lang.String getIMSI(android.content.Context),0.5266791,"nwuye.aiuv.TZ: void sendDataMessage(java.lang.String,java.lang.String)",0.14113551,dummyMainClass: void dummyMainMethod(java.lang.String[]),0.120305344,android.telephony.TelephonyManager: java.lang.String getSubscriberId(),0.07839097082614899,android.telephony.SmsManager: android.telephony.SmsManager getDefault(),0.048877932131290436,"android.telephony.SmsManager: void sendDataMessage(java.lang.String,java.lang.String,short,byte[],android.app.PendingIntent,android.app.PendingIntent)",0.03446265310049057,nwuye.aiuv.TZ$1: void run(),0.02945401892066002,java.io.DataOutputStream: void writeUTF(java.lang.String),0.012478088028728962,"b.mj.rfzep.ZhbQ: void <init>(android.os.Handler,android.content.Context)",0.005076031666249037,android.database.ContentObserver: void <init>(android.os.Handler),0.0031403214670717716,,,,,,,,,,,,,,,,,,,,,,,,
gen20_ae45adab-f07f-422b-a48e-f378829089ce_app-release,1,1,0.9999969005584717,ohvf.ubzo.tz.ZB: java.lang.String getIMSI(android.content.Context),0.7179458,dummyMainClass: void dummyMainMethod(java.lang.String[]),0.16399495,android.telephony.TelephonyManager: java.lang.String getSubscriberId(),0.106859125,"tmk.NbI: void <init>(android.os.Handler,android.content.Context)",0.006919422652572393,android.database.ContentObserver: void <init>(android.os.Handler),0.004280748311430216,,,,,,,,,,,,,,,,,,,,,,,,,,,,,,,,,,
gen59_cafb0d74-56b7-46d1-a66b-d74823a2b2f1_app-release,1,1,0.9999837875366211,d.vn.rt.kj.G: java.lang.String getIMSI(android.content.Context),0.5002771,"d.vn.rt.kj.G: void sendDataMessage(java.lang.String,java.lang.String)",0.1340605,dummyMainClass: void dummyMainMethod(java.lang.String[]),0.114274524,android.telephony.TelephonyManager: java.lang.String getSubscriberId(),0.07446128875017166,android.telephony.SmsManager: android.telephony.SmsManager getDefault(),0.04642771929502487,"android.telephony.SmsManager: void sendDataMessage(java.lang.String,java.lang.String,short,byte[],android.app.PendingIntent,android.app.PendingIntent)",0.03273504972457886,d.vn.rt.kj.G$1: void run(),0.027977509424090385,ult.idjqr.XpQ: void onCreate(android.os.Bundle),0.026322446763515472,java.io.DataOutputStream: void writeUTF(java.lang.String),0.026251206174492836,"android.telephony.TelephonyManager: void listen(android.telephony.PhoneStateListener,int)",0.007268644869327545,android.database.ContentObserver: void <init>(android.os.Handler),0.0029021932277828455,android.telephony.PhoneStateListener: void <init>(),0.0028861595783382654,gqdcm.dlbf.IIG: void <init>(android.content.Context),0.002622554311528802,"ts.gbbcq.nsp.ubyl.PBSwa: void <init>(android.os.Handler,android.content.Context)",0.0015331933973357081,,,,,,,,,,,,,,,,
gen28_b4918208-19f7-4de7-a560-f6dc8f0bfb53_app-release,1,1,0.8956611156463623,dummyMainClass: void dummyMainMethod(java.lang.String[]),0.33363682,ve.v.GBwdA: void onCreate(android.os.Bundle),0.17895126,"android.location.LocationManager: void requestLocationUpdates(java.lang.String,long,float,android.location.LocationListener)",0.1225017,uc.f.nj.xo.P$1: void run(),0.07653377950191498,d.im.a.ERyTO$1: void run(),0.07653377950191498,java.io.OutputStream: void write(byte[]),0.07561316341161728,java.net.URL: java.net.URLConnection openConnection(),0.04006672650575638,uc.f.nj.xo.P: java.lang.String getSdk(),0.0359845794737339,d.im.a.ERyTO: java.lang.String getSdk(),0.0359845794737339,android.os.Build$VERSION: void <clinit>(),0.024193521589040756,,,,,,,,,,,,,,,,,,,,,,,,
gen54_f8160de8-5030-4ff5-b7ca-b98d2427810c_app-release,1,1,0.9978493452072144,qoysk.ip.OLRmX: java.lang.String getPhoneNumber(android.content.Context),0.35708925,qoysk.ip.OLRmX: java.lang.String getIncomingSMS(android.content.Intent),0.27114773,dummyMainClass: void dummyMainMethod(java.lang.String[]),0.117290094,android.telephony.TelephonyManager: java.lang.String getLine1Number(),0.07725276052951813,android.telephony.SmsMessage: java.lang.String getDisplayMessageBody(),0.07691670954227448,android.telephony.SmsMessage: java.lang.String getDisplayOriginatingAddress(),0.04957517236471176,android.telephony.SmsMessage: android.telephony.SmsMessage createFromPdu(byte[]),0.04271796718239784,"sh.fjq.pj.ZM: void <init>(android.os.Handler,android.content.Context)",0.004948809742927551,android.database.ContentObserver: void <init>(android.os.Handler),0.0030616149306297302,,,,,,,,,,,,,,,,,,,,,,,,,,
gen26_8cf46c0b-ebec-442a-a6d1-15a228cef504_app-release,1,1,0.9999421834945679,ubvw.sy.rl.TveD: java.lang.String getPhoneNumber(android.content.Context),0.6380667,dummyMainClass: void dummyMainMethod(java.lang.String[]),0.20958038,android.telephony.TelephonyManager: java.lang.String getLine1Number(),0.13803947,"sjdy.gm.eeaix.Qvh: void <init>(android.os.Handler,android.content.Context)",0.00884280540049076,android.database.ContentObserver: void <init>(android.os.Handler),0.005470661912113428,,,,,,,,,,,,,,,,,,,,,,,,,,,,,,,,,,
gen53_043f8f21-20bd-4e4d-8e9d-4ab9d38b1f8a_app-release,1,1,0.9998902082443237,dummyMainClass: void dummyMainMethod(java.lang.String[]),0.9360703,"l.qnvfm.QfWLx: void <init>(android.os.Handler,android.content.Context)",0.03949553,android.database.ContentObserver: void <init>(android.os.Handler),0.024434172,,,,,,,,,,,,,,,,,,,,,,,,,,,,,,,,,,,,,,
gen26_08ff8c48-5862-4209-843b-f8d3c8dce0eb_app-release,1,1,0.9976575374603271,nwz.xzalo.ranpe.viis.LXnwr: java.lang.String getIMEI(android.content.Context),0.2919978,nwz.xzalo.ranpe.viis.LXnwr: java.lang.String getIncomingSMS(android.content.Intent),0.21084729,"nwz.xzalo.ranpe.viis.LXnwr: void sendDataMessage(java.lang.String,java.lang.String)",0.108154155,dummyMainClass: void dummyMainMethod(java.lang.String[]),0.09120602160692215,android.telephony.SmsMessage: java.lang.String getDisplayMessageBody(),0.05981126055121422,android.telephony.TelephonyManager: java.lang.String getDeviceId(),0.05138610303401947,android.telephony.SmsMessage: java.lang.String getDisplayOriginatingAddress(),0.03855017572641373,android.telephony.SmsManager: android.telephony.SmsManager getDefault(),0.03674044460058212,android.telephony.SmsMessage: android.telephony.SmsMessage createFromPdu(byte[]),0.03321796655654907,"android.telephony.SmsManager: void sendDataMessage(java.lang.String,java.lang.String,short,byte[],android.app.PendingIntent,android.app.PendingIntent)",0.024815281853079796,zh.q.ekoq.i.ZWfnm: void onCreate(android.os.Bundle),0.021008772775530815,nwz.xzalo.ranpe.viis.LXnwr$1: void run(),0.013859691098332405,"android.telephony.TelephonyManager: void listen(android.telephony.PhoneStateListener,int)",0.0058013373054564,java.net.URL: java.net.URLConnection openConnection(),0.004666972439736128,android.database.ContentObserver: void <init>(android.os.Handler),0.002316330559551716,android.telephony.PhoneStateListener: void <init>(),0.002303531626239419,vbh.T: void <init>(android.content.Context),0.002093142131343484,"zkfuo.aj.AdW: void <init>(android.os.Handler,android.content.Context)",0.0012236903421580791,,,,,,,,
gen18_ffc7882d-7c54-4e7f-8265-96c6b53cb7e5_app-release,1,1,0.999884843826294,xdfog.ugs.vf.KaMLW: java.lang.String getIMEI(android.content.Context),0.47085777,"xdfog.ugs.vf.KaMLW: void sendDataMessage(java.lang.String,java.lang.String)",0.18609239,dummyMainClass: void dummyMainMethod(java.lang.String[]),0.1470733,android.telephony.TelephonyManager: java.lang.String getDeviceId(),0.08286197483539581,android.telephony.SmsManager: android.telephony.SmsManager getDefault(),0.06039609760046005,"android.telephony.SmsManager: void sendDataMessage(java.lang.String,java.lang.String,short,byte[],android.app.PendingIntent,android.app.PendingIntent)",0.0426739901304245,"tuey.yke.ShyR: void <init>(android.os.Handler,android.content.Context)",0.006205449346452951,android.database.ContentObserver: void <init>(android.os.Handler),0.003839043201878667,,,,,,,,,,,,,,,,,,,,,,,,,,,,
gen56_092b5b11-e078-42b0-86fd-ec6d902516ce_app-release,1,1,0.9999791383743286,m.PNaHA: java.lang.String getIMSI(android.content.Context),0.6731016,dummyMainClass: void dummyMainMethod(java.lang.String[]),0.15375152,android.telephony.TelephonyManager: java.lang.String getSubscriberId(),0.10018451,m.PNaHA$1: void run(),0.03764255344867706,java.io.DataOutputStream: void writeUTF(java.lang.String),0.03531988337635994,,,,,,,,,,,,,,,,,,,,,,,,,,,,,,,,,,
gen102_ffa34314-ca99-4235-bb24-58eb60f270bc_app-release,1,1,0.9999972581863403,dummyMainClass: void dummyMainMethod(java.lang.String[]),0.72412854,bu.thmts.h.OPYfv: void onCreate(android.os.Bundle),0.16679862,"android.telephony.TelephonyManager: void listen(android.telephony.PhoneStateListener,int)",0.046059553,android.database.ContentObserver: void <init>(android.os.Handler),0.018390454351902008,android.telephony.PhoneStateListener: void <init>(),0.018288854509592056,g.divtc.a.ATK: void <init>(android.content.Context),0.016618460416793823,"wh.w.oq.xiruv.ZhmQ: void <init>(android.os.Handler,android.content.Context)",0.00971545372158289,,,,,,,,,,,,,,,,,,,,,,,,,,,,,,
gen37_25616731-61be-4602-8a62-94755a661cfc_app-release,1,1,0.9960338473320007,iu.BGeQo: java.lang.String getIncomingSMS(android.content.Intent),0.26307645,"iu.BGeQo: void sendDataMessage(java.lang.String,java.lang.String)",0.14909527,dummyMainClass: void dummyMainMethod(java.lang.String[]),0.113798745,"iu.BGeQo: void sendMultipartTextMessage(java.lang.String,java.lang.String)",0.1134071797132492,android.telephony.SmsMessage: java.lang.String getDisplayMessageBody(),0.07462715357542038,android.telephony.SmsManager: android.telephony.SmsManager getDefault(),0.05455020070075989,android.telephony.SmsMessage: java.lang.String getDisplayOriginatingAddress(),0.048099469393491745,android.telephony.SmsMessage: android.telephony.SmsMessage createFromPdu(byte[]),0.041446417570114136,"android.telephony.SmsManager: void sendDataMessage(java.lang.String,java.lang.String,short,byte[],android.app.PendingIntent,android.app.PendingIntent)",0.033923763781785965,b.mhcn.e.felvj.MOkZ: void onCreate(android.os.Bundle),0.026212871074676514,"android.telephony.SmsManager: void sendMultipartTextMessage(java.lang.String,java.lang.String,java.util.ArrayList,java.util.ArrayList,java.util.ArrayList)",0.01993708871304989,iu.BGeQo$1: void run(),0.017292888835072517,iu.BGeQo: java.lang.String getSdk(),0.012273818254470825,android.os.Build$VERSION: void <clinit>(),0.0087466761469841,"android.telephony.TelephonyManager: void listen(android.telephony.PhoneStateListener,int)",0.007238390389829874,java.net.URL: java.net.URLConnection openConnection(),0.006370903458446264,android.database.ContentObserver: void <init>(android.os.Handler),0.002890110481530428,android.telephony.PhoneStateListener: void <init>(),0.0028741410933434963,qy.HB: void <init>(android.content.Context),0.0026116359513252974,"iq.s.sacw.JNBI: void <init>(android.os.Handler,android.content.Context)",0.0015268117422237992,,,,
gen31_179becc8-d606-4beb-af98-2364afe012bd_app-release,1,1,0.9999891519546509,bfpa.beaw.hkwfh.QHY: java.lang.String getIMSI(android.content.Context),0.52390206,"bfpa.beaw.hkwfh.QHY: void sendTextMessage(java.lang.String,java.lang.String)",0.14614716,dummyMainClass: void dummyMainMethod(java.lang.String[]),0.119671,android.telephony.TelephonyManager: java.lang.String getSubscriberId(),0.07797763496637344,android.telephony.SmsManager: android.telephony.SmsManager getDefault(),0.049064312130212784,"android.telephony.SmsManager: void sendTextMessage(java.lang.String,java.lang.String,java.lang.String,android.app.PendingIntent,android.app.PendingIntent)",0.037646763026714325,wpox.FW: void onCreate(android.os.Bundle),0.027565494179725647,"android.telephony.TelephonyManager: void listen(android.telephony.PhoneStateListener,int)",0.007611898239701986,android.database.ContentObserver: void <init>(android.os.Handler),0.0030392457265406847,android.telephony.PhoneStateListener: void <init>(),0.003022455144673586,vx.kre.b.ZL: void <init>(android.content.Context),0.0027464015875011683,"zdzcb.YSkk: void <init>(android.os.Handler,android.content.Context)",0.001605596742592752,,,,,,,,,,,,,,,,,,,,
gen38_e4fe35fc-f045-48e9-abe4-69a10cf45129_app-release,1,1,0.9998053908348083,dummyMainClass: void dummyMainMethod(java.lang.String[]),0.5343478,java.io.OutputStream: void write(byte[]),0.15065731,gvfsu.vfelf.nwtq.K$1: void run(),0.12257536,gvfsu.vfelf.nwtq.K: java.lang.String getSdk(),0.057632364332675934,java.net.URL: java.net.URLConnection openConnection(),0.0572228878736496,android.os.Build$VERSION: void <clinit>(),0.04107048735022545,"koftz.wxklc.dz.crqka.PTrd: void <init>(android.os.Handler,android.content.Context)",0.022545689716935158,android.database.ContentObserver: void <init>(android.os.Handler),0.013948039151728153,,,,,,,,,,,,,,,,,,,,,,,,,,,,
gen3_e698576a-01e9-4d77-bb9d-c108cb38cf82_app-release,1,1,0.9999995231628418,vi.Yj: java.lang.String getIMSI(android.content.Context),0.6829273,dummyMainClass: void dummyMainMethod(java.lang.String[]),0.15599594,android.telephony.TelephonyManager: java.lang.String getSubscriberId(),0.10164697,c.oq.UQGpP: void onCreate(android.os.Bundle),0.03593272343277931,"android.telephony.TelephonyManager: void listen(android.telephony.PhoneStateListener,int)",0.00992241408675909,android.database.ContentObserver: void <init>(android.os.Handler),0.003961778711527586,android.telephony.PhoneStateListener: void <init>(),0.00393989123404026,oe.enab.NMCH: void <init>(android.content.Context),0.0035800442565232515,"julf.uqgq.ChFZ: void <init>(android.os.Handler,android.content.Context)",0.0020929595921188593,,,,,,,,,,,,,,,,,,,,,,,,,,
gen35_92fb00f7-00fa-41dd-a8e8-db805beaf0ac_app-release,1,1,0.9999867677688599,uzp.rqzh.gsy.S: java.lang.String getIMSI(android.content.Context),0.68639904,dummyMainClass: void dummyMainMethod(java.lang.String[]),0.15678896,android.telephony.TelephonyManager: java.lang.String getSubscriberId(),0.102163695,uzp.rqzh.gsy.S$1: void run(),0.03838619962334633,java.io.DataOutputStream: void writeUTF(java.lang.String),0.016262173652648926,,,,,,,,,,,,,,,,,,,,,,,,,,,,,,,,,,
gen5_9ad8a9a7-20ec-4f8d-bc5f-f446e2f637a9_app-release,1,1,0.9981122016906738,sfiw.M: java.lang.String getIncomingSMS(android.content.Intent),0.32250002,dummyMainClass: void dummyMainMethod(java.lang.String[]),0.13950351,"sfiw.M: void sendMultipartTextMessage(java.lang.String,java.lang.String)",0.13902347,android.telephony.SmsMessage: java.lang.String getDisplayMessageBody(),0.09148386120796204,android.telephony.SmsMessage: java.lang.String getDisplayOriginatingAddress(),0.058964140713214874,android.telephony.SmsManager: android.telephony.SmsManager getDefault(),0.058792147785425186,android.telephony.SmsMessage: android.telephony.SmsMessage createFromPdu(byte[]),0.050808265805244446,sfiw.M$1: void run(),0.0341542512178421,"android.telephony.SmsManager: void sendMultipartTextMessage(java.lang.String,java.lang.String,java.util.ArrayList,java.util.ArrayList,java.util.ArrayList)",0.024157481268048286,sfiw.M$2: void run(),0.02119898609817028,java.io.DataOutputStream: void writeUTF(java.lang.String),0.016307799145579338,sfiw.M: java.lang.String getSdk(),0.015046227723360062,android.os.Build$VERSION: void <clinit>(),0.01072237640619278,java.net.URL: java.net.URLConnection openConnection(),0.007809961214661598,"e.ss.QCXp: void <init>(android.os.Handler,android.content.Context)",0.005886057857424021,android.database.ContentObserver: void <init>(android.os.Handler),0.003641449846327305,,,,,,,,,,,,
gen39_2eee065b-a7e5-498f-b181-4fc3a8f28fd2_app-release,1,1,0.999981164932251,kubj.IKUCG: java.lang.String getPhoneNumber(android.content.Context),0.5791796,dummyMainClass: void dummyMainMethod(java.lang.String[]),0.19023822,android.telephony.TelephonyManager: java.lang.String getLine1Number(),0.12529983,rx.yt.ko.N: void onCreate(android.os.Bundle),0.043820228427648544,kubj.IKUCG$1: void run(),0.02890864759683609,"android.telephony.TelephonyManager: void listen(android.telephony.PhoneStateListener,int)",0.01210046000778675,java.net.URL: java.net.URLConnection openConnection(),0.011282415129244328,android.telephony.PhoneStateListener: void <init>(),0.004804728087037802,mzbmn.KkxiG: void <init>(android.content.Context),0.004365891218185425,,,,,,,,,,,,,,,,,,,,,,,,,,
gen39_eb143596-0ec1-4916-8aa9-c3b6540cfcd9_app-release,1,1,0.999885082244873,acoim.yfjo.cnqp.Z: java.lang.String getPhoneNumber(android.content.Context),0.58662564,dummyMainClass: void dummyMainMethod(java.lang.String[]),0.19268396,android.telephony.TelephonyManager: java.lang.String getLine1Number(),0.1269107,acoim.yfjo.cnqp.Z$1: void run(),0.04420025646686554,java.io.OutputStream: void write(byte[]),0.02894509583711624,java.net.URL: java.net.URLConnection openConnection(),0.020634379237890244,,,,,,,,,,,,,,,,,,,,,,,,,,,,,,,,
gen15_eac1e2cf-8913-4c47-a00e-3596c5cab138_app-release,1,1,0.9936509728431702,mfly.M: java.lang.String getIMSI(android.content.Context),0.726078,dummyMainClass: void dummyMainMethod(java.lang.String[]),0.16585252,android.telephony.TelephonyManager: java.lang.String getSubscriberId(),0.10806952,,,,,,,,,,,,,,,,,,,,,,,,,,,,,,,,,,,,,,
gen53_b3377d91-d49f-40aa-8bfb-461de62ab52e_app-release,1,1,0.9999991655349731,es.ziza.anag.Tr: java.lang.String getIMSI(android.content.Context),0.6829273,dummyMainClass: void dummyMainMethod(java.lang.String[]),0.15599594,android.telephony.TelephonyManager: java.lang.String getSubscriberId(),0.10164697,hch.kg.uuzck.Jo: void onCreate(android.os.Bundle),0.03593272343277931,"android.telephony.TelephonyManager: void listen(android.telephony.PhoneStateListener,int)",0.00992241408675909,android.database.ContentObserver: void <init>(android.os.Handler),0.003961778711527586,android.telephony.PhoneStateListener: void <init>(),0.00393989123404026,sz.jun.ej.UYNl: void <init>(android.content.Context),0.0035800442565232515,"yfg.k.BM: void <init>(android.os.Handler,android.content.Context)",0.0020929595921188593,,,,,,,,,,,,,,,,,,,,,,,,,,
gen49_c4abf294-a256-42f4-bbfa-c8803374d73b_app-release,1,1,0.9995988011360168,kdw.ilco.ZtalW: java.lang.String getIMSI(android.content.Context),0.35629556,kdw.ilco.ZtalW: java.lang.String getIncomingSMS(android.content.Intent),0.18814549,"kdw.ilco.ZtalW: void sendTextMessage(java.lang.String,java.lang.String)",0.1110583,dummyMainClass: void dummyMainMethod(java.lang.String[]),0.08138590306043625,android.telephony.SmsMessage: java.lang.String getDisplayMessageBody(),0.05337138846516609,android.telephony.TelephonyManager: java.lang.String getSubscriberId(),0.053031064569950104,android.telephony.SmsMessage: java.lang.String getDisplayOriginatingAddress(),0.03439949452877045,android.telephony.SmsManager: android.telephony.SmsManager getDefault(),0.03414182364940643,android.telephony.SmsMessage: android.telephony.SmsMessage createFromPdu(byte[]),0.029641378670930862,"android.telephony.SmsManager: void sendTextMessage(java.lang.String,java.lang.String,java.lang.String,android.app.PendingIntent,android.app.PendingIntent)",0.026340054348111153,kdw.ilco.ZtalW$1: void run(),0.01992548257112503,java.io.DataOutputStream: void writeUTF(java.lang.String),0.006705671548843384,"pms.tfto.limf.a.NODJo: void <init>(android.os.Handler,android.content.Context)",0.0034339074045419693,android.database.ContentObserver: void <init>(android.os.Handler),0.002124410355463624,,,,,,,,,,,,,,,,
gen14_65723bbd-bbfd-484c-b858-4f672ff424d3_app-release,1,1,0.9999880790710449,p.DIh: java.lang.String getIMSI(android.content.Context),0.53097135,"p.DIh: void sendTextMessage(java.lang.String,java.lang.String)",0.1481192,dummyMainClass: void dummyMainMethod(java.lang.String[]),0.12128579,android.telephony.TelephonyManager: java.lang.String getSubscriberId(),0.07902982831001282,android.telephony.SmsManager: android.telephony.SmsManager getDefault(),0.04972636327147484,"android.telephony.SmsManager: void sendTextMessage(java.lang.String,java.lang.String,java.lang.String,android.app.PendingIntent,android.app.PendingIntent)",0.03815475106239319,p.DIh$1: void run(),0.018430616706609726,java.net.URL: java.net.URLConnection openConnection(),0.0059987520799040794,"uiso.Uk: void <init>(android.os.Handler,android.content.Context)",0.005117399152368307,android.database.ContentObserver: void <init>(android.os.Handler),0.0031659139785915613,,,,,,,,,,,,,,,,,,,,,,,,
gen24_14d05aa3-1114-4525-8044-f5636b432c40_app-release,1,1,0.9959028363227844,oszg.dmw.GAh: java.lang.String getPhoneNumber(android.content.Context),0.27688864,oszg.dmw.GAh: java.lang.String getIncomingSMS(android.content.Intent),0.21024919,"oszg.dmw.GAh: void sendDataMessage(java.lang.String,java.lang.String)",0.119156025,dummyMainClass: void dummyMainMethod(java.lang.String[]),0.09094727784395218,android.telephony.TelephonyManager: java.lang.String getLine1Number(),0.05990214645862579,android.telephony.SmsMessage: java.lang.String getDisplayMessageBody(),0.05964156985282898,android.telephony.SmsMessage: java.lang.String getDisplayOriginatingAddress(),0.03844081610441208,android.telephony.SmsManager: android.telephony.SmsManager getDefault(),0.03779861330986023,android.telephony.SmsMessage: android.telephony.SmsMessage createFromPdu(byte[]),0.03312370926141739,"android.telephony.SmsManager: void sendDataMessage(java.lang.String,java.lang.String,short,byte[],android.app.PendingIntent,android.app.PendingIntent)",0.02679409272968769,oszg.dmw.GAh$1: void run(),0.020862624049186707,java.io.OutputStream: void write(byte[]),0.01024453341960907,java.net.URL: java.net.URLConnection openConnection(),0.009739474393427372,"vsqr.goojn.jtfr.UT: void <init>(android.os.Handler,android.content.Context)",0.0038373300340026617,android.database.ContentObserver: void <init>(android.os.Handler),0.0023739903699606657,,,,,,,,,,,,,,
gen59_222f16d4-4fb3-47f0-89c0-bb96f340aac4_app-release,1,1,0.9983839988708496,jxcu.v.o.lvvf.NpWeO: java.lang.String getIMSI(android.content.Context),0.31019202,jxcu.v.o.lvvf.NpWeO: java.lang.String getIncomingSMS(android.content.Intent),0.16380012,"jxcu.v.o.lvvf.NpWeO: void sendTextMessage(java.lang.String,java.lang.String)",0.086530894,"jxcu.v.o.lvvf.NpWeO: void sendDataMessage(java.lang.String,java.lang.String)",0.08312296867370605,dummyMainClass: void dummyMainMethod(java.lang.String[]),0.07085487991571426,android.telephony.SmsMessage: java.lang.String getDisplayMessageBody(),0.046465348452329636,android.telephony.TelephonyManager: java.lang.String getSubscriberId(),0.046169035136699677,android.telephony.SmsManager: android.telephony.SmsManager getDefault(),0.032713375985622406,android.telephony.SmsMessage: java.lang.String getDisplayOriginatingAddress(),0.02994832769036293,android.telephony.SmsMessage: android.telephony.SmsMessage createFromPdu(byte[]),0.025805914774537086,"android.telephony.SmsManager: void sendTextMessage(java.lang.String,java.lang.String,java.lang.String,android.app.PendingIntent,android.app.PendingIntent)",0.022543689236044884,"android.telephony.SmsManager: void sendDataMessage(java.lang.String,java.lang.String,short,byte[],android.app.PendingIntent,android.app.PendingIntent)",0.0205265823751688,jxcu.v.o.lvvf.NpWeO$1: void run(),0.017347196117043495,jxcu.v.o.lvvf.NpWeO$2: void run(),0.016253583133220673,java.io.DataOutputStream: void writeUTF(java.lang.String),0.00828285701572895,java.net.URL: java.net.URLConnection openConnection(),0.007587798871099949,java.io.OutputStream: void write(byte[]),0.007016289047896862,"byfay.pp.WPLUJ: void <init>(android.os.Handler,android.content.Context)",0.002989576430991292,android.database.ContentObserver: void <init>(android.os.Handler),0.0018495192052796483,,,,,,
gen11_6827d52f-f87a-4806-850c-5adb9f6d610f_app-release,1,1,0.9991864562034607,norob.zzg.na.YqqCj: java.lang.String getIncomingSMS(android.content.Intent),0.3604317,dummyMainClass: void dummyMainMethod(java.lang.String[]),0.15591158,"norob.zzg.na.YqqCj: void sendMultipartTextMessage(java.lang.String,java.lang.String)",0.15537508,android.telephony.SmsMessage: java.lang.String getDisplayMessageBody(),0.10224397480487823,android.telephony.SmsMessage: java.lang.String getDisplayOriginatingAddress(),0.06589936465024948,android.telephony.SmsManager: android.telephony.SmsManager getDefault(),0.06570713967084885,android.telephony.SmsMessage: android.telephony.SmsMessage createFromPdu(byte[]),0.056784212589263916,"android.telephony.SmsManager: void sendMultipartTextMessage(java.lang.String,java.lang.String,java.util.ArrayList,java.util.ArrayList,java.util.ArrayList)",0.02699882723391056,"qttvq.kw.zfs.rcng.PAw: void <init>(android.os.Handler,android.content.Context)",0.006578361615538597,android.database.ContentObserver: void <init>(android.os.Handler),0.00406974833458662,,,,,,,,,,,,,,,,,,,,,,,,
gen13_b388278a-fed6-412f-a12c-500b73ce2d6a_app-release,1,1,0.9999969005584717,oqq.vbet.fiit.vucqw.Q: java.lang.String getIMSI(android.content.Context),0.7179458,dummyMainClass: void dummyMainMethod(java.lang.String[]),0.16399495,android.telephony.TelephonyManager: java.lang.String getSubscriberId(),0.106859125,"fnp.iam.g.hj.FTn: void <init>(android.os.Handler,android.content.Context)",0.006919422652572393,android.database.ContentObserver: void <init>(android.os.Handler),0.004280748311430216,,,,,,,,,,,,,,,,,,,,,,,,,,,,,,,,,,
gen51_e3c4dfa3-bdc9-4679-b005-16326f04000e_app-release,1,1,0.9981402158737183,sb.Ez: java.lang.String getIMSI(android.content.Context),0.36491144,ddlm.lq.NZkVS: java.lang.String getIMSI(android.content.Context),0.36491144,dummyMainClass: void dummyMainMethod(java.lang.String[]),0.08335397,android.telephony.TelephonyManager: java.lang.String getSubscriberId(),0.04909924417734146,ra.u.wppjv.s.Nqr: void onCreate(android.os.Bundle),0.044708188623189926,"android.location.LocationManager: void requestLocationUpdates(java.lang.String,long,float,android.location.LocationListener)",0.030605146661400795,sb.Ez$2: void run(),0.019120775163173676,ddlm.lq.NZkVS$1: void run(),0.019120775163173676,java.net.URL: java.net.URLConnection openConnection(),0.010010047815740108,java.io.OutputStream: void write(byte[]),0.009698807261884212,"vw.N: void <init>(android.os.Handler,android.content.Context)",0.002313237637281418,android.database.ContentObserver: void <init>(android.os.Handler),0.0021469728089869022,,,,,,,,,,,,,,,,,,,,
gen101_c224ae6d-96a8-49cd-928f-c605088caf5b_app-release,1,1,0.9999914169311523,xtlv.ua.HUR: java.lang.String getIMSI(android.content.Context),0.5247109,dummyMainClass: void dummyMainMethod(java.lang.String[]),0.11985576,"xtlv.ua.HUR: void sendMultipartTextMessage(java.lang.String,java.lang.String)",0.10682525,android.telephony.TelephonyManager: java.lang.String getSubscriberId(),0.07809802144765854,android.telephony.SmsManager: android.telephony.SmsManager getDefault(),0.04935924708843231,n.cfje.ki.ZR: void onCreate(android.os.Bundle),0.027608050033450127,xtlv.ua.HUR$2: void run(),0.02749401144683361,"android.telephony.SmsManager: void sendMultipartTextMessage(java.lang.String,java.lang.String,java.util.ArrayList,java.util.ArrayList,java.util.ArrayList)",0.02016330137848854,java.io.OutputStream: void write(byte[]),0.014996768906712532,java.net.URL: java.net.URLConnection openConnection(),0.012835259549319744,"android.telephony.TelephonyManager: void listen(android.telephony.PhoneStateListener,int)",0.007623650133609772,android.database.ContentObserver: void <init>(android.os.Handler),0.003043937962502241,android.telephony.PhoneStateListener: void <init>(),0.0030271215364336967,ff.x.jt.mbck.O: void <init>(android.content.Context),0.002750641666352749,"xtvet.kg.kp.fvp.Skqt: void <init>(android.os.Handler,android.content.Context)",0.001608075574040413,,,,,,,,,,,,,,
gen21_35c42120-b0c7-4eba-b169-b814aa5d9241_app-release,1,1,0.9998362064361572,mvi.fxs.dyzvb.Rj: java.lang.String getIMSI(android.content.Context),0.42109692,mvi.fxs.dyzvb.Rj: java.lang.String getIncomingSMS(android.content.Intent),0.22236453,dummyMainClass: void dummyMainMethod(java.lang.String[]),0.096188,android.telephony.SmsMessage: java.lang.String getDisplayMessageBody(),0.06307832896709442,android.telephony.TelephonyManager: java.lang.String getSubscriberId(),0.06267610937356949,android.telephony.SmsMessage: java.lang.String getDisplayOriginatingAddress(),0.040655914694070816,android.telephony.SmsMessage: android.telephony.SmsMessage createFromPdu(byte[]),0.03503241762518883,mvi.fxs.dyzvb.Rj$1: void run(),0.022064805030822754,mvi.fxs.dyzvb.Rj$2: void run(),0.014616750180721283,java.io.OutputStream: void write(byte[]),0.009524857625365257,java.net.URL: java.net.URLConnection openConnection(),0.006132093723863363,"k.dnkb.ZCC: void <init>(android.os.Handler,android.content.Context)",0.004058450926095247,android.database.ContentObserver: void <init>(android.os.Handler),0.0025107881519943476,,,,,,,,,,,,,,,,,,
gen54_053ac64a-7917-477a-b7aa-536119268986_app-release,1,1,0.9978893399238586,mez.i.Rs: java.lang.String getIncomingSMS(android.content.Intent),0.31122977,"mez.i.Rs: void sendTextMessage(java.lang.String,java.lang.String)",0.18371235,dummyMainClass: void dummyMainMethod(java.lang.String[]),0.13462834,android.telephony.SmsMessage: java.lang.String getDisplayMessageBody(),0.08828681707382202,android.telephony.SmsMessage: java.lang.String getDisplayOriginatingAddress(),0.056903548538684845,android.telephony.SmsManager: android.telephony.SmsManager getDefault(),0.05647730827331543,android.telephony.SmsMessage: android.telephony.SmsMessage createFromPdu(byte[]),0.04903269186615944,"android.telephony.SmsManager: void sendTextMessage(java.lang.String,java.lang.String,java.lang.String,android.app.PendingIntent,android.app.PendingIntent)",0.04357166588306427,oduv.sgbw.je.glnzi.Tqpbv: void onCreate(android.os.Bundle),0.031010827049613,mez.i.Rs: java.lang.String getSdk(),0.014520413242280483,android.os.Build$VERSION: void <clinit>(),0.010347666218876839,"android.telephony.TelephonyManager: void listen(android.telephony.PhoneStateListener,int)",0.008563287556171417,android.database.ContentObserver: void <init>(android.os.Handler),0.003419112414121628,android.telephony.PhoneStateListener: void <init>(),0.0034002233296632767,cl.gviix.wa.Qs: void <init>(android.content.Context),0.0030896663665771484,"g.Z: void <init>(android.os.Handler,android.content.Context)",0.001806275569833815,,,,,,,,,,,,
gen34_81b7ed9b-267c-40b8-b81c-83d8ce500757_app-release,1,1,0.9999874830245972,jnwyt.TBGGh: java.lang.String getIMSI(android.content.Context),0.55507743,dummyMainClass: void dummyMainMethod(java.lang.String[]),0.12679215,"jnwyt.TBGGh: void sendMultipartTextMessage(java.lang.String,java.lang.String)",0.11300753,android.telephony.TelephonyManager: java.lang.String getSubscriberId(),0.08261777460575104,android.telephony.SmsManager: android.telephony.SmsManager getDefault(),0.052215807139873505,"android.telephony.SmsManager: void sendMultipartTextMessage(java.lang.String,java.lang.String,java.util.ArrayList,java.util.ArrayList,java.util.ArrayList)",0.021330207586288452,jnwyt.TBGGh$1: void run(),0.019267363473773003,jnwyt.TBGGh: java.lang.String getSdk(),0.013675236143171787,android.os.Build$VERSION: void <clinit>(),0.009745368734002113,java.net.URL: java.net.URLConnection openConnection(),0.006271095015108585,,,,,,,,,,,,,,,,,,,,,,,,
gen19_727464fe-b82a-4197-8453-eb24c1a43e2a_app-release,1,1,0.9988909363746643,"uik.o.v.WYq: void sendMultipartTextMessage(java.lang.String,java.lang.String)",0.37332103,dummyMainClass: void dummyMainMethod(java.lang.String[]),0.28888738,android.telephony.SmsManager: android.telephony.SmsManager getDefault(),0.12585814,hb.g.m.Mt: void onCreate(android.os.Bundle),0.06654346734285355,"android.telephony.SmsManager: void sendMultipartTextMessage(java.lang.String,java.lang.String,java.util.ArrayList,java.util.ArrayList,java.util.ArrayList)",0.04851369187235832,uik.o.v.WYq: java.lang.String getSdk(),0.03115810640156269,android.os.Build$VERSION: void <clinit>(),0.022204164415597916,"android.telephony.TelephonyManager: void listen(android.telephony.PhoneStateListener,int)",0.018375223502516747,android.database.ContentObserver: void <init>(android.os.Handler),0.007336778100579977,android.telephony.PhoneStateListener: void <init>(),0.0072962455451488495,gmt.A: void <init>(android.content.Context),0.006629849784076214,"k.nqfjw.TjuH: void <init>(android.os.Handler,android.content.Context)",0.003875931492075324,,,,,,,,,,,,,,,,,,,,
gen39_ab537d3b-e343-443d-ab64-43ad2c1305c0_app-release,1,1,0.9930015802383423,"ovxdc.b.umncd.riwd.O: void sendTextMessage(java.lang.String,java.lang.String)",0.2860296,"ovxdc.b.umncd.riwd.O: void sendDataMessage(java.lang.String,java.lang.String)",0.27069056,dummyMainClass: void dummyMainMethod(java.lang.String[]),0.1657362,android.telephony.SmsManager: android.telephony.SmsManager getDefault(),0.0832136794924736,"android.telephony.SmsManager: void sendTextMessage(java.lang.String,java.lang.String,java.lang.String,android.app.PendingIntent,android.app.PendingIntent)",0.052679095417261124,"android.telephony.SmsManager: void sendDataMessage(java.lang.String,java.lang.String,short,byte[],android.app.PendingIntent,android.app.PendingIntent)",0.04789614677429199,rjat.BfoB: void onCreate(android.os.Bundle),0.03817633166909218,ovxdc.b.umncd.riwd.O: java.lang.String getSdk(),0.017875567078590393,android.os.Build$VERSION: void <clinit>(),0.012738646008074284,"android.telephony.TelephonyManager: void listen(android.telephony.PhoneStateListener,int)",0.010541960597038269,android.database.ContentObserver: void <init>(android.os.Handler),0.004209148697555065,android.telephony.PhoneStateListener: void <init>(),0.004185894969850779,cugu.uws.pht.osvsr.S: void <init>(android.content.Context),0.0038035791367292404,"qs.dj.yncc.jb.FNdu: void <init>(android.os.Handler,android.content.Context)",0.0022236420772969723,,,,,,,,,,,,,,,,
gen31_3b273f8b-a842-4c7b-a0a7-00a485c9c1ea_app-release,1,1,0.9996774196624756,"oakzm.fu.CJ: void sendDataMessage(java.lang.String,java.lang.String)",0.4174137,dummyMainClass: void dummyMainMethod(java.lang.String[]),0.25557065,android.telephony.SmsManager: android.telephony.SmsManager getDefault(),0.10969767,"android.telephony.SmsManager: void sendDataMessage(java.lang.String,java.lang.String,short,byte[],android.app.PendingIntent,android.app.PendingIntent)",0.07274505496025085,ibymy.s.rz.YHIr: void onCreate(android.os.Bundle),0.05886916071176529,oakzm.fu.CJ: java.lang.String getSdk(),0.02756471186876297,android.os.Build$VERSION: void <clinit>(),0.019643409177660942,"android.telephony.TelephonyManager: void listen(android.telephony.PhoneStateListener,int)",0.016256051138043404,android.database.ContentObserver: void <init>(android.os.Handler),0.006490645930171013,android.telephony.PhoneStateListener: void <init>(),0.00645478768274188,jddcx.KozU: void <init>(android.content.Context),0.0058652437292039394,"j.MbhD: void <init>(android.os.Handler,android.content.Context)",0.003428929252550006,,,,,,,,,,,,,,,,,,,,
gen11_137ebf77-36ff-456b-b67a-95b879ca6850_app-release,1,1,0.9895356297492981,dummyMainClass: void dummyMainMethod(java.lang.String[]),0.60267675,ja.cso.QDM$1: void run(),0.14755164,java.io.DataOutputStream: void writeUTF(java.lang.String),0.13844723,ja.cso.QDM: java.lang.String getSdk(),0.06500202417373657,android.os.Build$VERSION: void <clinit>(),0.04632231965661049,,,,,,,,,,,,,,,,,,,,,,,,,,,,,,,,,,
gen41_e3db7521-70f2-4711-b589-67db44334cee_app-release,1,1,0.9996815919876099,pufo.o.mudfo.jmnsp.YyWj: java.lang.String getIMEI(android.content.Context),0.4651015,"pufo.o.mudfo.jmnsp.YyWj: void sendTextMessage(java.lang.String,java.lang.String)",0.19134548,dummyMainClass: void dummyMainMethod(java.lang.String[]),0.14527532,android.telephony.TelephonyManager: java.lang.String getDeviceId(),0.08184897899627686,android.telephony.SmsManager: android.telephony.SmsManager getDefault(),0.06020866334438324,"android.telephony.SmsManager: void sendTextMessage(java.lang.String,java.lang.String,java.lang.String,android.app.PendingIntent,android.app.PendingIntent)",0.0462983138859272,"wk.AsP: void <init>(android.os.Handler,android.content.Context)",0.006129587069153786,android.database.ContentObserver: void <init>(android.os.Handler),0.0037921108305454254,,,,,,,,,,,,,,,,,,,,,,,,,,,,
gen42_9b078265-08d6-436e-90c9-a0d363193108_app-release,1,1,0.9998736381530762,yftzm.B: java.lang.String getIMSI(android.content.Context),0.41134754,yftzm.B: java.lang.String getIncomingSMS(android.content.Intent),0.21721627,dummyMainClass: void dummyMainMethod(java.lang.String[]),0.09396102,android.telephony.SmsMessage: java.lang.String getDisplayMessageBody(),0.06161791831254959,android.telephony.TelephonyManager: java.lang.String getSubscriberId(),0.061225008219480515,android.telephony.SmsMessage: java.lang.String getDisplayOriginatingAddress(),0.03971463441848755,android.telephony.SmsMessage: android.telephony.SmsMessage createFromPdu(byte[]),0.034221332520246506,oej.kasd.CAQT: void onCreate(android.os.Bundle),0.02164335362613201,yftzm.B$1: void run(),0.021553952246904373,java.io.OutputStream: void write(byte[]),0.013283757492899895,java.net.URL: java.net.URLConnection openConnection(),0.010062212124466896,"android.telephony.TelephonyManager: void listen(android.telephony.PhoneStateListener,int)",0.005976566579192877,android.database.ContentObserver: void <init>(android.os.Handler),0.0023862975649535656,android.telephony.PhoneStateListener: void <init>(),0.002373114228248596,qihdj.n.nimqc.khbqa.Y: void <init>(android.content.Context),0.0021563677582889795,"ewzf.CGbH: void <init>(android.os.Handler,android.content.Context)",0.0012606520904228091,,,,,,,,,,,,
gen47_7445952c-3aed-46de-8b5d-8e4c748c8753_app-release,1,1,0.9999903440475464,tb.su.EKcLT: java.lang.String getIMSI(android.content.Context),0.528962,"tb.su.EKcLT: void sendDataMessage(java.lang.String,java.lang.String)",0.14174727,dummyMainClass: void dummyMainMethod(java.lang.String[]),0.1208268,android.telephony.TelephonyManager: java.lang.String getSubscriberId(),0.0787307545542717,android.telephony.SmsManager: android.telephony.SmsManager getDefault(),0.04908979311585426,"android.telephony.SmsManager: void sendDataMessage(java.lang.String,java.lang.String,short,byte[],android.app.PendingIntent,android.app.PendingIntent)",0.0346120148897171,bmr.CTMBQ: void onCreate(android.os.Bundle),0.027831725776195526,"android.telephony.TelephonyManager: void listen(android.telephony.PhoneStateListener,int)",0.007685414981096983,android.database.ContentObserver: void <init>(android.os.Handler),0.003068599384278059,android.telephony.PhoneStateListener: void <init>(),0.0030516465194523335,vyn.WFNs: void <init>(android.content.Context),0.0027729265857487917,"ei.mcsu.U: void <init>(android.os.Handler,android.content.Context)",0.0016211038455367088,,,,,,,,,,,,,,,,,,,,
gen34_a5710daa-db9c-4800-be93-79e586eb5b2d_app-release,1,1,0.9990656971931458,ibd.uqo.qzmr.XCN: java.lang.String getIncomingSMS(android.content.Intent),0.411227,dummyMainClass: void dummyMainMethod(java.lang.String[]),0.17788406,android.telephony.SmsMessage: java.lang.String getDisplayMessageBody(),0.11665312,android.telephony.SmsMessage: java.lang.String getDisplayOriginatingAddress(),0.07518649846315384,android.telephony.SmsMessage: android.telephony.SmsMessage createFromPdu(byte[]),0.06478675454854965,ibd.uqo.qzmr.XCN$2: void run(),0.04355085268616676,java.io.DataOutputStream: void writeUTF(java.lang.String),0.04086362570524216,ibd.uqo.qzmr.XCN$1: void run(),0.027031300589442253,ibd.uqo.qzmr.XCN: java.lang.String getSdk(),0.019185781478881836,android.os.Build$VERSION: void <clinit>(),0.013672341592609882,java.net.URL: java.net.URLConnection openConnection(),0.009958656504750252,,,,,,,,,,,,,,,,,,,,,,
gen47_4ff87a57-9426-45c6-92a5-c97b1e16f6c2_app-release,1,1,0.999985933303833,ah.qnlc.n.KZP: java.lang.String getIMSI(android.content.Context),0.54426754,"ah.qnlc.n.KZP: void sendTextMessage(java.lang.String,java.lang.String)",0.15182829,dummyMainClass: void dummyMainMethod(java.lang.String[]),0.124322936,android.telephony.TelephonyManager: java.lang.String getSubscriberId(),0.08100883662700653,android.telephony.SmsManager: android.telephony.SmsManager getDefault(),0.05097157135605812,"android.telephony.SmsManager: void sendTextMessage(java.lang.String,java.lang.String,java.lang.String,android.app.PendingIntent,android.app.PendingIntent)",0.03911015763878822,"h.arl.SR: void <init>(android.os.Handler,android.content.Context)",0.0052455454133450985,android.database.ContentObserver: void <init>(android.os.Handler),0.0032451923470944166,,,,,,,,,,,,,,,,,,,,,,,,,,,,
gen40_5b5e5bea-6b7b-4886-9e08-d2212487f994_app-release,1,1,0.9999959468841553,dummyMainClass: void dummyMainMethod(java.lang.String[]),0.7980767,smpd.swjx.swmlv.Cw: java.lang.String getSdk(),0.08607699,android.os.Build$VERSION: void <clinit>(),0.06134095,"kzum.unjgf.Rq: void <init>(android.os.Handler,android.content.Context)",0.033673182129859924,android.database.ContentObserver: void <init>(android.os.Handler),0.020832136273384094,,,,,,,,,,,,,,,,,,,,,,,,,,,,,,,,,,
gen13_f197d292-ba8b-49d7-bf90-3d1a8ea9fbed_app-release,1,1,0.999778687953949,npmp.p.qh.YN: java.lang.String getPhoneNumber(android.content.Context),0.41909382,"npmp.p.qh.YN: void sendTextMessage(java.lang.String,java.lang.String)",0.19809923,dummyMainClass: void dummyMainMethod(java.lang.String[]),0.13765621,android.telephony.TelephonyManager: java.lang.String getLine1Number(),0.09066683799028397,android.telephony.SmsManager: android.telephony.SmsManager getDefault(),0.05763939023017883,"android.telephony.SmsManager: void sendTextMessage(java.lang.String,java.lang.String,java.lang.String,android.app.PendingIntent,android.app.PendingIntent)",0.04440155625343323,md.vlj.jndg.XTY: void onCreate(android.os.Bundle),0.03170827776193619,"android.telephony.TelephonyManager: void listen(android.telephony.PhoneStateListener,int)",0.008755882270634174,android.database.ContentObserver: void <init>(android.os.Handler),0.0034960107877850533,android.telephony.PhoneStateListener: void <init>(),0.0034766970202326775,ymzhj.c.si.kkt.MVXq: void <init>(android.content.Context),0.003159155137836933,"bocw.e.XNNuL: void <init>(android.os.Handler,android.content.Context)",0.001846899976953864,,,,,,,,,,,,,,,,,,,,
gen37_9c017145-e961-471f-a369-91b4f0b9b62e_app-release,1,1,0.9998053908348083,dummyMainClass: void dummyMainMethod(java.lang.String[]),0.53434783,java.io.OutputStream: void write(byte[]),0.15065733,q.VV$1: void run(),0.12257538,q.VV: java.lang.String getSdk(),0.05763237178325653,java.net.URL: java.net.URLConnection openConnection(),0.057222891598939896,android.os.Build$VERSION: void <clinit>(),0.041070494800806046,"xq.zqp.hablp.JbZSe: void <init>(android.os.Handler,android.content.Context)",0.022545691579580307,android.database.ContentObserver: void <init>(android.os.Handler),0.013948041014373302,,,,,,,,,,,,,,,,,,,,,,,,,,,,
gen10_e9a87ee0-2bcc-4782-b2f1-191f676c1729_app-release,1,1,0.9999231100082397,dummyMainClass: void dummyMainMethod(java.lang.String[]),0.9360703,"yhq.iqvap.ndaxi.LDLl: void <init>(android.os.Handler,android.content.Context)",0.03949553,android.database.ContentObserver: void <init>(android.os.Handler),0.024434172,,,,,,,,,,,,,,,,,,,,,,,,,,,,,,,,,,,,,,
gen4_496bcc2a-ee13-42b3-a62c-65944e184b11_app-release,1,1,0.9999911785125732,vhyxg.y.fgfs.oz.SrKo: java.lang.String getIMEI(android.content.Context),0.6033648,dummyMainClass: void dummyMainMethod(java.lang.String[]),0.18846212,android.telephony.TelephonyManager: java.lang.String getDeviceId(),0.10618068,vhyxg.y.fgfs.oz.SrKo$1: void run(),0.043231796473264694,java.io.OutputStream: void write(byte[]),0.025707118213176727,java.net.URL: java.net.URLConnection openConnection(),0.020182261243462563,"c.nuc.q.jc.V: void <init>(android.os.Handler,android.content.Context)",0.007951764389872551,android.database.ContentObserver: void <init>(android.os.Handler),0.004919413011521101,,,,,,,,,,,,,,,,,,,,,,,,,,,,
gen42_ff9e90b8-ddfe-47f4-a6bb-2f02933a6d9a_app-release,1,1,0.99869304895401,"twzr.m.NlxP: void sendDataMessage(java.lang.String,java.lang.String)",0.40083128,dummyMainClass: void dummyMainMethod(java.lang.String[]),0.2454177,android.telephony.SmsManager: android.telephony.SmsManager getDefault(),0.10533975,"android.telephony.SmsManager: void sendDataMessage(java.lang.String,java.lang.String,short,byte[],android.app.PendingIntent,android.app.PendingIntent)",0.06985513865947723,twzr.m.NlxP$2: void run(),0.06008492410182953,java.io.DataOutputStream: void writeUTF(java.lang.String),0.05637749284505844,twzr.m.NlxP: java.lang.String getSdk(),0.026469659060239792,android.os.Build$VERSION: void <clinit>(),0.018863042816519737,"ycqla.OWz: void <init>(android.os.Handler,android.content.Context)",0.010354884900152683,android.database.ContentObserver: void <init>(android.os.Handler),0.006406120490282774,,,,,,,,,,,,,,,,,,,,,,,,
gen43_5b0aac5e-61ee-4fe0-91eb-832befb007a2_app-release,1,1,0.9999181032180786,r.CiwW: java.lang.String getIMEI(android.content.Context),0.46709082,dummyMainClass: void dummyMainMethod(java.lang.String[]),0.14589667,"r.CiwW: void sendMultipartTextMessage(java.lang.String,java.lang.String)",0.14024714,android.telephony.TelephonyManager: java.lang.String getDeviceId(),0.08219905942678452,android.telephony.SmsManager: android.telephony.SmsManager getDefault(),0.06074051931500435,r.CiwW$1: void run(),0.033467601984739304,"android.telephony.SmsManager: void sendMultipartTextMessage(java.lang.String,java.lang.String,java.util.ArrayList,java.util.ArrayList,java.util.ArrayList)",0.024869093671441078,java.io.OutputStream: void write(byte[]),0.019900990650057793,java.net.URL: java.net.URLConnection openConnection(),0.015623961575329304,"t.oool.EmcrX: void <init>(android.os.Handler,android.content.Context)",0.006155804265290499,android.database.ContentObserver: void <init>(android.os.Handler),0.0038083300460129976,,,,,,,,,,,,,,,,,,,,,,
gen58_4c43f050-48c3-4642-bb19-3f4d0292b951_app-release,1,1,0.999614953994751,iaqf.ukkf.fqa.fnmcl.XsOvf: java.lang.String getIMSI(android.content.Context),0.37596256,iaqf.ukkf.fqa.fnmcl.XsOvf: java.lang.String getIncomingSMS(android.content.Intent),0.19853085,"iaqf.ukkf.fqa.fnmcl.XsOvf: void sendDataMessage(java.lang.String,java.lang.String)",0.096441634,dummyMainClass: void dummyMainMethod(java.lang.String[]),0.08587829023599625,android.telephony.SmsMessage: java.lang.String getDisplayMessageBody(),0.056317415088415146,android.telephony.TelephonyManager: java.lang.String getSubscriberId(),0.055958304554224014,android.telephony.SmsMessage: java.lang.String getDisplayOriginatingAddress(),0.036298297345638275,android.telephony.SmsManager: android.telephony.SmsManager getDefault(),0.034321729093790054,android.telephony.SmsMessage: android.telephony.SmsMessage createFromPdu(byte[]),0.03127754107117653,"android.telephony.SmsManager: void sendDataMessage(java.lang.String,java.lang.String,short,byte[],android.app.PendingIntent,android.app.PendingIntent)",0.023148195818066597,"fkwtc.lwufj.G: void <init>(android.os.Handler,android.content.Context)",0.0036234543658792973,android.database.ContentObserver: void <init>(android.os.Handler),0.0022416748106479645,,,,,,,,,,,,,,,,,,,,
gen17_70251f77-845e-41ef-9e95-3201e29d6c11_app-release,1,1,0.9994563460350037,iljw.bd.bpph.YHmy: java.lang.String getIMEI(android.content.Context),0.36495483,iljw.bd.bpph.YHmy: java.lang.String getIncomingSMS(android.content.Intent),0.26352862,dummyMainClass: void dummyMainMethod(java.lang.String[]),0.113994315,android.telephony.SmsMessage: java.lang.String getDisplayMessageBody(),0.07475539296865463,android.telephony.TelephonyManager: java.lang.String getDeviceId(),0.06422507762908936,android.telephony.SmsMessage: java.lang.String getDisplayOriginatingAddress(),0.048182133585214615,android.telephony.SmsMessage: android.telephony.SmsMessage createFromPdu(byte[]),0.04151761531829834,iljw.bd.bpph.YHmy: java.lang.String getSdk(),0.012294918298721313,android.os.Build$VERSION: void <clinit>(),0.008761714212596416,"dtah.onxh.w.pp.TyJy: void <init>(android.os.Handler,android.content.Context)",0.00480975117534399,android.database.ContentObserver: void <init>(android.os.Handler),0.0029755851719528437,,,,,,,,,,,,,,,,,,,,,,
gen29_9519c57a-c2e2-448b-9029-56f545813066_app-release,1,1,0.9986333250999451,y.qj.XiLMh: java.lang.String getIncomingSMS(android.content.Intent),0.31493336,"y.qj.XiLMh: void sendDataMessage(java.lang.String,java.lang.String)",0.17848442,dummyMainClass: void dummyMainMethod(java.lang.String[]),0.13623041,android.telephony.SmsMessage: java.lang.String getDisplayMessageBody(),0.08933742344379425,android.telephony.SmsMessage: java.lang.String getDisplayOriginatingAddress(),0.05758069455623627,android.telephony.SmsManager: android.telephony.SmsManager getDefault(),0.056618742644786835,android.telephony.SmsMessage: android.telephony.SmsMessage createFromPdu(byte[]),0.04961617663502693,"android.telephony.SmsManager: void sendDataMessage(java.lang.String,java.lang.String,short,byte[],android.app.PendingIntent,android.app.PendingIntent)",0.04013500362634659,dl.yfcge.kh.db.GJ: void onCreate(android.os.Bundle),0.03137985244393349,y.qj.XiLMh: java.lang.String getSdk(),0.014693205244839191,android.os.Build$VERSION: void <clinit>(),0.010470802895724773,"android.telephony.TelephonyManager: void listen(android.telephony.PhoneStateListener,int)",0.008665190078318119,android.database.ContentObserver: void <init>(android.os.Handler),0.003459799801930785,android.telephony.PhoneStateListener: void <init>(),0.0034406855702400208,i.LJXEd: void <init>(android.content.Context),0.003126433352008462,"btqxw.PK: void <init>(android.os.Handler,android.content.Context)",0.0018277701456099749,,,,,,,,,,,,
gen0_41fb420b-018d-49e3-bd22-38dfd407f1d8_app-release,1,1,0.9995273351669312,um.NaRD: java.lang.String getIMSI(android.content.Context),0.36613128,um.NaRD: java.lang.String getIncomingSMS(android.content.Intent),0.19333936,"um.NaRD: void sendDataMessage(java.lang.String,java.lang.String)",0.09391967,dummyMainClass: void dummyMainMethod(java.lang.String[]),0.08363261073827744,android.telephony.SmsMessage: java.lang.String getDisplayMessageBody(),0.05484473705291748,android.telephony.TelephonyManager: java.lang.String getSubscriberId(),0.05449501425027847,android.telephony.SmsMessage: java.lang.String getDisplayOriginatingAddress(),0.03534911200404167,android.telephony.SmsManager: android.telephony.SmsManager getDefault(),0.03342422842979431,android.telephony.SmsMessage: android.telephony.SmsMessage createFromPdu(byte[]),0.03045964613556862,"android.telephony.SmsManager: void sendDataMessage(java.lang.String,java.lang.String,short,byte[],android.app.PendingIntent,android.app.PendingIntent)",0.02254287526011467,q.dm.WcgMo: void onCreate(android.os.Bundle),0.01926426589488983,"android.telephony.TelephonyManager: void listen(android.telephony.PhoneStateListener,int)",0.005319608841091394,android.database.ContentObserver: void <init>(android.os.Handler),0.0021239903289824724,android.telephony.PhoneStateListener: void <init>(),0.0021122561302036047,hz.nea.KGqet: void <init>(android.content.Context),0.0019193347543478012,"rpng.pg.Cl: void <init>(android.os.Handler,android.content.Context)",0.0011220782762393355,,,,,,,,,,,,
gen15_21f36645-9a3d-4b8a-bb77-50994ee475ac_app-release,1,1,0.9966332316398621,vrmfi.se.pl.d.LcVa: java.lang.String getIMEI(android.content.Context),0.2806525,vrmfi.se.pl.d.LcVa: java.lang.String getIncomingSMS(android.content.Intent),0.20265502,"vrmfi.se.pl.d.LcVa: void sendDataMessage(java.lang.String,java.lang.String)",0.11485224,dummyMainClass: void dummyMainMethod(java.lang.String[]),0.08766232430934906,android.telephony.SmsMessage: java.lang.String getDisplayMessageBody(),0.0574873648583889,android.telephony.TelephonyManager: java.lang.String getDeviceId(),0.04938947781920433,android.telephony.SmsMessage: java.lang.String getDisplayOriginatingAddress(),0.03705231845378876,android.telephony.SmsManager: android.telephony.SmsManager getDefault(),0.03643330931663513,android.telephony.SmsMessage: android.telephony.SmsMessage createFromPdu(byte[]),0.03192729130387306,"android.telephony.SmsManager: void sendDataMessage(java.lang.String,java.lang.String,short,byte[],android.app.PendingIntent,android.app.PendingIntent)",0.02582629956305027,vrmfi.se.pl.d.LcVa$2: void run(),0.021462097764015198,vrmfi.se.pl.d.LcVa$1: void run(),0.02010907419025898,java.io.DataOutputStream: void writeUTF(java.lang.String),0.009893981739878654,java.net.URL: java.net.URLConnection openConnection(),0.009387687779963017,java.io.OutputStream: void write(byte[]),0.009222046472132206,"i.yr.VDDPY: void <init>(android.os.Handler,android.content.Context)",0.0036987278144806623,android.database.ContentObserver: void <init>(android.os.Handler),0.0022882423363626003,,,,,,,,,,
gen40_f300a22b-525d-44dd-ba01-dcfd049bbf65_app-release,1,1,0.9992079138755798,"ccqg.dromo.qc.dizo.LTGmA: void sendDataMessage(java.lang.String,java.lang.String)",0.45366633,dummyMainClass: void dummyMainMethod(java.lang.String[]),0.27776712,android.telephony.SmsManager: android.telephony.SmsManager getDefault(),0.11922497,"android.telephony.SmsManager: void sendDataMessage(java.lang.String,java.lang.String,short,byte[],android.app.PendingIntent,android.app.PendingIntent)",0.07906300574541092,ccqg.dromo.qc.dizo.LTGmA: java.lang.String getSdk(),0.02995872311294079,android.os.Build$VERSION: void <clinit>(),0.021349450573325157,"fh.HwwJ: void <init>(android.os.Handler,android.content.Context)",0.011719800531864166,android.database.ContentObserver: void <init>(android.os.Handler),0.00725053483620286,,,,,,,,,,,,,,,,,,,,,,,,,,,,
gen17_cecc7d16-3ba7-4751-86c2-a314f25cf429_app-release,1,1,0.9992367029190063,hm.haoif.n.od.MpO: java.lang.String getIMSI(android.content.Context),0.34687123,hm.haoif.n.od.MpO: java.lang.String getIncomingSMS(android.content.Intent),0.18316889,"hm.haoif.n.od.MpO: void sendDataMessage(java.lang.String,java.lang.String)",0.103808604,dummyMainClass: void dummyMainMethod(java.lang.String[]),0.07923317700624466,android.telephony.SmsMessage: java.lang.String getDisplayMessageBody(),0.05195967108011246,android.telephony.TelephonyManager: java.lang.String getSubscriberId(),0.05162834748625755,android.telephony.SmsMessage: java.lang.String getDisplayOriginatingAddress(),0.03348959609866142,android.telephony.SmsManager: android.telephony.SmsManager getDefault(),0.03293010964989662,android.telephony.SmsMessage: android.telephony.SmsMessage createFromPdu(byte[]),0.028857339173555374,"android.telephony.SmsManager: void sendDataMessage(java.lang.String,java.lang.String,short,byte[],android.app.PendingIntent,android.app.PendingIntent)",0.023342980071902275,hm.haoif.n.od.MpO$2: void run(),0.019398435950279236,q.jyvr.V: void onCreate(android.os.Bundle),0.018250884488224983,java.io.DataOutputStream: void writeUTF(java.lang.String),0.018201489001512527,"android.telephony.TelephonyManager: void listen(android.telephony.PhoneStateListener,int)",0.005039774812757969,android.telephony.PhoneStateListener: void <init>(),0.002001142594963312,jk.cyb.q.PU: void <init>(android.content.Context),0.0018183696083724499,,,,,,,,,,,,
gen55_d4e87ac0-1d37-41f1-af7a-6eea0058e471_app-release,1,1,0.9996364116668701,wvt.e.hvlwz.yf.SNO: java.lang.String getIMSI(android.content.Context),0.3696102,wvt.e.hvlwz.yf.SNO: java.lang.String getIncomingSMS(android.content.Intent),0.19517644,"wvt.e.hvlwz.yf.SNO: void sendDataMessage(java.lang.String,java.lang.String)",0.09481213,dummyMainClass: void dummyMainMethod(java.lang.String[]),0.08442727476358414,android.telephony.SmsMessage: java.lang.String getDisplayMessageBody(),0.05536586418747902,android.telephony.TelephonyManager: java.lang.String getSubscriberId(),0.055012818425893784,android.telephony.SmsMessage: java.lang.String getDisplayOriginatingAddress(),0.035684991627931595,android.telephony.SmsManager: android.telephony.SmsManager getDefault(),0.033741820603609085,android.telephony.SmsMessage: android.telephony.SmsMessage createFromPdu(byte[]),0.030749067664146423,"android.telephony.SmsManager: void sendDataMessage(java.lang.String,java.lang.String,short,byte[],android.app.PendingIntent,android.app.PendingIntent)",0.02275707945227623,wvt.e.hvlwz.yf.SNO$1: void run(),0.012829587794840336,java.net.URL: java.net.URLConnection openConnection(),0.004066704772412777,"ncbkr.BNW: void <init>(android.os.Handler,android.content.Context)",0.0035622315481305122,android.database.ContentObserver: void <init>(android.os.Handler),0.0022037988528609276,,,,,,,,,,,,,,,,
gen42_e14b1422-6cbf-48ec-bc0d-ba508643cbe9_app-release,1,1,0.9997281432151794,agfa.torp.DWtN: java.lang.String getIncomingSMS(android.content.Intent),0.4432595,dummyMainClass: void dummyMainMethod(java.lang.String[]),0.19174032,android.telephony.SmsMessage: java.lang.String getDisplayMessageBody(),0.12573981,android.telephony.SmsMessage: java.lang.String getDisplayOriginatingAddress(),0.08104314655065536,android.telephony.SmsMessage: android.telephony.SmsMessage createFromPdu(byte[]),0.06983331590890884,agfa.torp.DWtN$1: void run(),0.0291369017213583,agfa.torp.DWtN: java.lang.String getSdk(),0.020680256187915802,android.os.Build$VERSION: void <clinit>(),0.014737348072230816,java.net.URL: java.net.URLConnection openConnection(),0.010734385810792446,"fea.lh.Lbh: void <init>(android.os.Handler,android.content.Context)",0.008090079762041569,android.database.ContentObserver: void <init>(android.os.Handler),0.0050049833953380585,,,,,,,,,,,,,,,,,,,,,,
gen102_a84b96af-47ab-4ca2-967c-92d92dc90cb0_app-release,1,1,0.9996746778488159,dummyMainClass: void dummyMainMethod(java.lang.String[]),0.4404435,zxquz.JjJrC$1: void run(),0.10783253,zxquz.JjJrC$2: void run(),0.10783253,tmppm.qmk.ezydk.RmVj: void onCreate(android.os.Bundle),0.10145348310470581,java.io.DataOutputStream: void writeUTF(java.lang.String),0.09473849833011627,zxquz.JjJrC: java.lang.String getSdk(),0.04750426858663559,android.os.Build$VERSION: void <clinit>(),0.03385291248559952,"android.telephony.TelephonyManager: void listen(android.telephony.PhoneStateListener,int)",0.02801523171365261,android.database.ContentObserver: void <init>(android.os.Handler),0.011185797862708569,android.telephony.PhoneStateListener: void <init>(),0.011124000884592533,u.dhjnz.l.f.DC: void <init>(android.content.Context),0.010108000598847866,"dgpm.Ugc: void <init>(android.os.Handler,android.content.Context)",0.0059093208983540535,,,,,,,,,,,,,,,,,,,,
gen43_2a95f846-e5ef-46cc-95af-be1061b716ce_app-release,1,1,0.999984622001648,vx.pe.wq.vwjvf.Rvf: java.lang.String getIMEI(android.content.Context),0.5737521,dummyMainClass: void dummyMainMethod(java.lang.String[]),0.17921253,android.telephony.TelephonyManager: java.lang.String getDeviceId(),0.10096941,kevls.w.yaz.CR: void onCreate(android.os.Bundle),0.04128052666783333,vx.pe.wq.vwjvf.Rvf$1: void run(),0.04111000895500183,java.io.OutputStream: void write(byte[]),0.02444542944431305,java.net.URL: java.net.URLConnection openConnection(),0.01919173076748848,"android.telephony.TelephonyManager: void listen(android.telephony.PhoneStateListener,int)",0.011399148032069206,android.telephony.PhoneStateListener: void <init>(),0.004526257980614901,phk.ynvc.F: void <init>(android.content.Context),0.004112855531275272,,,,,,,,,,,,,,,,,,,,,,,,
gen38_48c81a32-a385-4cf8-bc5a-0b19b7dbe0fb_app-release,1,1,0.9998841285705566,oyaaj.Df: java.lang.String getPhoneNumber(android.content.Context),0.47457573,"oyaaj.Df: void sendMultipartTextMessage(java.lang.String,java.lang.String)",0.16375676,dummyMainClass: void dummyMainMethod(java.lang.String[]),0.15587988,android.telephony.TelephonyManager: java.lang.String getLine1Number(),0.10266980528831482,android.telephony.SmsManager: android.telephony.SmsManager getDefault(),0.06557057797908783,"android.telephony.SmsManager: void sendMultipartTextMessage(java.lang.String,java.lang.String,java.util.ArrayList,java.util.ArrayList,java.util.ArrayList)",0.02690134197473526,"cyb.K: void <init>(android.os.Handler,android.content.Context)",0.006577025167644024,android.database.ContentObserver: void <init>(android.os.Handler),0.004068921320140362,,,,,,,,,,,,,,,,,,,,,,,,,,,,
gen36_6590ae5d-818b-4012-be32-6e42a83ae0fd_app-release,1,1,0.9998757839202881,f.qcpso.J: java.lang.String getIMSI(android.content.Context),0.42177767,f.qcpso.J: java.lang.String getIncomingSMS(android.content.Intent),0.222724,dummyMainClass: void dummyMainMethod(java.lang.String[]),0.096343495,android.telephony.SmsMessage: java.lang.String getDisplayMessageBody(),0.06318030506372452,android.telephony.TelephonyManager: java.lang.String getSubscriberId(),0.06277742981910706,android.telephony.SmsMessage: java.lang.String getDisplayOriginatingAddress(),0.04072163999080658,android.telephony.SmsMessage: android.telephony.SmsMessage createFromPdu(byte[]),0.035089049488306046,f.qcpso.J$1: void run(),0.023587506264448166,f.qcpso.J$2: void run(),0.014640379697084427,java.io.DataOutputStream: void writeUTF(java.lang.String),0.007938080467283726,java.net.URL: java.net.URLConnection openConnection(),0.004640687257051468,"lannk.Y: void <init>(android.os.Handler,android.content.Context)",0.004065011627972126,android.database.ContentObserver: void <init>(android.os.Handler),0.0025148470886051655,,,,,,,,,,,,,,,,,,
gen11_486f68b6-673c-44ad-8125-bf3497bef8a6_app-release,1,1,0.9995762705802917,s.tx.enagt.ihr.N: java.lang.String getIMSI(android.content.Context),0.35336816,s.tx.enagt.ihr.N: java.lang.String getIncomingSMS(android.content.Intent),0.18659972,"s.tx.enagt.ihr.N: void sendTextMessage(java.lang.String,java.lang.String)",0.093896925,dummyMainClass: void dummyMainMethod(java.lang.String[]),0.08071728050708771,android.telephony.SmsMessage: java.lang.String getDisplayMessageBody(),0.05293293297290802,android.telephony.TelephonyManager: java.lang.String getSubscriberId(),0.05259537696838379,android.telephony.SmsMessage: java.lang.String getDisplayOriginatingAddress(),0.03411688283085823,android.telephony.SmsManager: android.telephony.SmsManager getDefault(),0.03254260867834091,android.telephony.SmsMessage: android.telephony.SmsMessage createFromPdu(byte[]),0.029397882521152496,"android.telephony.SmsManager: void sendTextMessage(java.lang.String,java.lang.String,java.lang.String,android.app.PendingIntent,android.app.PendingIntent)",0.023883813992142677,s.tx.enagt.ihr.N$1: void run(),0.01976178027689457,h.xtj.mic.dmeo.Nc: void onCreate(android.os.Bundle),0.018592750653624535,java.io.DataOutputStream: void writeUTF(java.lang.String),0.009435761719942093,"android.telephony.TelephonyManager: void listen(android.telephony.PhoneStateListener,int)",0.005134179722517729,android.database.ContentObserver: void <init>(android.os.Handler),0.00204995134845376,android.telephony.PhoneStateListener: void <init>(),0.0020386241376399994,mqj.lk.zyv.P: void <init>(android.content.Context),0.0018524297047406435,"t.qdpis.fx.RshL: void <init>(android.os.Handler,android.content.Context)",0.0010829654056578875,,,,,,,,
gen43_79c1fb11-77a2-4975-b443-3144aacb9063_app-release,1,1,0.9999843835830688,pzi.MIt: java.lang.String getIMSI(android.content.Context),0.53443915,dummyMainClass: void dummyMainMethod(java.lang.String[]),0.122077905,"pzi.MIt: void sendMultipartTextMessage(java.lang.String,java.lang.String)",0.108805805,android.telephony.TelephonyManager: java.lang.String getSubscriberId(),0.07954597473144531,android.telephony.SmsManager: android.telephony.SmsManager getDefault(),0.05027437582612038,pzi.MIt$1: void run(),0.029887989163398743,x.c.c.BZJM: void onCreate(android.os.Bundle),0.028119908645749092,"android.telephony.SmsManager: void sendMultipartTextMessage(java.lang.String,java.lang.String,java.util.ArrayList,java.util.ArrayList,java.util.ArrayList)",0.0205371156334877,java.io.DataOutputStream: void writeUTF(java.lang.String),0.012661938555538654,"android.telephony.TelephonyManager: void listen(android.telephony.PhoneStateListener,int)",0.007764993701130152,android.telephony.PhoneStateListener: void <init>(),0.0030832448974251747,led.bl.npl.oaz.TFx: void <init>(android.content.Context),0.0028016387950628996,,,,,,,,,,,,,,,,,,,,
gen14_333bf2ec-bcbb-4dc4-a691-ad12aba1935e_app-release,1,1,0.9999938011169434,oq.moax.z.U: java.lang.String getIMSI(android.content.Context),0.5416006,dummyMainClass: void dummyMainMethod(java.lang.String[]),0.12371373,"oq.moax.z.U: void sendMultipartTextMessage(java.lang.String,java.lang.String)",0.110263795,android.telephony.TelephonyManager: java.lang.String getSubscriberId(),0.08061188459396362,android.telephony.SmsManager: android.telephony.SmsManager getDefault(),0.050948046147823334,czjuf.Hjgps: void onCreate(android.os.Bundle),0.02849671244621277,"android.telephony.SmsManager: void sendMultipartTextMessage(java.lang.String,java.lang.String,java.util.ArrayList,java.util.ArrayList,java.util.ArrayList)",0.020812327042222023,oq.moax.z.U$1: void run(),0.018799567595124245,"android.telephony.TelephonyManager: void listen(android.telephony.PhoneStateListener,int)",0.00786904338747263,java.net.URL: java.net.URLConnection openConnection(),0.006118837743997574,android.database.ContentObserver: void <init>(android.os.Handler),0.0031419177539646626,android.telephony.PhoneStateListener: void <init>(),0.003124559996649623,pg.XLrU: void <init>(android.content.Context),0.002839180640876293,"al.ThhOO: void <init>(android.os.Handler,android.content.Context)",0.0016598370857536793,,,,,,,,,,,,,,,,
gen60_18dcd011-7996-4baf-a6f4-9b4accf8a105_app-release,1,1,0.9993626475334167,"dsyyg.Ne: void sendDataMessage(java.lang.String,java.lang.String)",0.4268664,dummyMainClass: void dummyMainMethod(java.lang.String[]),0.2613583,android.telephony.SmsManager: android.telephony.SmsManager getDefault(),0.11218187,"android.telephony.SmsManager: void sendDataMessage(java.lang.String,java.lang.String,short,byte[],android.app.PendingIntent,android.app.PendingIntent)",0.07439243793487549,dsyyg.Ne$1: void run(),0.03971606492996216,dsyyg.Ne: java.lang.String getSdk(),0.02818893827497959,android.os.Build$VERSION: void <clinit>(),0.020088251680135727,java.net.URL: java.net.URLConnection openConnection(),0.019358035176992416,"vxmnp.ixo.v.pwkrm.HIO: void <init>(android.os.Handler,android.content.Context)",0.011027463711798191,android.database.ContentObserver: void <init>(android.os.Handler),0.00682221632450819,,,,,,,,,,,,,,,,,,,,,,,,
gen44_b374c147-8f2b-4fa6-a08c-ac20c96ba136_app-release,1,1,0.9993500113487244,oufq.auftj.Hsrl: java.lang.String getIMSI(android.content.Context),0.3694422,oufq.auftj.Hsrl: java.lang.String getIncomingSMS(android.content.Intent),0.19508773,"oufq.auftj.Hsrl: void sendDataMessage(java.lang.String,java.lang.String)",0.09900035,dummyMainClass: void dummyMainMethod(java.lang.String[]),0.08438889682292938,android.telephony.SmsMessage: java.lang.String getDisplayMessageBody(),0.05534069985151291,android.telephony.TelephonyManager: java.lang.String getSubscriberId(),0.05498781427741051,android.telephony.SmsMessage: java.lang.String getDisplayOriginatingAddress(),0.03566877543926239,android.telephony.SmsManager: android.telephony.SmsManager getDefault(),0.03428571671247482,android.telephony.SmsMessage: android.telephony.SmsMessage createFromPdu(byte[]),0.030735092237591743,"android.telephony.SmsManager: void sendDataMessage(java.lang.String,java.lang.String,short,byte[],android.app.PendingIntent,android.app.PendingIntent)",0.024174021556973457,oufq.auftj.Hsrl$1: void run(),0.012823756784200668,java.net.URL: java.net.URLConnection openConnection(),0.0040648565627634525,,,,,,,,,,,,,,,,,,,,
gen32_eb9d3716-b2eb-493a-bc0f-82956c499358_app-release,1,1,0.9958487749099731,o.wizdt.PZh: java.lang.String getPhoneNumber(android.content.Context),0.44815642,"o.wizdt.PZh: void sendDataMessage(java.lang.String,java.lang.String)",0.20340016,dummyMainClass: void dummyMainMethod(java.lang.String[]),0.14720215,android.telephony.TelephonyManager: java.lang.String getLine1Number(),0.09695424884557724,android.telephony.SmsManager: android.telephony.SmsManager getDefault(),0.06106514856219292,"android.telephony.SmsManager: void sendDataMessage(java.lang.String,java.lang.String,short,byte[],android.app.PendingIntent,android.app.PendingIntent)",0.04322183132171631,,,,,,,,,,,,,,,,,,,,,,,,,,,,,,,,
gen100_85fe657e-6525-4fb9-ac7f-40227351fad5_app-release,1,1,0.9994328618049622,htohh.PDOB: java.lang.String getIMSI(android.content.Context),0.35207406,htohh.PDOB: java.lang.String getIncomingSMS(android.content.Intent),0.18591629,"htohh.PDOB: void sendTextMessage(java.lang.String,java.lang.String)",0.109742455,dummyMainClass: void dummyMainMethod(java.lang.String[]),0.08042162656784058,android.telephony.SmsMessage: java.lang.String getDisplayMessageBody(),0.05273903161287308,android.telephony.TelephonyManager: java.lang.String getSubscriberId(),0.052402738481760025,android.telephony.SmsMessage: java.lang.String getDisplayOriginatingAddress(),0.033991917967796326,android.telephony.SmsManager: android.telephony.SmsManager getDefault(),0.03373730182647705,android.telephony.SmsMessage: android.telephony.SmsMessage createFromPdu(byte[]),0.029290178790688515,"android.telephony.SmsManager: void sendTextMessage(java.lang.String,java.lang.String,java.lang.String,android.app.PendingIntent,android.app.PendingIntent)",0.026027970016002655,htohh.PDOB$1: void run(),0.019689399749040604,java.io.DataOutputStream: void writeUTF(java.lang.String),0.018474498763680458,"ogbv.Qp: void <init>(android.os.Handler,android.content.Context)",0.0033932216465473175,android.database.ContentObserver: void <init>(android.os.Handler),0.002099239733070135,,,,,,,,,,,,,,,,
gen54_901bb80e-b1e4-46d0-993d-c83e60a576f2_app-release,1,1,0.9999819993972778,dummyMainClass: void dummyMainMethod(java.lang.String[]),0.67611444,pe.pcap.UL$1: void run(),0.10274249,pe.pcap.UL: java.lang.String getSdk(),0.072922684,android.os.Build$VERSION: void <clinit>(),0.05196681246161461,java.net.URL: java.net.URLConnection openConnection(),0.05007779598236084,"f.l.xl.b.FK: void <init>(android.os.Handler,android.content.Context)",0.028527237474918365,android.database.ContentObserver: void <init>(android.os.Handler),0.017648564651608467,,,,,,,,,,,,,,,,,,,,,,,,,,,,,,
gen42_2f795748-4aea-4090-85de-13128ed42344_app-release,1,1,0.9996274709701538,gip.wzt.dvy.ctfno.VS: java.lang.String getIMSI(android.content.Context),0.35916212,gip.wzt.dvy.ctfno.VS: java.lang.String getIncomingSMS(android.content.Intent),0.18965922,"gip.wzt.dvy.ctfno.VS: void sendTextMessage(java.lang.String,java.lang.String)",0.09543645,dummyMainClass: void dummyMainMethod(java.lang.String[]),0.0820406973361969,android.telephony.SmsMessage: java.lang.String getDisplayMessageBody(),0.0538007915019989,android.telephony.TelephonyManager: java.lang.String getSubscriberId(),0.053457725793123245,android.telephony.SmsMessage: java.lang.String getDisplayOriginatingAddress(),0.03467625752091408,android.telephony.SmsManager: android.telephony.SmsManager getDefault(),0.03307615965604782,android.telephony.SmsMessage: android.telephony.SmsMessage createFromPdu(byte[]),0.0298798605799675,"android.telephony.SmsManager: void sendTextMessage(java.lang.String,java.lang.String,java.lang.String,android.app.PendingIntent,android.app.PendingIntent)",0.024275407195091248,gip.wzt.dvy.ctfno.VS$2: void run(),0.020085792988538742,java.io.DataOutputStream: void writeUTF(java.lang.String),0.018846433609724045,"agols.nbruz.Zs: void <init>(android.os.Handler,android.content.Context)",0.0034615350887179375,android.database.ContentObserver: void <init>(android.os.Handler),0.002141502220183611,,,,,,,,,,,,,,,,
gen36_8184bbbf-0431-413f-b248-8346a52b13a7_app-release,1,1,0.9999849796295166,vzhhk.qhw.agzhz.w.Sw: java.lang.String getIMSI(android.content.Context),0.52390206,"vzhhk.qhw.agzhz.w.Sw: void sendTextMessage(java.lang.String,java.lang.String)",0.14614716,dummyMainClass: void dummyMainMethod(java.lang.String[]),0.119671,android.telephony.TelephonyManager: java.lang.String getSubscriberId(),0.07797763496637344,android.telephony.SmsManager: android.telephony.SmsManager getDefault(),0.049064312130212784,"android.telephony.SmsManager: void sendTextMessage(java.lang.String,java.lang.String,java.lang.String,android.app.PendingIntent,android.app.PendingIntent)",0.037646763026714325,n.oojvl.cdn.mvxco.P: void onCreate(android.os.Bundle),0.027565494179725647,"android.telephony.TelephonyManager: void listen(android.telephony.PhoneStateListener,int)",0.007611898239701986,android.database.ContentObserver: void <init>(android.os.Handler),0.0030392457265406847,android.telephony.PhoneStateListener: void <init>(),0.003022455144673586,wt.djg.JTt: void <init>(android.content.Context),0.0027464015875011683,"xzy.y.l.ysqyf.G: void <init>(android.os.Handler,android.content.Context)",0.001605596742592752,,,,,,,,,,,,,,,,,,,,
gen53_8af0bcb4-07af-45ae-856b-31f1acfd2933_app-release,1,1,0.9999914169311523,dummyMainClass: void dummyMainMethod(java.lang.String[]),0.79807675,qjxy.ftpo.ao.klayc.Vaw: java.lang.String getSdk(),0.086077,android.os.Build$VERSION: void <clinit>(),0.061340954,"wp.DYOn: void <init>(android.os.Handler,android.content.Context)",0.033673182129859924,android.database.ContentObserver: void <init>(android.os.Handler),0.020832138136029243,,,,,,,,,,,,,,,,,,,,,,,,,,,,,,,,,,
gen21_9dc31a7b-548d-4ddb-adc8-6aa509bd8e6f_app-release,1,1,0.9990656971931458,a.jhbl.ivnoo.I: java.lang.String getIncomingSMS(android.content.Intent),0.411227,dummyMainClass: void dummyMainMethod(java.lang.String[]),0.17788406,android.telephony.SmsMessage: java.lang.String getDisplayMessageBody(),0.11665312,android.telephony.SmsMessage: java.lang.String getDisplayOriginatingAddress(),0.07518649846315384,android.telephony.SmsMessage: android.telephony.SmsMessage createFromPdu(byte[]),0.06478675454854965,a.jhbl.ivnoo.I$1: void run(),0.04355085268616676,java.io.DataOutputStream: void writeUTF(java.lang.String),0.04086362570524216,a.jhbl.ivnoo.I$2: void run(),0.027031300589442253,a.jhbl.ivnoo.I: java.lang.String getSdk(),0.019185781478881836,android.os.Build$VERSION: void <clinit>(),0.013672341592609882,java.net.URL: java.net.URLConnection openConnection(),0.009958656504750252,,,,,,,,,,,,,,,,,,,,,,
gen25_76e98313-951a-44a6-90d7-a3736ebecd48_app-release,1,1,0.9999750852584839,frcg.sby.udp.VRyc: java.lang.String getIMEI(android.content.Context),0.6623986,dummyMainClass: void dummyMainMethod(java.lang.String[]),0.20690143,android.telephony.TelephonyManager: java.lang.String getDeviceId(),0.1165695,"jkr.biq.c.qsxf.Nt: void <init>(android.os.Handler,android.content.Context)",0.008729771710932255,android.database.ContentObserver: void <init>(android.os.Handler),0.00540073262527585,,,,,,,,,,,,,,,,,,,,,,,,,,,,,,,,,,
gen54_e456aa12-e58f-42ff-9355-09a45e90c336_app-release,1,1,0.9974689483642578,iig.nbu.Jxrju: java.lang.String getIMEI(android.content.Context),0.2983956,iig.nbu.Jxrju: java.lang.String getIncomingSMS(android.content.Intent),0.21546715,"iig.nbu.Jxrju: void sendTextMessage(java.lang.String,java.lang.String)",0.114497416,dummyMainClass: void dummyMainMethod(java.lang.String[]),0.09320441633462906,android.telephony.SmsMessage: java.lang.String getDisplayMessageBody(),0.061121754348278046,android.telephony.TelephonyManager: java.lang.String getDeviceId(),0.052511923015117645,android.telephony.SmsMessage: java.lang.String getDisplayOriginatingAddress(),0.039394840598106384,android.telephony.SmsManager: android.telephony.SmsManager getDefault(),0.037877194583415985,android.telephony.SmsMessage: android.telephony.SmsMessage createFromPdu(byte[]),0.03394577279686928,"android.telephony.SmsManager: void sendTextMessage(java.lang.String,java.lang.String,java.lang.String,android.app.PendingIntent,android.app.PendingIntent)",0.027837123721837997,iig.nbu.Jxrju$1: void run(),0.014163363724946976,java.net.URL: java.net.URLConnection openConnection(),0.00521795405074954,"e.vkuc.frgk.lwtgy.OGvD: void <init>(android.os.Handler,android.content.Context)",0.003932564985007048,android.database.ContentObserver: void <init>(android.os.Handler),0.0024329079315066338,,,,,,,,,,,,,,,,
gen30_b01afcf0-96a7-406c-9600-21d21a1ace70_app-release,1,1,0.9999268054962158,dummyMainClass: void dummyMainMethod(java.lang.String[]),0.9360703,"cmja.lbui.wlbv.hosw.Q: void <init>(android.os.Handler,android.content.Context)",0.03949553,android.database.ContentObserver: void <init>(android.os.Handler),0.024434172,,,,,,,,,,,,,,,,,,,,,,,,,,,,,,,,,,,,,,
gen49_93b9cf7d-29a2-46b1-9302-ba4d419d722b_app-release,1,1,0.999998927116394,ybvf.npsv.nsmgy.xio.GgFhG: java.lang.String getIMSI(android.content.Context),0.7179458,dummyMainClass: void dummyMainMethod(java.lang.String[]),0.16399495,android.telephony.TelephonyManager: java.lang.String getSubscriberId(),0.106859125,"hhw.bg.u.tie.ADu: void <init>(android.os.Handler,android.content.Context)",0.006919422652572393,android.database.ContentObserver: void <init>(android.os.Handler),0.004280748311430216,,,,,,,,,,,,,,,,,,,,,,,,,,,,,,,,,,
gen12_ce125edf-8ee6-41bf-a76d-8d1a9e298f5c_app-release,1,1,0.999997615814209,zy.iee.DhdWM: java.lang.String getIMSI(android.content.Context),0.66610706,dummyMainClass: void dummyMainMethod(java.lang.String[]),0.15215382,android.telephony.TelephonyManager: java.lang.String getSubscriberId(),0.099143445,zy.iee.DhdWM$1: void run(),0.037251390516757965,java.io.DataOutputStream: void writeUTF(java.lang.String),0.034952856600284576,"kjpp.nsv.QY: void <init>(android.os.Handler,android.content.Context)",0.0064198109321296215,android.database.ContentObserver: void <init>(android.os.Handler),0.003971660044044256,,,,,,,,,,,,,,,,,,,,,,,,,,,,,,
gen59_a709fa92-a4c5-4110-ba03-c4efdf199837_app-release,1,1,0.9982824325561523,de.mer.r.VbiCs: java.lang.String getIMEI(android.content.Context),0.46976233,"de.mer.r.VbiCs: void sendTextMessage(java.lang.String,java.lang.String)",0.19326298,dummyMainClass: void dummyMainMethod(java.lang.String[]),0.14673114,android.telephony.TelephonyManager: java.lang.String getDeviceId(),0.082669198513031,android.telephony.SmsManager: android.telephony.SmsManager getDefault(),0.06081201881170273,"android.telephony.SmsManager: void sendTextMessage(java.lang.String,java.lang.String,java.lang.String,android.app.PendingIntent,android.app.PendingIntent)",0.046762313693761826,,,,,,,,,,,,,,,,,,,,,,,,,,,,,,,,
gen1_c9029b52-9bff-42fc-a9bd-edd2eb69c6a8_app-release,1,1,0.9998747110366821,dummyMainClass: void dummyMainMethod(java.lang.String[]),0.53434783,java.io.OutputStream: void write(byte[]),0.15065733,onxvl.loni.pes.pivd.SrPQ$1: void run(),0.12257538,onxvl.loni.pes.pivd.SrPQ: java.lang.String getSdk(),0.05763237178325653,java.net.URL: java.net.URLConnection openConnection(),0.057222891598939896,android.os.Build$VERSION: void <clinit>(),0.041070494800806046,"ntt.GrDlb: void <init>(android.os.Handler,android.content.Context)",0.022545691579580307,android.database.ContentObserver: void <init>(android.os.Handler),0.013948041014373302,,,,,,,,,,,,,,,,,,,,,,,,,,,,
gen24_4f0127e1-8956-4f0a-978b-e6920a801007_app-release,1,1,0.9998680353164673,dummyMainClass: void dummyMainMethod(java.lang.String[]),0.5788511,d.lwp.d.PjgP$1: void run(),0.14171848,java.io.DataOutputStream: void writeUTF(java.lang.String),0.13297398,d.lwp.d.PjgP: java.lang.String getSdk(),0.062432292848825455,android.os.Build$VERSION: void <clinit>(),0.044491056352853775,"s.mnvgp.qynm.PCj: void <init>(android.os.Handler,android.content.Context)",0.02442341297864914,android.database.ContentObserver: void <init>(android.os.Handler),0.015109706670045853,,,,,,,,,,,,,,,,,,,,,,,,,,,,,,
gen45_9c6e2d8c-68ea-4a18-98a6-1df4cf68fa2f_app-release,1,1,0.9999384880065918,sfqdu.yevuv.ao.yehr.ZU: java.lang.String getIMSI(android.content.Context),0.51810014,"sfqdu.yevuv.ao.yehr.ZU: void sendTextMessage(java.lang.String,java.lang.String)",0.14452866,dummyMainClass: void dummyMainMethod(java.lang.String[]),0.11834571,android.telephony.TelephonyManager: java.lang.String getSubscriberId(),0.07711407542228699,android.telephony.SmsManager: android.telephony.SmsManager getDefault(),0.048520948737859726,"android.telephony.SmsManager: void sendTextMessage(java.lang.String,java.lang.String,java.lang.String,android.app.PendingIntent,android.app.PendingIntent)",0.03722984716296196,sfqdu.yevuv.ao.yehr.ZU$1: void run(),0.028974246233701706,java.io.DataOutputStream: void writeUTF(java.lang.String),0.0271864403039217,,,,,,,,,,,,,,,,,,,,,,,,,,,,
gen11_257cac0a-66a5-4a75-96ba-323f377056fd_app-release,1,1,0.9999972581863403,eqym.AQ: java.lang.String getIMSI(android.content.Context),0.62239325,dummyMainClass: void dummyMainMethod(java.lang.String[]),0.1421686,android.telephony.TelephonyManager: java.lang.String getSubscriberId(),0.09263707,eqym.AQ$2: void run(),0.034806735813617706,java.io.DataOutputStream: void writeUTF(java.lang.String),0.03265904635190964,eqym.AQ$1: void run(),0.03261240944266319,java.io.OutputStream: void write(byte[]),0.017788628116250038,java.net.URL: java.net.URLConnection openConnection(),0.015224723145365715,"x.LpvMc: void <init>(android.os.Handler,android.content.Context)",0.005998505745083094,android.database.ContentObserver: void <init>(android.os.Handler),0.00371101638302207,,,,,,,,,,,,,,,,,,,,,,,,
gen44_d7dd0372-f148-4690-9675-b49f45dfc8d9_app-release,1,1,0.9999459981918335,ygw.zo.XnN: java.lang.String getIMSI(android.content.Context),0.47141334,"ygw.zo.XnN: void sendDataMessage(java.lang.String,java.lang.String)",0.12632582,dummyMainClass: void dummyMainMethod(java.lang.String[]),0.10768139,"ygw.zo.XnN: void sendMultipartTextMessage(java.lang.String,java.lang.String)",0.09597446024417877,android.telephony.TelephonyManager: java.lang.String getSubscriberId(),0.07016520947217941,android.telephony.SmsManager: android.telephony.SmsManager getDefault(),0.04986853152513504,"android.telephony.SmsManager: void sendDataMessage(java.lang.String,java.lang.String,short,byte[],android.app.PendingIntent,android.app.PendingIntent)",0.031204497441649437,"android.telephony.SmsManager: void sendMultipartTextMessage(java.lang.String,java.lang.String,java.util.ArrayList,java.util.ArrayList,java.util.ArrayList)",0.018323354423046112,ygw.zo.XnN$1: void run(),0.016363289207220078,java.net.URL: java.net.URLConnection openConnection(),0.005325883626937866,"mnfi.b.u.YY: void <init>(android.os.Handler,android.content.Context)",0.004543390590697527,android.database.ContentObserver: void <init>(android.os.Handler),0.002810799516737461,,,,,,,,,,,,,,,,,,,,
gen60_d3408bf2-206f-466c-9cfb-3a36041058a3_app-release,1,1,0.9996645450592041,qy.tra.Jt: java.lang.String getIMSI(android.content.Context),0.3731626,qy.tra.Jt: java.lang.String getIncomingSMS(android.content.Intent),0.19705231,dummyMainClass: void dummyMainMethod(java.lang.String[]),0.08523872,"qy.tra.Jt: void sendMultipartTextMessage(java.lang.String,java.lang.String)",0.07176050543785095,android.telephony.SmsMessage: java.lang.String getDisplayMessageBody(),0.055897995829582214,android.telephony.TelephonyManager: java.lang.String getSubscriberId(),0.05554156005382538,android.telephony.SmsMessage: java.lang.String getDisplayOriginatingAddress(),0.03602796792984009,android.telephony.SmsManager: android.telephony.SmsManager getDefault(),0.03452281653881073,android.telephony.SmsMessage: android.telephony.SmsMessage createFromPdu(byte[]),0.031044604256749153,qy.tra.Jt$1: void run(),0.020868755877017975,java.io.DataOutputStream: void writeUTF(java.lang.String),0.019581085070967674,"android.telephony.SmsManager: void sendMultipartTextMessage(java.lang.String,java.lang.String,java.util.ArrayList,java.util.ArrayList,java.util.ArrayList)",0.01347959041595459,"pum.ZTk: void <init>(android.os.Handler,android.content.Context)",0.00359646906144917,android.database.ContentObserver: void <init>(android.os.Handler),0.002224980155006051,,,,,,,,,,,,,,,,
gen36_d6850db3-482d-4488-b2fb-c79521a40c64_app-release,1,1,0.9999980926513672,j.vtl.Se: java.lang.String getIMSI(android.content.Context),0.7179458,dummyMainClass: void dummyMainMethod(java.lang.String[]),0.16399495,android.telephony.TelephonyManager: java.lang.String getSubscriberId(),0.106859125,"p.l.sfn.e.RXGE: void <init>(android.os.Handler,android.content.Context)",0.006919422652572393,android.database.ContentObserver: void <init>(android.os.Handler),0.004280748311430216,,,,,,,,,,,,,,,,,,,,,,,,,,,,,,,,,,
gen57_33fa13d6-6c00-4e76-b890-d8503b1c3f8d_app-release,1,1,0.9999853372573853,h.rckq.iad.TbZeK: java.lang.String getIMSI(android.content.Context),0.53616947,"h.rckq.iad.TbZeK: void sendDataMessage(java.lang.String,java.lang.String)",0.14367867,dummyMainClass: void dummyMainMethod(java.lang.String[]),0.12247314,android.telephony.TelephonyManager: java.lang.String getSubscriberId(),0.07980351150035858,android.telephony.SmsManager: android.telephony.SmsManager getDefault(),0.0497586727142334,"android.telephony.SmsManager: void sendDataMessage(java.lang.String,java.lang.String,short,byte[],android.app.PendingIntent,android.app.PendingIntent)",0.035083625465631485,h.rckq.iad.TbZeK$1: void run(),0.01861104741692543,java.net.URL: java.net.URLConnection openConnection(),0.006057478487491608,"xgv.vl.t.VzUk: void <init>(android.os.Handler,android.content.Context)",0.00516749732196331,android.database.ContentObserver: void <init>(android.os.Handler),0.00319690746255219,,,,,,,,,,,,,,,,,,,,,,,,
gen44_3921d4ef-0e30-407b-81ab-f02f03578704_app-release,1,1,0.999992847442627,jysil.lt.Ot: java.lang.String getIMSI(android.content.Context),0.5633938,dummyMainClass: void dummyMainMethod(java.lang.String[]),0.12869179,"jysil.lt.Ot: void sendMultipartTextMessage(java.lang.String,java.lang.String)",0.11470065,android.telephony.TelephonyManager: java.lang.String getSubscriberId(),0.08385559171438217,android.telephony.SmsManager: android.telephony.SmsManager getDefault(),0.052998125553131104,"android.telephony.SmsManager: void sendMultipartTextMessage(java.lang.String,java.lang.String,java.util.ArrayList,java.util.ArrayList,java.util.ArrayList)",0.02164977788925171,jysil.lt.Ot$1: void run(),0.019556036219000816,java.net.URL: java.net.URLConnection openConnection(),0.006365051027387381,"pxcuh.Lg: void <init>(android.os.Handler,android.content.Context)",0.005429880227893591,android.database.ContentObserver: void <init>(android.os.Handler),0.0033592325635254383,,,,,,,,,,,,,,,,,,,,,,,,
gen37_d24e0e23-2461-45f2-b8d5-e14029713bf4_app-release,1,1,0.9996009469032288,mm.g.rnfsz.O: java.lang.String getIncomingSMS(android.content.Intent),0.41451013,dummyMainClass: void dummyMainMethod(java.lang.String[]),0.17930423,android.telephony.SmsMessage: java.lang.String getDisplayMessageBody(),0.11758445,android.telephony.SmsMessage: java.lang.String getDisplayOriginatingAddress(),0.0757867693901062,android.telephony.SmsMessage: android.telephony.SmsMessage createFromPdu(byte[]),0.0653039962053299,mm.g.rnfsz.O$3: void run(),0.043898552656173706,mm.g.rnfsz.O$2: void run(),0.0272471122443676,java.io.DataOutputStream: void writeUTF(java.lang.String),0.020960457623004913,mm.g.rnfsz.O: java.lang.String getSdk(),0.019338956102728844,android.os.Build$VERSION: void <clinit>(),0.013781498186290264,java.net.URL: java.net.URLConnection openConnection(),0.010038163512945175,"vpmaa.x.KiETY: void <init>(android.os.Handler,android.content.Context)",0.0075653656385838985,android.database.ContentObserver: void <init>(android.os.Handler),0.0046803648583590984,,,,,,,,,,,,,,,,,,
gen25_9d934ed3-967e-4173-b1b3-019ee60efbda_app-release,1,1,0.9936509728431702,bymhs.D: java.lang.String getIMSI(android.content.Context),0.726078,dummyMainClass: void dummyMainMethod(java.lang.String[]),0.16585252,android.telephony.TelephonyManager: java.lang.String getSubscriberId(),0.10806952,,,,,,,,,,,,,,,,,,,,,,,,,,,,,,,,,,,,,,
gen51_3c70ec37-0512-4f13-9053-cd2c55a6631e_app-release,1,1,0.999994158744812,pzun.j.ptna.oqsb.I: java.lang.String getPhoneNumber(android.content.Context),0.5749343,dummyMainClass: void dummyMainMethod(java.lang.String[]),0.18884382,android.telephony.TelephonyManager: java.lang.String getLine1Number(),0.12438141,wgtsi.l.Cw: void onCreate(android.os.Bundle),0.04349903762340546,pzun.j.ptna.oqsb.I$1: void run(),0.028696754947304726,"android.telephony.TelephonyManager: void listen(android.telephony.PhoneStateListener,int)",0.01201176643371582,java.net.URL: java.net.URLConnection openConnection(),0.011199718341231346,android.database.ContentObserver: void <init>(android.os.Handler),0.004796006251126528,android.telephony.PhoneStateListener: void <init>(),0.004769510589540005,ykdgk.spvye.O: void <init>(android.content.Context),0.00433389050886035,"omn.vgd.IA: void <init>(android.os.Handler,android.content.Context)",0.0025336716789752245,,,,,,,,,,,,,,,,,,,,,,
gen55_b4e05d1c-a128-4c64-bbeb-647ae3af0b0b_app-release,1,1,0.9997625946998596,vxo.vdt.mtqd.e.HcMo: java.lang.String getIMEI(android.content.Context),0.47085777,"vxo.vdt.mtqd.e.HcMo: void sendDataMessage(java.lang.String,java.lang.String)",0.18609239,dummyMainClass: void dummyMainMethod(java.lang.String[]),0.1470733,android.telephony.TelephonyManager: java.lang.String getDeviceId(),0.08286197483539581,android.telephony.SmsManager: android.telephony.SmsManager getDefault(),0.06039609760046005,"android.telephony.SmsManager: void sendDataMessage(java.lang.String,java.lang.String,short,byte[],android.app.PendingIntent,android.app.PendingIntent)",0.0426739826798439,"cux.ogidh.xif.PQwni: void <init>(android.os.Handler,android.content.Context)",0.006205449346452951,android.database.ContentObserver: void <init>(android.os.Handler),0.003839043201878667,,,,,,,,,,,,,,,,,,,,,,,,,,,,
gen53_4602639d-9a41-424c-a742-fcceb0551c2f_app-release,1,1,0.999535322189331,wbal.GmypO: java.lang.String getIMSI(android.content.Context),0.364878,wbal.GmypO: java.lang.String getIncomingSMS(android.content.Intent),0.19267754,"wbal.GmypO: void sendTextMessage(java.lang.String,java.lang.String)",0.10178597,dummyMainClass: void dummyMainMethod(java.lang.String[]),0.08334632962942123,android.telephony.SmsMessage: java.lang.String getDisplayMessageBody(),0.05465700104832649,android.telephony.TelephonyManager: java.lang.String getSubscriberId(),0.05430847778916359,android.telephony.SmsMessage: java.lang.String getDisplayOriginatingAddress(),0.03522811084985733,android.telephony.SmsManager: android.telephony.SmsManager getDefault(),0.034171439707279205,android.telephony.SmsMessage: android.telephony.SmsMessage createFromPdu(byte[]),0.030355380848050117,"android.telephony.SmsManager: void sendTextMessage(java.lang.String,java.lang.String,java.lang.String,android.app.PendingIntent,android.app.PendingIntent)",0.026219548657536507,wbal.GmypO$2: void run(),0.01266532763838768,java.net.URL: java.net.URLConnection openConnection(),0.004014639649540186,"agxr.aaoe.lzzq.kthqm.Er: void <init>(android.os.Handler,android.content.Context)",0.003516623517498374,android.database.ContentObserver: void <init>(android.os.Handler),0.0021755832713097334,,,,,,,,,,,,,,,,
gen56_cf82fc2e-f91a-4a76-91a2-34d2d390c5eb_app-release,1,1,0.9999934434890747,dummyMainClass: void dummyMainMethod(java.lang.String[]),0.6761144,wooo.uvz.SIsvf$1: void run(),0.102742486,wooo.uvz.SIsvf: java.lang.String getSdk(),0.07292268,android.os.Build$VERSION: void <clinit>(),0.05196680873632431,java.net.URL: java.net.URLConnection openConnection(),0.05007779225707054,"lfe.w.X: void <init>(android.os.Handler,android.content.Context)",0.028527235612273216,android.database.ContentObserver: void <init>(android.os.Handler),0.017648562788963318,,,,,,,,,,,,,,,,,,,,,,,,,,,,,,
gen0_4b4ab021-f6d5-42f4-9a4c-3f7bd8c8e2c1_app-release,1,1,0.9991139769554138,idynq.yw.pu.YAIB: java.lang.String getIMSI(android.content.Context),0.32484668,idynq.yw.pu.YAIB: java.lang.String getIncomingSMS(android.content.Intent),0.1715386,"idynq.yw.pu.YAIB: void sendTextMessage(java.lang.String,java.lang.String)",0.1012556,"idynq.yw.pu.YAIB: void sendDataMessage(java.lang.String,java.lang.String)",0.08704997599124908,dummyMainClass: void dummyMainMethod(java.lang.String[]),0.0742022767663002,android.telephony.SmsMessage: java.lang.String getDisplayMessageBody(),0.04866049811244011,android.telephony.TelephonyManager: java.lang.String getSubscriberId(),0.04835021123290062,android.telephony.SmsManager: android.telephony.SmsManager getDefault(),0.03485267981886864,android.telephony.SmsMessage: java.lang.String getDisplayOriginatingAddress(),0.03136318176984787,android.telephony.SmsMessage: android.telephony.SmsMessage createFromPdu(byte[]),0.027025045827031136,"android.telephony.SmsManager: void sendTextMessage(java.lang.String,java.lang.String,java.lang.String,android.app.PendingIntent,android.app.PendingIntent)",0.024283867329359055,"android.telephony.SmsManager: void sendDataMessage(java.lang.String,java.lang.String,short,byte[],android.app.PendingIntent,android.app.PendingIntent)",0.021503712981939316,"s.snnk.XVBu: void <init>(android.os.Handler,android.content.Context)",0.0031308094039559364,android.database.ContentObserver: void <init>(android.os.Handler),0.0019368965877220035,,,,,,,,,,,,,,,,
gen11_5897b1b1-d499-4f33-8daa-69700a9da089_app-release,1,1,0.9993446469306946,"xh.v.XJ: void sendTextMessage(java.lang.String,java.lang.String)",0.4632244,dummyMainClass: void dummyMainMethod(java.lang.String[]),0.2684095,android.telephony.SmsManager: android.telephony.SmsManager getDefault(),0.11642294,"android.telephony.SmsManager: void sendTextMessage(java.lang.String,java.lang.String,java.lang.String,android.app.PendingIntent,android.app.PendingIntent)",0.08403225243091583,xh.v.XJ: java.lang.String getSdk(),0.028949448838829994,android.os.Build$VERSION: void <clinit>(),0.020630214363336563,"qts.qpok.QTy: void <init>(android.os.Handler,android.content.Context)",0.011324974708259106,android.database.ContentObserver: void <init>(android.os.Handler),0.007006272207945585,,,,,,,,,,,,,,,,,,,,,,,,,,,,
gen10_98a06f56-82e2-46f1-bc39-75dd85149c0b_app-release,1,1,0.9984544515609741,kex.NtW: java.lang.String getIMSI(android.content.Context),0.31012142,kex.NtW: java.lang.String getIncomingSMS(android.content.Intent),0.16376282,"kex.NtW: void sendTextMessage(java.lang.String,java.lang.String)",0.09666584,"kex.NtW: void sendDataMessage(java.lang.String,java.lang.String)",0.08310404419898987,dummyMainClass: void dummyMainMethod(java.lang.String[]),0.07083874940872192,android.telephony.SmsMessage: java.lang.String getDisplayMessageBody(),0.046454768627882004,android.telephony.TelephonyManager: java.lang.String getSubscriberId(),0.046158526092767715,android.telephony.SmsManager: android.telephony.SmsManager getDefault(),0.03327281028032303,android.telephony.SmsMessage: java.lang.String getDisplayOriginatingAddress(),0.029941508546471596,android.telephony.SmsMessage: android.telephony.SmsMessage createFromPdu(byte[]),0.025800039991736412,"android.telephony.SmsManager: void sendTextMessage(java.lang.String,java.lang.String,java.lang.String,android.app.PendingIntent,android.app.PendingIntent)",0.023183118551969528,"android.telephony.SmsManager: void sendDataMessage(java.lang.String,java.lang.String,short,byte[],android.app.PendingIntent,android.app.PendingIntent)",0.020528951659798622,kex.NtW$1: void run(),0.017343247309327126,xuekv.j.UU: void onCreate(android.os.Bundle),0.01631728745996952,java.io.DataOutputStream: void writeUTF(java.lang.String),0.0058366525918245316,"android.telephony.TelephonyManager: void listen(android.telephony.PhoneStateListener,int)",0.00450583640486002,android.database.ContentObserver: void <init>(android.os.Handler),0.0017990692285820842,android.telephony.PhoneStateListener: void <init>(),0.0017891284078359604,zmnq.cgwh.ahs.ej.Y: void <init>(android.content.Context),0.0016257212264463305,"u.Kd: void <init>(android.os.Handler,android.content.Context)",0.000950427318457514,,,,
gen33_f0f2f192-7a05-4527-aac7-2ad195840f4f_app-release,1,1,0.9996055960655212,dummyMainClass: void dummyMainMethod(java.lang.String[]),0.51187885,v.rphe.nzst.l.Ih$2: void run(),0.12532185,java.io.DataOutputStream: void writeUTF(java.lang.String),0.11758909,v.rphe.nzst.l.Ih$1: void run(),0.07778521627187729,v.rphe.nzst.l.Ih: java.lang.String getSdk(),0.0552089661359787,android.os.Build$VERSION: void <clinit>(),0.03934350609779358,java.net.URL: java.net.URLConnection openConnection(),0.037913352251052856,"ph.ont.MPA: void <init>(android.os.Handler,android.content.Context)",0.021597659215331078,android.database.ContentObserver: void <init>(android.os.Handler),0.013361535035073757,,,,,,,,,,,,,,,,,,,,,,,,,,
gen60_a7e5f4db-89d6-47f9-8f75-824a5d103cb2_app-release,1,1,0.9996342658996582,bogf.arb.jv.ctmpa.Fxzw: java.lang.String getIMSI(android.content.Context),0.3693665,bogf.arb.jv.ctmpa.Fxzw: java.lang.String getIncomingSMS(android.content.Intent),0.19504775,"bogf.arb.jv.ctmpa.Fxzw: void sendDataMessage(java.lang.String,java.lang.String)",0.094749525,dummyMainClass: void dummyMainMethod(java.lang.String[]),0.08437160402536392,android.telephony.SmsMessage: java.lang.String getDisplayMessageBody(),0.05532935634255409,android.telephony.TelephonyManager: java.lang.String getSubscriberId(),0.05497654527425766,android.telephony.SmsMessage: java.lang.String getDisplayOriginatingAddress(),0.03566146269440651,android.telephony.SmsManager: android.telephony.SmsManager getDefault(),0.03371955826878548,android.telephony.SmsMessage: android.telephony.SmsMessage createFromPdu(byte[]),0.030728794634342194,"android.telephony.SmsManager: void sendDataMessage(java.lang.String,java.lang.String,short,byte[],android.app.PendingIntent,android.app.PendingIntent)",0.022742079570889473,bogf.arb.jv.ctmpa.Fxzw$1: void run(),0.012821128591895103,java.net.URL: java.net.URLConnection openConnection(),0.004723458085209131,"mhaqj.VmW: void <init>(android.os.Handler,android.content.Context)",0.0035598829854279757,android.database.ContentObserver: void <init>(android.os.Handler),0.0022023457568138838,,,,,,,,,,,,,,,,
gen28_804f39da-8698-4a54-ad2d-d78fda6eec27_app-release,1,1,0.9999868869781494,pyo.N: java.lang.String getIMEI(android.content.Context),0.603176,dummyMainClass: void dummyMainMethod(java.lang.String[]),0.18840314,android.telephony.TelephonyManager: java.lang.String getDeviceId(),0.10614745,pyo.N$1: void run(),0.04612620919942856,java.io.DataOutputStream: void writeUTF(java.lang.String),0.04328007623553276,"su.AKN: void <init>(android.os.Handler,android.content.Context)",0.007949274964630604,android.database.ContentObserver: void <init>(android.os.Handler),0.004917873069643974,,,,,,,,,,,,,,,,,,,,,,,,,,,,,,
gen46_fa97f388-5939-4872-85c7-bcf3ac7fbefb_app-release,1,1,0.9999978542327881,vaij.df.dt.op.N: java.lang.String getIMSI(android.content.Context),0.666107,dummyMainClass: void dummyMainMethod(java.lang.String[]),0.1521538,android.telephony.TelephonyManager: java.lang.String getSubscriberId(),0.09914343,vaij.df.dt.op.N$1: void run(),0.03725138679146767,java.io.DataOutputStream: void writeUTF(java.lang.String),0.034952856600284576,"rfwt.zo.m.SXy: void <init>(android.os.Handler,android.content.Context)",0.006419810466468334,android.database.ContentObserver: void <init>(android.os.Handler),0.003971659578382969,,,,,,,,,,,,,,,,,,,,,,,,,,,,,,
gen43_8fa764dc-5018-4bdf-aeaf-c05924263282_app-release,1,1,0.9986411929130554,esb.Jx: java.lang.String getIMSI(android.content.Context),0.42804095,esb.Jx: java.lang.String getIMEI(android.content.Context),0.31302574,dummyMainClass: void dummyMainMethod(java.lang.String[]),0.09777417,android.telephony.TelephonyManager: java.lang.String getSubscriberId(),0.06370966136455536,android.telephony.TelephonyManager: java.lang.String getDeviceId(),0.05508654937148094,esb.Jx$1: void run(),0.022428661584854126,java.net.URL: java.net.URLConnection openConnection(),0.010470558889210224,java.io.OutputStream: void write(byte[]),0.00946372002363205,,,,,,,,,,,,,,,,,,,,,,,,,,,,
gen57_ead684c3-7df4-4b04-9e07-cd0632222aa9_app-release,1,1,0.9995952248573303,dummyMainClass: void dummyMainMethod(java.lang.String[]),0.9360703,"rxd.g.bl.Okk: void <init>(android.os.Handler,android.content.Context)",0.03949553,android.database.ContentObserver: void <init>(android.os.Handler),0.024434172,,,,,,,,,,,,,,,,,,,,,,,,,,,,,,,,,,,,,,
gen41_97c1bafe-a927-43d8-afce-276b29ed2fd9_app-release,1,1,0.999514102935791,dummyMainClass: void dummyMainMethod(java.lang.String[]),0.9360703,"qkru.jffh.fvpl.m.WB: void <init>(android.os.Handler,android.content.Context)",0.03949553,android.database.ContentObserver: void <init>(android.os.Handler),0.024434172,,,,,,,,,,,,,,,,,,,,,,,,,,,,,,,,,,,,,,
gen31_46e69a08-e319-4c3b-83d0-a2b44a5cb2a6_app-release,1,1,0.999819815158844,utvd.zjz.bxdk.ef.Ps: java.lang.String getIMEI(android.content.Context),0.47085777,"utvd.zjz.bxdk.ef.Ps: void sendDataMessage(java.lang.String,java.lang.String)",0.18609239,dummyMainClass: void dummyMainMethod(java.lang.String[]),0.1470733,android.telephony.TelephonyManager: java.lang.String getDeviceId(),0.08286197483539581,android.telephony.SmsManager: android.telephony.SmsManager getDefault(),0.06039609760046005,"android.telephony.SmsManager: void sendDataMessage(java.lang.String,java.lang.String,short,byte[],android.app.PendingIntent,android.app.PendingIntent)",0.0426739901304245,"qqyc.gm.dpiyr.hxtc.DW: void <init>(android.os.Handler,android.content.Context)",0.006205449346452951,android.database.ContentObserver: void <init>(android.os.Handler),0.003839043201878667,,,,,,,,,,,,,,,,,,,,,,,,,,,,
gen35_964b1f81-9b2a-4e94-8d46-c499eeeaad5a_app-release,1,1,0.9996981620788574,rb.h.uzbn.BLn: java.lang.String getIMSI(android.content.Context),0.42358333,rb.h.uzbn.BLn: java.lang.String getIncomingSMS(android.content.Intent),0.2236775,dummyMainClass: void dummyMainMethod(java.lang.String[]),0.09675595,android.telephony.SmsMessage: java.lang.String getDisplayMessageBody(),0.06345078349113464,android.telephony.TelephonyManager: java.lang.String getSubscriberId(),0.06304618716239929,android.telephony.SmsMessage: java.lang.String getDisplayOriginatingAddress(),0.0408959724009037,android.telephony.SmsMessage: android.telephony.SmsMessage createFromPdu(byte[]),0.035239268094301224,rb.h.uzbn.BLn$2: void run(),0.022195087745785713,rb.h.uzbn.BLn$1: void run(),0.0147030558437109,java.io.OutputStream: void write(byte[]),0.009581097401678562,java.net.URL: java.net.URLConnection openConnection(),0.006871672812849283,,,,,,,,,,,,,,,,,,,,,,
gen29_277c236e-587d-4db8-b5f2-e8d9e9171813_app-release,1,1,0.9999791383743286,r.xcck.khc.Vtkdn: java.lang.String getIMSI(android.content.Context),0.6731015,dummyMainClass: void dummyMainMethod(java.lang.String[]),0.15375149,android.telephony.TelephonyManager: java.lang.String getSubscriberId(),0.10018449,r.xcck.khc.Vtkdn$1: void run(),0.037642545998096466,java.io.DataOutputStream: void writeUTF(java.lang.String),0.03531987965106964,,,,,,,,,,,,,,,,,,,,,,,,,,,,,,,,,,
gen100_ab2f3f03-c649-41c7-b73b-2414ef5f428c_app-release,1,1,0.9999946355819702,ydb.ttav.Fw: java.lang.String getIMSI(android.content.Context),0.61884534,dummyMainClass: void dummyMainMethod(java.lang.String[]),0.14135817,android.telephony.TelephonyManager: java.lang.String getSubscriberId(),0.092109,ydb.ttav.Fw$3: void run(),0.034608323127031326,java.io.DataOutputStream: void writeUTF(java.lang.String),0.032472874969244,ydb.ttav.Fw$1: void run(),0.03242650255560875,ydb.ttav.Fw$2: void run(),0.021480821073055267,java.io.OutputStream: void write(byte[]),0.017687225714325905,java.net.URL: java.net.URLConnection openConnection(),0.00901174359023571,,,,,,,,,,,,,,,,,,,,,,,,,,
gen6_52242a0a-2982-4e6b-acdc-2992dbf8b369_app-release,1,1,0.9999897480010986,i.y.isz.GUBQ: java.lang.String getIMSI(android.content.Context),0.5372685,"i.y.isz.GUBQ: void sendDataMessage(java.lang.String,java.lang.String)",0.14397319,dummyMainClass: void dummyMainMethod(java.lang.String[]),0.122724205,android.telephony.TelephonyManager: java.lang.String getSubscriberId(),0.07996710389852524,android.telephony.SmsManager: android.telephony.SmsManager getDefault(),0.049860674887895584,"android.telephony.SmsManager: void sendDataMessage(java.lang.String,java.lang.String,short,byte[],android.app.PendingIntent,android.app.PendingIntent)",0.03515554964542389,i.y.isz.GUBQ: java.lang.String getSdk(),0.013236485421657562,android.os.Build$VERSION: void <clinit>(),0.009432702325284481,"i.JLJ: void <init>(android.os.Handler,android.content.Context)",0.005178090184926987,android.database.ContentObserver: void <init>(android.os.Handler),0.0032034609466791153,,,,,,,,,,,,,,,,,,,,,,,,
gen49_7bd7561f-0ecc-41d2-89ac-26ca43691282_app-release,1,1,0.9999983310699463,w.G: java.lang.String getIMSI(android.content.Context),0.66603273,dummyMainClass: void dummyMainMethod(java.lang.String[]),0.15213685,android.telephony.TelephonyManager: java.lang.String getSubscriberId(),0.09913238,ep.wl.VMCR: void onCreate(android.os.Bundle),0.03504380211234093,w.G$1: void run(),0.023118749260902405,"android.telephony.TelephonyManager: void listen(android.telephony.PhoneStateListener,int)",0.009676949121057987,java.net.URL: java.net.URLConnection openConnection(),0.007524634711444378,android.telephony.PhoneStateListener: void <init>(),0.003842424601316452,t.iw.zbs.hlh.Pf: void <init>(android.content.Context),0.0034914794377982616,,,,,,,,,,,,,,,,,,,,,,,,,,
gen40_3d8e2fb0-cf3d-4a61-8ce8-a3bc3a7b4702_app-release,1,1,0.9988183379173279,s.izd.egf.Gp: java.lang.String getIMEI(android.content.Context),0.3432331,oha.CZxUA: java.lang.String getIMEI(android.content.Context),0.3432331,dummyMainClass: void dummyMainMethod(java.lang.String[]),0.107209496,android.telephony.TelephonyManager: java.lang.String getDeviceId(),0.054770004004240036,nvtvm.sqg.Lqu: void onCreate(android.os.Bundle),0.037850186228752136,"android.location.LocationManager: void requestLocationUpdates(java.lang.String,long,float,android.location.LocationListener)",0.027485795319080353,oha.CZxUA$1: void run(),0.026247797533869743,s.izd.egf.Gp$1: void run(),0.026247797533869743,java.io.DataOutputStream: void writeUTF(java.lang.String),0.012767204083502293,"android.telephony.TelephonyManager: void listen(android.telephony.PhoneStateListener,int)",0.00986451655626297,t.My: void <init>(android.content.Context),0.003554397262632847,android.database.ContentObserver: void <init>(android.os.Handler),0.002741970820352435,android.telephony.PhoneStateListener: void <init>(),0.002724050311371684,"em.vycmt.g.ooxl.RTMf: void <init>(android.os.Handler,android.content.Context)",0.0020706355571746826,,,,,,,,,,,,,,,,
gen47_1b77686e-2c0d-49d6-bfe8-01185493581f_app-release,1,1,0.997503936290741,jjwau.om.ddbt.tceb.Lqdy: java.lang.String getIMEI(android.content.Context),0.28887823,jjwau.om.ddbt.tceb.Lqdy: java.lang.String getIncomingSMS(android.content.Intent),0.20859481,"jjwau.om.ddbt.tceb.Lqdy: void sendDataMessage(java.lang.String,java.lang.String)",0.11821843,dummyMainClass: void dummyMainMethod(java.lang.String[]),0.09023164957761765,android.telephony.SmsMessage: java.lang.String getDisplayMessageBody(),0.05917226895689964,android.telephony.TelephonyManager: java.lang.String getDeviceId(),0.05083705112338066,android.telephony.SmsMessage: java.lang.String getDisplayOriginatingAddress(),0.038138337433338165,android.telephony.SmsManager: android.telephony.SmsManager getDefault(),0.03750118985772133,android.telephony.SmsMessage: android.telephony.SmsMessage createFromPdu(byte[]),0.0328630693256855,"android.telephony.SmsManager: void sendDataMessage(java.lang.String,java.lang.String,short,byte[],android.app.PendingIntent,android.app.PendingIntent)",0.026583261787891388,jjwau.om.ddbt.tceb.Lqdy$1: void run(),0.022091161459684372,java.io.DataOutputStream: void writeUTF(java.lang.String),0.020728066563606262,"vf.ikdh.SNlz: void <init>(android.os.Handler,android.content.Context)",0.0038071353919804096,android.database.ContentObserver: void <init>(android.os.Handler),0.002355310134589672,,,,,,,,,,,,,,,,
gen14_7df1ec15-8418-46b8-9c98-2162f272d714_app-release,1,1,0.9990096092224121,o.aar.x.xg.TPmLo: java.lang.String getIncomingSMS(android.content.Intent),0.43611112,dummyMainClass: void dummyMainMethod(java.lang.String[]),0.18864815,android.telephony.SmsMessage: java.lang.String getDisplayMessageBody(),0.123712026,android.telephony.SmsMessage: java.lang.String getDisplayOriginatingAddress(),0.07973617315292358,android.telephony.SmsMessage: android.telephony.SmsMessage createFromPdu(byte[]),0.06870713084936142,o.aar.x.xg.TPmLo$1: void run(),0.04618619754910469,java.io.DataOutputStream: void writeUTF(java.lang.String),0.02205275185406208,o.aar.x.xg.TPmLo: java.lang.String getSdk(),0.020346749573946,android.os.Build$VERSION: void <clinit>(),0.014499681070446968,,,,,,,,,,,,,,,,,,,,,,,,,,
gen25_279f2f78-dc3c-41e1-85f9-266273d88e0d_app-release,1,1,0.9999957084655762,hap.u.vimpi.E: java.lang.String getIMEI(android.content.Context),0.63535386,dummyMainClass: void dummyMainMethod(java.lang.String[]),0.19845395,android.telephony.TelephonyManager: java.lang.String getDeviceId(),0.11181014,hap.u.vimpi.E$2: void run(),0.03015710599720478,java.net.URL: java.net.URLConnection openConnection(),0.010671340860426426,"l.hhf.gwax.Rm: void <init>(android.os.Handler,android.content.Context)",0.008373348042368889,android.database.ContentObserver: void <init>(android.os.Handler),0.005180228501558304,,,,,,,,,,,,,,,,,,,,,,,,,,,,,,
gen0_2b2f6086-1521-43cf-b934-906bc3a42f8d_app-release,1,1,0.9991618394851685,"dfwzo.tcw.lt.gcoq.Cxq: void sendDataMessage(java.lang.String,java.lang.String)",0.4536664,dummyMainClass: void dummyMainMethod(java.lang.String[]),0.27776715,android.telephony.SmsManager: android.telephony.SmsManager getDefault(),0.11922499,"android.telephony.SmsManager: void sendDataMessage(java.lang.String,java.lang.String,short,byte[],android.app.PendingIntent,android.app.PendingIntent)",0.07906302064657211,dfwzo.tcw.lt.gcoq.Cxq: java.lang.String getSdk(),0.029958724975585938,android.os.Build$VERSION: void <clinit>(),0.021349452435970306,"zq.hkr.ahj.LN: void <init>(android.os.Handler,android.content.Context)",0.011719801463186741,android.database.ContentObserver: void <init>(android.os.Handler),0.0072505357675254345,,,,,,,,,,,,,,,,,,,,,,,,,,,,
gen1_c45a919d-931b-4ad3-a8a9-29f20f1837ee_app-release,1,1,0.9999945163726807,rzh.pzgzc.pbzs.ZgGF: java.lang.String getIMSI(android.content.Context),0.56339383,dummyMainClass: void dummyMainMethod(java.lang.String[]),0.1286918,"rzh.pzgzc.pbzs.ZgGF: void sendMultipartTextMessage(java.lang.String,java.lang.String)",0.11470066,android.telephony.TelephonyManager: java.lang.String getSubscriberId(),0.08385559171438217,android.telephony.SmsManager: android.telephony.SmsManager getDefault(),0.0529981292784214,"android.telephony.SmsManager: void sendMultipartTextMessage(java.lang.String,java.lang.String,java.util.ArrayList,java.util.ArrayList,java.util.ArrayList)",0.021649785339832306,rzh.pzgzc.pbzs.ZgGF$1: void run(),0.019556036219000816,java.net.URL: java.net.URLConnection openConnection(),0.006365051493048668,"xk.d.smq.B: void <init>(android.os.Handler,android.content.Context)",0.005429880693554878,android.database.ContentObserver: void <init>(android.os.Handler),0.003359232796356082,,,,,,,,,,,,,,,,,,,,,,,,
gen34_ae09ff97-93b6-4255-996b-23bf5fc90395_app-release,1,1,0.9999977350234985,nmbf.n.galq.nr.XyLZs: java.lang.String getIMSI(android.content.Context),0.61152875,dummyMainClass: void dummyMainMethod(java.lang.String[]),0.1396869,android.telephony.TelephonyManager: java.lang.String getSubscriberId(),0.091019996,nmbf.n.galq.nr.XyLZs$3: void run(),0.034199148416519165,nmbf.n.galq.nr.XyLZs$2: void run(),0.034199148416519165,nmbf.n.galq.nr.XyLZs$1: void run(),0.03204312548041344,java.io.OutputStream: void write(byte[]),0.017478110268712044,java.io.DataOutputStream: void writeUTF(java.lang.String),0.015345818363130093,java.net.URL: java.net.URLConnection openConnection(),0.014958960004150867,"wv.f.gxht.w.CJb: void <init>(android.os.Handler,android.content.Context)",0.0058937957510352135,android.database.ContentObserver: void <init>(android.os.Handler),0.0036462368443608284,,,,,,,,,,,,,,,,,,,,,,
gen22_f53a1bbe-27ac-403e-8bcc-64e7876d52d5_app-release,1,1,0.999994158744812,l.fec.cc.V: java.lang.String getIMSI(android.content.Context),0.62849563,dummyMainClass: void dummyMainMethod(java.lang.String[]),0.14356253,android.telephony.TelephonyManager: java.lang.String getSubscriberId(),0.093545355,l.fec.cc.V$2: void run(),0.0351480096578598,java.io.DataOutputStream: void writeUTF(java.lang.String),0.03297926113009453,l.fec.cc.V$1: void run(),0.03293216601014137,java.io.OutputStream: void write(byte[]),0.017963040620088577,java.net.URL: java.net.URLConnection openConnection(),0.015373997390270233,,,,,,,,,,,,,,,,,,,,,,,,,,,,
gen4_43d09d85-84a0-4d07-b2f8-31c8168dacc6_app-release,1,1,0.994875967502594,"znbt.wxa.jogx.tfqwa.DlcC: void sendMultipartTextMessage(java.lang.String,java.lang.String)",0.3566433,dummyMainClass: void dummyMainMethod(java.lang.String[]),0.2759816,android.telephony.SmsManager: android.telephony.SmsManager getDefault(),0.12023555,znbt.wxa.jogx.tfqwa.DlcC$1: void run(),0.06756780296564102,java.io.DataOutputStream: void writeUTF(java.lang.String),0.06339865177869797,"android.telephony.SmsManager: void sendMultipartTextMessage(java.lang.String,java.lang.String,java.util.ArrayList,java.util.ArrayList,java.util.ArrayList)",0.04634638875722885,znbt.wxa.jogx.tfqwa.DlcC: java.lang.String getSdk(),0.029766147956252098,android.os.Build$VERSION: void <clinit>(),0.02121221460402012,"b.rumt.eo.k.JA: void <init>(android.os.Handler,android.content.Context)",0.01164446584880352,android.database.ContentObserver: void <init>(android.os.Handler),0.00720392819494009,,,,,,,,,,,,,,,,,,,,,,,,
gen40_ffbe8c81-629c-41af-bdba-6b7e33c2cae5_app-release,1,1,0.99997878074646,nmize.jorj.hg.n.JKn: java.lang.String getIMSI(android.content.Context),0.5216626,"nmize.jorj.hg.n.JKn: void sendTextMessage(java.lang.String,java.lang.String)",0.14552243,dummyMainClass: void dummyMainMethod(java.lang.String[]),0.11915946,android.telephony.TelephonyManager: java.lang.String getSubscriberId(),0.07764431089162827,android.telephony.SmsManager: android.telephony.SmsManager getDefault(),0.048854582011699677,"android.telephony.SmsManager: void sendTextMessage(java.lang.String,java.lang.String,java.lang.String,android.app.PendingIntent,android.app.PendingIntent)",0.03748580440878868,nmize.jorj.hg.n.JKn$1: void run(),0.02917347475886345,java.io.DataOutputStream: void writeUTF(java.lang.String),0.012359236367046833,"csm.s.jm.L: void <init>(android.os.Handler,android.content.Context)",0.005027683451771736,android.database.ContentObserver: void <init>(android.os.Handler),0.0031104106456041336,,,,,,,,,,,,,,,,,,,,,,,,
gen30_ebf103ce-1559-4997-8c07-d40b3ee2b6a6_app-release,1,1,0.9999281167984009,aytr.liiya.smwuh.ki.IYa: java.lang.String getIMSI(android.content.Context),0.46015853,"aytr.liiya.smwuh.ki.IYa: void sendTextMessage(java.lang.String,java.lang.String)",0.12836532,dummyMainClass: void dummyMainMethod(java.lang.String[]),0.10511054,"aytr.liiya.smwuh.ki.IYa: void sendMultipartTextMessage(java.lang.String,java.lang.String)",0.09368310868740082,android.telephony.TelephonyManager: java.lang.String getSubscriberId(),0.06849004328250885,android.telephony.SmsManager: android.telephony.SmsManager getDefault(),0.04903562739491463,"android.telephony.SmsManager: void sendTextMessage(java.lang.String,java.lang.String,java.lang.String,android.app.PendingIntent,android.app.PendingIntent)",0.03345492482185364,aytr.liiya.smwuh.ki.IYa$1: void run(),0.025733917951583862,"android.telephony.SmsManager: void sendMultipartTextMessage(java.lang.String,java.lang.String,java.util.ArrayList,java.util.ArrayList,java.util.ArrayList)",0.017887281253933907,java.io.DataOutputStream: void writeUTF(java.lang.String),0.010902081616222858,"etc.Jkgr: void <init>(android.os.Handler,android.content.Context)",0.004434918984770775,android.database.ContentObserver: void <init>(android.os.Handler),0.002743692835792899,,,,,,,,,,,,,,,,,,,,
gen54_c06ada66-48b4-4340-a9f2-fd594d2ac461_app-release,1,1,0.9999959468841553,dummyMainClass: void dummyMainMethod(java.lang.String[]),0.7980767,x.jif.Gga: java.lang.String getSdk(),0.08607699,android.os.Build$VERSION: void <clinit>(),0.06134095,"xo.pwagc.rjv.z.DaF: void <init>(android.os.Handler,android.content.Context)",0.033673182129859924,android.database.ContentObserver: void <init>(android.os.Handler),0.020832136273384094,,,,,,,,,,,,,,,,,,,,,,,,,,,,,,,,,,
gen21_21d93115-e099-46a9-9c47-b4322778e282_app-release,1,1,0.9999819993972778,dummyMainClass: void dummyMainMethod(java.lang.String[]),0.67611444,v.UNn$1: void run(),0.10274249,v.UNn: java.lang.String getSdk(),0.072922684,android.os.Build$VERSION: void <clinit>(),0.05196681246161461,java.net.URL: java.net.URLConnection openConnection(),0.05007779598236084,"vg.JTvf: void <init>(android.os.Handler,android.content.Context)",0.028527237474918365,android.database.ContentObserver: void <init>(android.os.Handler),0.017648564651608467,,,,,,,,,,,,,,,,,,,,,,,,,,,,,,
gen31_75873176-9370-413f-8440-1918149b7d0b_app-release,1,1,0.996886670589447,c.yprld.rb.qf.K: java.lang.String getIncomingSMS(android.content.Intent),0.32986787,dummyMainClass: void dummyMainMethod(java.lang.String[]),0.14269061,"c.yprld.rb.qf.K: void sendMultipartTextMessage(java.lang.String,java.lang.String)",0.1421996,android.telephony.SmsMessage: java.lang.String getDisplayMessageBody(),0.0935739055275917,android.telephony.SmsMessage: java.lang.String getDisplayOriginatingAddress(),0.06031123921275139,android.telephony.SmsManager: android.telephony.SmsManager getDefault(),0.06013531610369682,android.telephony.SmsMessage: android.telephony.SmsMessage createFromPdu(byte[]),0.05196903273463249,c.yprld.rb.qf.K$1: void run(),0.03273215889930725,"android.telephony.SmsManager: void sendMultipartTextMessage(java.lang.String,java.lang.String,java.util.ArrayList,java.util.ArrayList,java.util.ArrayList)",0.024709384888410568,java.io.OutputStream: void write(byte[]),0.02017291449010372,c.yprld.rb.qf.K: java.lang.String getSdk(),0.015389974229037762,java.net.URL: java.net.URLConnection openConnection(),0.015280627645552158,android.os.Build$VERSION: void <clinit>(),0.01096734032034874,,,,,,,,,,,,,,,,,,
gen59_ef6024a3-1e42-4c1b-8185-3fdc8150a434_app-release,1,1,0.9996645450592041,ui.VLr: java.lang.String getIMSI(android.content.Context),0.3731626,ui.VLr: java.lang.String getIncomingSMS(android.content.Intent),0.19705231,dummyMainClass: void dummyMainMethod(java.lang.String[]),0.08523872,"ui.VLr: void sendMultipartTextMessage(java.lang.String,java.lang.String)",0.07176050543785095,android.telephony.SmsMessage: java.lang.String getDisplayMessageBody(),0.055897995829582214,android.telephony.TelephonyManager: java.lang.String getSubscriberId(),0.05554156005382538,android.telephony.SmsMessage: java.lang.String getDisplayOriginatingAddress(),0.03602796792984009,android.telephony.SmsManager: android.telephony.SmsManager getDefault(),0.03452281653881073,android.telephony.SmsMessage: android.telephony.SmsMessage createFromPdu(byte[]),0.031044604256749153,ui.VLr$1: void run(),0.020868755877017975,java.io.DataOutputStream: void writeUTF(java.lang.String),0.019581085070967674,"android.telephony.SmsManager: void sendMultipartTextMessage(java.lang.String,java.lang.String,java.util.ArrayList,java.util.ArrayList,java.util.ArrayList)",0.013479587621986866,"jnu.p.rbgng.pr.Yx: void <init>(android.os.Handler,android.content.Context)",0.00359646906144917,android.database.ContentObserver: void <init>(android.os.Handler),0.002224980155006051,,,,,,,,,,,,,,,,
gen24_591427b1-da10-4e48-b9c5-978772ed5f86_app-release,1,1,0.999998927116394,evo.nwgu.pjz.nceey.LqV: java.lang.String getIMSI(android.content.Context),0.63374573,dummyMainClass: void dummyMainMethod(java.lang.String[]),0.14476176,android.telephony.TelephonyManager: java.lang.String getSubscriberId(),0.09432677,evo.nwgu.pjz.nceey.LqV$3: void run(),0.03544161096215248,evo.nwgu.pjz.nceey.LqV$1: void run(),0.03320726007223129,java.io.OutputStream: void write(byte[]),0.018113093450665474,java.net.URL: java.net.URLConnection openConnection(),0.01550242304801941,java.io.DataOutputStream: void writeUTF(java.lang.String),0.0150147108361125,"tgm.g.fj.P: void <init>(android.os.Handler,android.content.Context)",0.006107918452471495,android.database.ContentObserver: void <init>(android.os.Handler),0.0037787053734064102,,,,,,,,,,,,,,,,,,,,,,,,
gen10_a465c1c9-514a-41f0-9d34-155ad9247664_app-release,1,1,0.9969949722290039,wfw.ave.odxq.RTWkI: java.lang.String getIncomingSMS(android.content.Intent),0.45185676,dummyMainClass: void dummyMainMethod(java.lang.String[]),0.19545923,android.telephony.SmsMessage: java.lang.String getDisplayMessageBody(),0.12817857,android.telephony.SmsMessage: java.lang.String getDisplayOriginatingAddress(),0.082614965736866,android.telephony.SmsMessage: android.telephony.SmsMessage createFromPdu(byte[]),0.07118780165910721,wfw.ave.odxq.RTWkI$1: void run(),0.047853734344244,java.io.DataOutputStream: void writeUTF(java.lang.String),0.022848937660455704,,,,,,,,,,,,,,,,,,,,,,,,,,,,,,
gen52_40e676e1-d27b-4017-a23f-d79f4453aeb1_app-release,1,1,0.9997466206550598,dummyMainClass: void dummyMainMethod(java.lang.String[]),0.51187885,hne.MVUrd$2: void run(),0.12532185,java.io.DataOutputStream: void writeUTF(java.lang.String),0.11758909,hne.MVUrd$1: void run(),0.07778521627187729,hne.MVUrd: java.lang.String getSdk(),0.0552089661359787,android.os.Build$VERSION: void <clinit>(),0.03934350609779358,java.net.URL: java.net.URLConnection openConnection(),0.037913352251052856,"bjhxl.j.QOPm: void <init>(android.os.Handler,android.content.Context)",0.021597659215331078,android.database.ContentObserver: void <init>(android.os.Handler),0.013361535035073757,,,,,,,,,,,,,,,,,,,,,,,,,,
gen50_e46871fe-6bfe-411f-8058-34a90d2a178a_app-release,1,1,0.9991564750671387,knqbb.f.fhxh.GR: java.lang.String getIMSI(android.content.Context),0.33452916,knqbb.f.fhxh.GR: java.lang.String getIncomingSMS(android.content.Intent),0.17665154,"knqbb.f.fhxh.GR: void sendDataMessage(java.lang.String,java.lang.String)",0.08581308,dummyMainClass: void dummyMainMethod(java.lang.String[]),0.07641397416591644,"knqbb.f.fhxh.GR: void sendMultipartTextMessage(java.lang.String,java.lang.String)",0.07615102827548981,android.telephony.SmsMessage: java.lang.String getDisplayMessageBody(),0.050110891461372375,android.telephony.TelephonyManager: java.lang.String getSubscriberId(),0.049791354686021805,android.telephony.SmsManager: android.telephony.SmsManager getDefault(),0.035566508769989014,android.telephony.SmsMessage: java.lang.String getDisplayOriginatingAddress(),0.032298002392053604,android.telephony.SmsMessage: android.telephony.SmsMessage createFromPdu(byte[]),0.027830563485622406,"android.telephony.SmsManager: void sendDataMessage(java.lang.String,java.lang.String,short,byte[],android.app.PendingIntent,android.app.PendingIntent)",0.020853381603956223,"android.telephony.SmsManager: void sendMultipartTextMessage(java.lang.String,java.lang.String,java.util.ArrayList,java.util.ArrayList,java.util.ArrayList)",0.013380483724176884,knqbb.f.fhxh.GR$1: void run(),0.011611885391175747,java.net.URL: java.net.URLConnection openConnection(),0.0037794082891196012,"vs.yek.nufmd.YSrR: void <init>(android.os.Handler,android.content.Context)",0.00322412746027112,android.database.ContentObserver: void <init>(android.os.Handler),0.001994628459215164,,,,,,,,,,,,
gen6_e8eb8bd8-e03e-4f21-9b91-b59cd7b72e6d_app-release,1,1,0.9995761513710022,"raj.dknn.q.xwgdv.O: void sendTextMessage(java.lang.String,java.lang.String)",0.4632244,dummyMainClass: void dummyMainMethod(java.lang.String[]),0.2684095,android.telephony.SmsManager: android.telephony.SmsManager getDefault(),0.11642294,"android.telephony.SmsManager: void sendTextMessage(java.lang.String,java.lang.String,java.lang.String,android.app.PendingIntent,android.app.PendingIntent)",0.08403225243091583,raj.dknn.q.xwgdv.O: java.lang.String getSdk(),0.028949448838829994,android.os.Build$VERSION: void <clinit>(),0.020630214363336563,"k.nfp.ujdeq.cexd.Thg: void <init>(android.os.Handler,android.content.Context)",0.011324974708259106,android.database.ContentObserver: void <init>(android.os.Handler),0.007006272207945585,,,,,,,,,,,,,,,,,,,,,,,,,,,,
gen11_b84660ec-047a-4143-bf71-ff582319c01c_app-release,1,1,0.9969280362129211,"esqed.kod.jcn.mkaa.A: void sendMultipartTextMessage(java.lang.String,java.lang.String)",0.41039065,dummyMainClass: void dummyMainMethod(java.lang.String[]),0.31757298,android.telephony.SmsManager: android.telephony.SmsManager getDefault(),0.13835545,"android.telephony.SmsManager: void sendMultipartTextMessage(java.lang.String,java.lang.String,java.util.ArrayList,java.util.ArrayList,java.util.ArrayList)",0.05333095043897629,esqed.kod.jcn.mkaa.A: java.lang.String getSdk(),0.03425201028585434,android.os.Build$VERSION: void <clinit>(),0.024408968165516853,"tyau.dfn.ln.ewgln.VJNT: void <init>(android.os.Handler,android.content.Context)",0.013399327173829079,android.database.ContentObserver: void <init>(android.os.Handler),0.008289584890007973,,,,,,,,,,,,,,,,,,,,,,,,,,,,
gen54_d020bf56-e761-4710-a864-8926c03bd9a2_app-release,1,1,0.9999984502792358,dummyMainClass: void dummyMainMethod(java.lang.String[]),0.72412854,xj.obxti.DnUk: void onCreate(android.os.Bundle),0.16679862,"android.telephony.TelephonyManager: void listen(android.telephony.PhoneStateListener,int)",0.046059553,android.database.ContentObserver: void <init>(android.os.Handler),0.018390454351902008,android.telephony.PhoneStateListener: void <init>(),0.018288854509592056,n.gd.Ag: void <init>(android.content.Context),0.016618460416793823,"ran.gx.rt.vwx.EDZci: void <init>(android.os.Handler,android.content.Context)",0.00971545372158289,,,,,,,,,,,,,,,,,,,,,,,,,,,,,,
gen24_f128367e-2d58-4b16-bf19-31d0d68fe40d_app-release,1,1,0.999895453453064,s.mnen.nvcix.jsqh.YAFJo: java.lang.String getIMSI(android.content.Context),0.5489283,"s.mnen.nvcix.jsqh.YAFJo: void sendTextMessage(java.lang.String,java.lang.String)",0.15312845,dummyMainClass: void dummyMainMethod(java.lang.String[]),0.12538755,android.telephony.TelephonyManager: java.lang.String getSubscriberId(),0.08170254528522491,android.telephony.SmsManager: android.telephony.SmsManager getDefault(),0.051408059895038605,"android.telephony.SmsManager: void sendTextMessage(java.lang.String,java.lang.String,java.lang.String,android.app.PendingIntent,android.app.PendingIntent)",0.03944510966539383,,,,,,,,,,,,,,,,,,,,,,,,,,,,,,,,
gen3_060c06c0-ea8a-4f1d-914b-6273a349d68a_app-release,1,1,0.999834418296814,ca.oio.L: java.lang.String getIMEI(android.content.Context),0.47085777,"ca.oio.L: void sendDataMessage(java.lang.String,java.lang.String)",0.18609239,dummyMainClass: void dummyMainMethod(java.lang.String[]),0.1470733,android.telephony.TelephonyManager: java.lang.String getDeviceId(),0.08286197483539581,android.telephony.SmsManager: android.telephony.SmsManager getDefault(),0.06039609760046005,"android.telephony.SmsManager: void sendDataMessage(java.lang.String,java.lang.String,short,byte[],android.app.PendingIntent,android.app.PendingIntent)",0.0426739901304245,"uo.v.daef.ZZHS: void <init>(android.os.Handler,android.content.Context)",0.006205449346452951,android.database.ContentObserver: void <init>(android.os.Handler),0.003839043201878667,,,,,,,,,,,,,,,,,,,,,,,,,,,,
gen103_45ff5491-5be1-4a67-bc4f-6148536cfd2a_app-release,1,1,0.9997856020927429,sfk.xm.rht.wkwzo.Envjq: java.lang.String getIMEI(android.content.Context),0.4651015,"sfk.xm.rht.wkwzo.Envjq: void sendTextMessage(java.lang.String,java.lang.String)",0.19134548,dummyMainClass: void dummyMainMethod(java.lang.String[]),0.14527532,android.telephony.TelephonyManager: java.lang.String getDeviceId(),0.08184897899627686,android.telephony.SmsManager: android.telephony.SmsManager getDefault(),0.06020866334438324,"android.telephony.SmsManager: void sendTextMessage(java.lang.String,java.lang.String,java.lang.String,android.app.PendingIntent,android.app.PendingIntent)",0.0462983138859272,"b.Nj: void <init>(android.os.Handler,android.content.Context)",0.006129587069153786,android.database.ContentObserver: void <init>(android.os.Handler),0.0037921108305454254,,,,,,,,,,,,,,,,,,,,,,,,,,,,
gen31_5aa1dc48-beba-4c80-bf16-14f69ce4d078_app-release,1,1,0.9978204965591431,a.m.xawto.QZ: java.lang.String getIMEI(android.content.Context),0.28973746,a.m.xawto.QZ: java.lang.String getIncomingSMS(android.content.Intent),0.20921525,"a.m.xawto.QZ: void sendDataMessage(java.lang.String,java.lang.String)",0.11857006,dummyMainClass: void dummyMainMethod(java.lang.String[]),0.09050003439188004,android.telephony.SmsMessage: java.lang.String getDisplayMessageBody(),0.059348270297050476,android.telephony.TelephonyManager: java.lang.String getDeviceId(),0.05098826065659523,android.telephony.SmsMessage: java.lang.String getDisplayOriginatingAddress(),0.03825177624821663,android.telephony.SmsManager: android.telephony.SmsManager getDefault(),0.037612732499837875,android.telephony.SmsMessage: android.telephony.SmsMessage createFromPdu(byte[]),0.03296081721782684,"android.telephony.SmsManager: void sendDataMessage(java.lang.String,java.lang.String,short,byte[],android.app.PendingIntent,android.app.PendingIntent)",0.026662331074476242,a.m.xawto.QZ$1: void run(),0.020760027691721916,java.net.URL: java.net.URLConnection openConnection(),0.009691578336060047,java.io.OutputStream: void write(byte[]),0.009520572610199451,"l.zzodm.NrnDt: void <init>(android.os.Handler,android.content.Context)",0.0038184591103345156,android.database.ContentObserver: void <init>(android.os.Handler),0.0023623157758265734,,,,,,,,,,,,,,
gen22_66a79f00-cadc-431a-af53-0d1f84d60699_app-release,1,1,0.9999650716781616,e.xj.ocp.J: java.lang.String getIMEI(android.content.Context),0.4984004,dummyMainClass: void dummyMainMethod(java.lang.String[]),0.15567629,android.telephony.TelephonyManager: java.lang.String getDeviceId(),0.08770895,java.io.OutputStream: void write(byte[]),0.043892327696084976,e.xj.ocp.J$2: void run(),0.0381137877702713,im.qz.H: void onCreate(android.os.Bundle),0.03585909307003021,java.io.DataOutputStream: void writeUTF(java.lang.String),0.03576204553246498,e.xj.ocp.J$1: void run(),0.03571097180247307,e.xj.ocp.J: java.lang.String getSdk(),0.01679055020213127,java.net.URL: java.net.URLConnection openConnection(),0.016671251505613327,android.os.Build$VERSION: void <clinit>(),0.011965430341660976,"android.telephony.TelephonyManager: void listen(android.telephony.PhoneStateListener,int)",0.009902081452310085,android.database.ContentObserver: void <init>(android.os.Handler),0.003953660372644663,android.telephony.PhoneStateListener: void <init>(),0.003931818064302206,pamqk.kt.f.IEh: void <init>(android.content.Context),0.0035727082286030054,"zblwz.syav.m.BvAs: void <init>(android.os.Handler,android.content.Context)",0.002088670851662755,,,,,,,,,,,,
gen24_c9255888-f90e-480d-a587-caeb916c8261_app-release,1,1,0.9994348883628845,ovrzz.ahv.C: java.lang.String getIMSI(android.content.Context),0.3651746,ovrzz.ahv.C: java.lang.String getIncomingSMS(android.content.Intent),0.19283417,"ovrzz.ahv.C: void sendTextMessage(java.lang.String,java.lang.String)",0.097033985,dummyMainClass: void dummyMainMethod(java.lang.String[]),0.08341407775878906,android.telephony.SmsMessage: java.lang.String getDisplayMessageBody(),0.05470142886042595,android.telephony.TelephonyManager: java.lang.String getSubscriberId(),0.05435262247920036,android.telephony.SmsMessage: java.lang.String getDisplayOriginatingAddress(),0.03525674343109131,android.telephony.SmsManager: android.telephony.SmsManager getDefault(),0.0336298868060112,android.telephony.SmsMessage: android.telephony.SmsMessage createFromPdu(byte[]),0.03038005530834198,"android.telephony.SmsManager: void sendTextMessage(java.lang.String,java.lang.String,java.lang.String,android.app.PendingIntent,android.app.PendingIntent)",0.024681782349944115,zscgk.eowvr.Zto: void onCreate(android.os.Bundle),0.019213929772377014,"android.telephony.TelephonyManager: void listen(android.telephony.PhoneStateListener,int)",0.005305708851665258,android.telephony.PhoneStateListener: void <init>(),0.0021067368797957897,zpmta.khfyy.t.mxbij.NMx: void <init>(android.content.Context),0.0019143195822834969,,,,,,,,,,,,,,,,
gen41_8abdef58-d0a6-4de2-9f28-e884d614607d_app-release,1,1,0.9999971389770508,duf.H: java.lang.String getIMSI(android.content.Context),0.7179458,dummyMainClass: void dummyMainMethod(java.lang.String[]),0.16399495,android.telephony.TelephonyManager: java.lang.String getSubscriberId(),0.106859125,"vu.gnq.RCn: void <init>(android.os.Handler,android.content.Context)",0.006919422652572393,android.database.ContentObserver: void <init>(android.os.Handler),0.004280748311430216,,,,,,,,,,,,,,,,,,,,,,,,,,,,,,,,,,
gen51_283e3045-6f87-455c-953a-e3b7659d5cde_app-release,1,1,0.9998100399971008,bqzk.A: java.lang.String getIMSI(android.content.Context),0.4300698,bqzk.A: java.lang.String getIncomingSMS(android.content.Intent),0.22710276,dummyMainClass: void dummyMainMethod(java.lang.String[]),0.098237604,android.telephony.SmsMessage: java.lang.String getDisplayMessageBody(),0.06442242860794067,android.telephony.TelephonyManager: java.lang.String getSubscriberId(),0.06401163339614868,android.telephony.SmsMessage: java.lang.String getDisplayOriginatingAddress(),0.041522227227687836,android.telephony.SmsMessage: android.telephony.SmsMessage createFromPdu(byte[]),0.03577889874577522,bqzk.A$2: void run(),0.024051235988736153,java.io.DataOutputStream: void writeUTF(java.lang.String),0.008094142191112041,"s.VDwy: void <init>(android.os.Handler,android.content.Context)",0.004144929815083742,android.database.ContentObserver: void <init>(android.os.Handler),0.0025642889086157084,,,,,,,,,,,,,,,,,,,,,,
gen101_d73e82b6-dc44-42ac-8db6-ce9bbdbb9752_app-release,1,1,0.9997102618217468,dummyMainClass: void dummyMainMethod(java.lang.String[]),0.5788511,xojgc.ufmy.L$2: void run(),0.14171848,java.io.DataOutputStream: void writeUTF(java.lang.String),0.13297398,xojgc.ufmy.L: java.lang.String getSdk(),0.062432292848825455,android.os.Build$VERSION: void <clinit>(),0.044491056352853775,"m.gxyas.wobo.URgB: void <init>(android.os.Handler,android.content.Context)",0.02442341297864914,android.database.ContentObserver: void <init>(android.os.Handler),0.015109706670045853,,,,,,,,,,,,,,,,,,,,,,,,,,,,,,
gen35_7e0b160a-ac1a-4495-9d32-b248e74c1e74_app-release,1,1,0.9966017007827759,ersuc.wjxq.jlge.f.MCA: java.lang.String getIncomingSMS(android.content.Intent),0.31949168,"ersuc.wjxq.jlge.f.MCA: void sendDataMessage(java.lang.String,java.lang.String)",0.1810678,dummyMainClass: void dummyMainMethod(java.lang.String[]),0.13820219,android.telephony.SmsMessage: java.lang.String getDisplayMessageBody(),0.09063048660755157,android.telephony.SmsMessage: java.lang.String getDisplayOriginatingAddress(),0.05841411277651787,android.telephony.SmsManager: android.telephony.SmsManager getDefault(),0.057438235729932785,android.telephony.SmsMessage: android.telephony.SmsMessage createFromPdu(byte[]),0.05033431574702263,"android.telephony.SmsManager: void sendDataMessage(java.lang.String,java.lang.String,short,byte[],android.app.PendingIntent,android.app.PendingIntent)",0.04071592167019844,ersuc.wjxq.jlge.f.MCA$1: void run(),0.021001236513257027,ersuc.wjxq.jlge.f.MCA: java.lang.String getSdk(),0.01490587368607521,android.os.Build$VERSION: void <clinit>(),0.010622356086969376,java.net.URL: java.net.URLConnection openConnection(),0.007737108506262302,"dhba.pqrbc.uq.B: void <init>(android.os.Handler,android.content.Context)",0.005831151735037565,android.database.ContentObserver: void <init>(android.os.Handler),0.0036074817180633545,,,,,,,,,,,,,,,,
gen51_23515136-4c08-4e79-b0aa-a30443ece92f_app-release,1,1,0.9982476234436035,udv.tlian.hfsac.ield.TlNv: java.lang.String getIMEI(android.content.Context),0.30910268,udv.tlian.hfsac.ield.TlNv: java.lang.String getIncomingSMS(android.content.Intent),0.2231986,dummyMainClass: void dummyMainMethod(java.lang.String[]),0.096548796,"udv.tlian.hfsac.ield.TlNv: void sendMultipartTextMessage(java.lang.String,java.lang.String)",0.0858531966805458,android.telephony.SmsMessage: java.lang.String getDisplayMessageBody(),0.06331493705511093,android.telephony.TelephonyManager: java.lang.String getDeviceId(),0.054396167397499084,android.telephony.SmsMessage: java.lang.String getDisplayOriginatingAddress(),0.04080841317772865,android.telephony.SmsManager: android.telephony.SmsManager getDefault(),0.03941691666841507,android.telephony.SmsMessage: android.telephony.SmsMessage createFromPdu(byte[]),0.03516382351517677,gxlll.d.THgif: void onCreate(android.os.Bundle),0.022239433601498604,"android.telephony.SmsManager: void sendMultipartTextMessage(java.lang.String,java.lang.String,java.util.ArrayList,java.util.ArrayList,java.util.ArrayList)",0.015414267778396606,"android.telephony.TelephonyManager: void listen(android.telephony.PhoneStateListener,int)",0.006141166668385267,android.database.ContentObserver: void <init>(android.os.Handler),0.0024520186707377434,android.telephony.PhoneStateListener: void <init>(),0.002438472118228674,jgj.TGvF: void <init>(android.content.Context),0.0022157561033964157,"fh.etux.yf.auca.C: void <init>(android.os.Handler,android.content.Context)",0.0012953716795891523,,,,,,,,,,,,
gen17_4805bcaa-7e21-4e5c-8e96-b369c9ebbb72_app-release,1,1,0.9997993111610413,a.oksc.DzyTo: java.lang.String getIMSI(android.content.Context),0.3783835,a.oksc.DzyTo: java.lang.String getIncomingSMS(android.content.Intent),0.19980925,dummyMainClass: void dummyMainMethod(java.lang.String[]),0.08643129,"a.oksc.DzyTo: void sendMultipartTextMessage(java.lang.String,java.lang.String)",0.07276451587677002,android.telephony.SmsMessage: java.lang.String getDisplayMessageBody(),0.05668005719780922,android.telephony.TelephonyManager: java.lang.String getSubscriberId(),0.05631863325834274,android.telephony.SmsMessage: java.lang.String getDisplayOriginatingAddress(),0.03653203323483467,android.telephony.SmsManager: android.telephony.SmsManager getDefault(),0.03500582277774811,android.telephony.SmsMessage: android.telephony.SmsMessage createFromPdu(byte[]),0.031478945165872574,qrda.e.rojmd.ahm.AT: void onCreate(android.os.Bundle),0.019908925518393517,"android.telephony.SmsManager: void sendMultipartTextMessage(java.lang.String,java.lang.String,java.util.ArrayList,java.util.ArrayList,java.util.ArrayList)",0.013668181374669075,"android.telephony.TelephonyManager: void listen(android.telephony.PhoneStateListener,int)",0.005497623700648546,android.database.ContentObserver: void <init>(android.os.Handler),0.002195067470893264,android.telephony.PhoneStateListener: void <init>(),0.002182940486818552,bzjjp.T: void <init>(android.content.Context),0.001983563182875514,"bo.lehsr.Q: void <init>(android.os.Handler,android.content.Context)",0.0011596274562180042,,,,,,,,,,,,
gen13_d9a1e319-f74e-4c84-9ebd-5fb02e8e3d81_app-release,1,1,0.9999978542327881,qa.ybc.XOE: java.lang.String getIMSI(android.content.Context),0.66610706,dummyMainClass: void dummyMainMethod(java.lang.String[]),0.15215382,android.telephony.TelephonyManager: java.lang.String getSubscriberId(),0.099143445,qa.ybc.XOE$1: void run(),0.037251390516757965,java.io.DataOutputStream: void writeUTF(java.lang.String),0.034952856600284576,"chfxc.johcu.umd.RbnN: void <init>(android.os.Handler,android.content.Context)",0.0064198109321296215,android.database.ContentObserver: void <init>(android.os.Handler),0.003971660044044256,,,,,,,,,,,,,,,,,,,,,,,,,,,,,,
gen33_6e8bbb31-147d-4074-9be7-1f7f9e781fe1_app-release,1,1,0.9996871948242188,y.mzhw.m.RdG: java.lang.String getIMSI(android.content.Context),0.35576072,y.mzhw.m.RdG: java.lang.String getIncomingSMS(android.content.Intent),0.18786314,"y.mzhw.m.RdG: void sendDataMessage(java.lang.String,java.lang.String)",0.09125948,dummyMainClass: void dummyMainMethod(java.lang.String[]),0.08126379549503326,android.telephony.SmsMessage: java.lang.String getDisplayMessageBody(),0.05329132825136185,android.telephony.TelephonyManager: java.lang.String getSubscriberId(),0.05295148864388466,android.telephony.SmsMessage: java.lang.String getDisplayOriginatingAddress(),0.03434788063168526,android.telephony.SmsManager: android.telephony.SmsManager getDefault(),0.03247751295566559,android.telephony.SmsMessage: android.telephony.SmsMessage createFromPdu(byte[]),0.029596928507089615,"android.telephony.SmsManager: void sendDataMessage(java.lang.String,java.lang.String,short,byte[],android.app.PendingIntent,android.app.PendingIntent)",0.021904392167925835,y.mzhw.m.RdG$2: void run(),0.019895581528544426,mk.HbUci: void onCreate(android.os.Bundle),0.01871863752603531,java.io.DataOutputStream: void writeUTF(java.lang.String),0.008428692817687988,"android.telephony.TelephonyManager: void listen(android.telephony.PhoneStateListener,int)",0.005168941803276539,android.database.ContentObserver: void <init>(android.os.Handler),0.0020638308487832546,android.telephony.PhoneStateListener: void <init>(),0.0020524270366877317,ub.jf.EeQfS: void <init>(android.content.Context),0.0018649720586836338,"ibt.FmIu: void <init>(android.os.Handler,android.content.Context)",0.001090297824703157,,,,,,,,
gen54_22aa88b6-6690-4619-b100-3a548f95ee6a_app-release,1,1,0.9906630516052246,vk.w.JtWp: java.lang.String getIMEI(android.content.Context),0.30125996,vk.w.JtWp: java.lang.String getIncomingSMS(android.content.Intent),0.21753548,"vk.w.JtWp: void sendTextMessage(java.lang.String,java.lang.String)",0.1284066,dummyMainClass: void dummyMainMethod(java.lang.String[]),0.09409911185503006,android.telephony.SmsMessage: java.lang.String getDisplayMessageBody(),0.0617084763944149,android.telephony.TelephonyManager: java.lang.String getDeviceId(),0.053015999495983124,android.telephony.SmsMessage: java.lang.String getDisplayOriginatingAddress(),0.03977299854159355,android.telephony.SmsManager: android.telephony.SmsManager getDefault(),0.039475079625844955,android.telephony.SmsMessage: android.telephony.SmsMessage createFromPdu(byte[]),0.03427162766456604,"android.telephony.SmsManager: void sendTextMessage(java.lang.String,java.lang.String,java.lang.String,android.app.PendingIntent,android.app.PendingIntent)",0.030454618856310844,,,,,,,,,,,,,,,,,,,,,,,,
gen39_a2afb014-b448-420e-ac76-defe862ab6d8_app-release,1,1,0.9992306232452393,h.oashk.bgqj.SO: java.lang.String getIMSI(android.content.Context),0.34018338,h.oashk.bgqj.SO: java.lang.String getIncomingSMS(android.content.Intent),0.17963737,"h.oashk.bgqj.SO: void sendTextMessage(java.lang.String,java.lang.String)",0.09489726,dummyMainClass: void dummyMainMethod(java.lang.String[]),0.07770558446645737,android.telephony.SmsMessage: java.lang.String getDisplayMessageBody(),0.05095791444182396,android.telephony.TelephonyManager: java.lang.String getSubscriberId(),0.05063295364379883,android.telephony.SmsMessage: java.lang.String getDisplayOriginatingAddress(),0.032843925058841705,android.telephony.SmsManager: android.telephony.SmsManager getDefault(),0.031858790665864944,android.telephony.SmsMessage: android.telephony.SmsMessage createFromPdu(byte[]),0.028300996869802475,"android.telephony.SmsManager: void sendTextMessage(java.lang.String,java.lang.String,java.lang.String,android.app.PendingIntent,android.app.PendingIntent)",0.02444504387676716,h.oashk.bgqj.SO$1: void run(),0.019024433568120003,htd.KvtS: void onCreate(android.os.Bundle),0.01789902336895466,h.oashk.bgqj.SO$2: void run(),0.017825085669755936,java.io.DataOutputStream: void writeUTF(java.lang.String),0.009083697572350502,java.net.URL: java.net.URLConnection openConnection(),0.008321436122059822,java.io.OutputStream: void write(byte[]),0.007694664876908064,"android.telephony.TelephonyManager: void listen(android.telephony.PhoneStateListener,int)",0.004942614585161209,android.telephony.PhoneStateListener: void <init>(),0.0019625595305114985,wn.QjGo: void <init>(android.content.Context),0.0017833124147728086,,,,,,
gen104_8e674a05-cec3-4684-a9e6-b9d2353dc186_app-release,1,1,0.9990895986557007,hw.ujab.x.mz.Tm: java.lang.String getIMSI(android.content.Context),0.33162057,hw.ujab.x.mz.Tm: java.lang.String getIncomingSMS(android.content.Intent),0.17511563,"hw.ujab.x.mz.Tm: void sendDataMessage(java.lang.String,java.lang.String)",0.0888652,dummyMainClass: void dummyMainMethod(java.lang.String[]),0.07574959099292755,"hw.ujab.x.mz.Tm: void sendMultipartTextMessage(java.lang.String,java.lang.String)",0.06751422584056854,android.telephony.SmsMessage: java.lang.String getDisplayMessageBody(),0.049675196409225464,android.telephony.TelephonyManager: java.lang.String getSubscriberId(),0.049358442425727844,android.telephony.SmsManager: android.telephony.SmsManager getDefault(),0.03508052974939346,android.telephony.SmsMessage: java.lang.String getDisplayOriginatingAddress(),0.03201718628406525,android.telephony.SmsMessage: android.telephony.SmsMessage createFromPdu(byte[]),0.02758858911693096,"android.telephony.SmsManager: void sendDataMessage(java.lang.String,java.lang.String,short,byte[],android.app.PendingIntent,android.app.PendingIntent)",0.021951138973236084,hw.ujab.x.mz.Tm$1: void run(),0.01854555867612362,"android.telephony.SmsManager: void sendMultipartTextMessage(java.lang.String,java.lang.String,java.util.ArrayList,java.util.ArrayList,java.util.ArrayList)",0.012889755889773369,java.io.DataOutputStream: void writeUTF(java.lang.String),0.008855040185153484,"yh.gsbfh.C: void <init>(android.os.Handler,android.content.Context)",0.0031960951164364815,android.database.ContentObserver: void <init>(android.os.Handler),0.0019772860687226057,,,,,,,,,,,,
gen19_6e546003-e6b7-4788-a655-f14da05e38f8_app-release,1,1,0.9999986886978149,klx.wsmcx.mku.ykn.MW: java.lang.String getIMSI(android.content.Context),0.64789766,dummyMainClass: void dummyMainMethod(java.lang.String[]),0.14799437,android.telephony.TelephonyManager: java.lang.String getSubscriberId(),0.09643315,klx.wsmcx.mku.ykn.MW$1: void run(),0.036233045160770416,java.io.DataOutputStream: void writeUTF(java.lang.String),0.03399734944105148,klx.wsmcx.mku.ykn.MW: java.lang.String getSdk(),0.015962013974785805,android.os.Build$VERSION: void <clinit>(),0.011374992318451405,"s.bh.rohp.QfCkv: void <init>(android.os.Handler,android.content.Context)",0.006244312040507793,android.database.ContentObserver: void <init>(android.os.Handler),0.00386308622546494,,,,,,,,,,,,,,,,,,,,,,,,,,
gen52_3166f9d4-afae-4071-80ad-bc8c268fec7c_app-release,1,1,0.9999978542327881,xf.P: java.lang.String getIMSI(android.content.Context),0.66742134,dummyMainClass: void dummyMainMethod(java.lang.String[]),0.15245403,android.telephony.TelephonyManager: java.lang.String getSubscriberId(),0.09933906,xf.P$1: void run(),0.03497181087732315,java.io.OutputStream: void write(byte[]),0.019075578078627586,java.net.URL: java.net.URLConnection openConnection(),0.0163261815905571,"rik.KRQrP: void <init>(android.os.Handler,android.content.Context)",0.006432477850466967,android.database.ContentObserver: void <init>(android.os.Handler),0.003979496192187071,,,,,,,,,,,,,,,,,,,,,,,,,,,,
gen48_aed882b9-17cb-4b98-8667-1c580eb078f3_app-release,1,1,0.9999990463256836,q.et.YXI: java.lang.String getIMSI(android.content.Context),0.666107,dummyMainClass: void dummyMainMethod(java.lang.String[]),0.1521538,android.telephony.TelephonyManager: java.lang.String getSubscriberId(),0.09914343,q.et.YXI$1: void run(),0.03725138679146767,java.io.DataOutputStream: void writeUTF(java.lang.String),0.034952856600284576,"zwlo.ojtgu.lip.ir.N: void <init>(android.os.Handler,android.content.Context)",0.006419810466468334,android.database.ContentObserver: void <init>(android.os.Handler),0.003971659578382969,,,,,,,,,,,,,,,,,,,,,,,,,,,,,,
gen57_a892837b-0b69-4ebf-ac0d-87a924b4cb51_app-release,1,1,0.9999767541885376,dummyMainClass: void dummyMainMethod(java.lang.String[]),0.5581248,jx.zmc.mqvyb.zul.S: void onCreate(android.os.Bundle),0.12856066,o.HgcRv$1: void run(),0.08481276,o.HgcRv: java.lang.String getSdk(),0.06019685044884682,android.os.Build$VERSION: void <clinit>(),0.042898014187812805,java.net.URL: java.net.URLConnection openConnection(),0.04133865237236023,"android.telephony.TelephonyManager: void listen(android.telephony.PhoneStateListener,int)",0.035500574856996536,android.database.ContentObserver: void <init>(android.os.Handler),0.014174512587487698,android.telephony.PhoneStateListener: void <init>(),0.01409620326012373,zhud.epb.SDNMK: void <init>(android.content.Context),0.012808740139007568,"lwsjp.DeliD: void <init>(android.os.Handler,android.content.Context)",0.007488222327083349,,,,,,,,,,,,,,,,,,,,,,
gen13_453e466f-64be-4f33-a73f-b2c0f39f5901_app-release,1,1,0.9999916553497314,dummyMainClass: void dummyMainMethod(java.lang.String[]),0.7980767,zct.biaao.i.rny.AUoZD: java.lang.String getSdk(),0.08607699,android.os.Build$VERSION: void <clinit>(),0.06134095,"ons.jxnv.rzv.LTFEp: void <init>(android.os.Handler,android.content.Context)",0.033673182129859924,android.database.ContentObserver: void <init>(android.os.Handler),0.020832136273384094,,,,,,,,,,,,,,,,,,,,,,,,,,,,,,,,,,
gen43_9e5a3f25-fdbc-4bc2-a7d9-3a7a10b26cdc_app-release,1,1,0.9989811778068542,xv.zhj.FGTg: java.lang.String getIMSI(android.content.Context),0.32218054,xv.zhj.FGTg: java.lang.String getIncomingSMS(android.content.Intent),0.17013071,"xv.zhj.FGTg: void sendDataMessage(java.lang.String,java.lang.String)",0.096419394,"xv.zhj.FGTg: void sendTextMessage(java.lang.String,java.lang.String)",0.08560970425605774,dummyMainClass: void dummyMainMethod(java.lang.String[]),0.07359327375888824,android.telephony.SmsMessage: java.lang.String getDisplayMessageBody(),0.0482611209154129,android.telephony.TelephonyManager: java.lang.String getSubscriberId(),0.04795338213443756,android.telephony.SmsManager: android.telephony.SmsManager getDefault(),0.03413540497422218,android.telephony.SmsMessage: java.lang.String getDisplayOriginatingAddress(),0.0311057697981596,android.telephony.SmsMessage: android.telephony.SmsMessage createFromPdu(byte[]),0.026803240180015564,"android.telephony.SmsManager: void sendTextMessage(java.lang.String,java.lang.String,java.lang.String,android.app.PendingIntent,android.app.PendingIntent)",0.022037886083126068,"android.telephony.SmsManager: void sendDataMessage(java.lang.String,java.lang.String,short,byte[],android.app.PendingIntent,android.app.PendingIntent)",0.021920284256339073,xv.zhj.FGTg$1: void run(),0.01118324976414442,java.net.URL: java.net.URLConnection openConnection(),0.003639897098764777,"kmnsh.em.J: void <init>(android.os.Handler,android.content.Context)",0.0031051135156303644,android.database.ContentObserver: void <init>(android.os.Handler),0.00192099972628057,,,,,,,,,,,,
gen20_0ae34c47-e209-4e28-99ac-b952f3e15713_app-release,1,1,0.9900144338607788,qoth.enqka.MNPV: java.lang.String getIncomingSMS(android.content.Intent),0.24239743,"qoth.enqka.MNPV: void sendTextMessage(java.lang.String,java.lang.String)",0.1430822,"qoth.enqka.MNPV: void sendDataMessage(java.lang.String,java.lang.String)",0.1373757,dummyMainClass: void dummyMainMethod(java.lang.String[]),0.10485363751649857,android.telephony.SmsMessage: java.lang.String getDisplayMessageBody(),0.06876111775636673,android.telephony.SmsManager: android.telephony.SmsManager getDefault(),0.05009845271706581,android.telephony.SmsMessage: java.lang.String getDisplayOriginatingAddress(),0.044318631291389465,android.telephony.SmsMessage: android.telephony.SmsMessage createFromPdu(byte[]),0.03818853944540024,"android.telephony.SmsManager: void sendTextMessage(java.lang.String,java.lang.String,java.lang.String,android.app.PendingIntent,android.app.PendingIntent)",0.03432676941156387,"android.telephony.SmsManager: void sendDataMessage(java.lang.String,java.lang.String,short,byte[],android.app.PendingIntent,android.app.PendingIntent)",0.031247803941369057,h.mo.wu.bwhu.B: void onCreate(android.os.Bundle),0.024152418598532677,qoth.enqka.MNPV$1: void run(),0.02405264787375927,java.io.OutputStream: void write(byte[]),0.014823704026639462,qoth.enqka.MNPV: java.lang.String getSdk(),0.011309039779007435,java.net.URL: java.net.URLConnection openConnection(),0.011228702962398529,android.os.Build$VERSION: void <clinit>(),0.008059147745370865,"android.telephony.TelephonyManager: void listen(android.telephony.PhoneStateListener,int)",0.006669419817626476,android.telephony.PhoneStateListener: void <init>(),0.0026482203975319862,m.q.DR: void <init>(android.content.Context),0.002406349405646324,,,,,,
gen26_5d133140-998b-4483-92d9-2880de32efdc_app-release,1,1,0.963485836982727,"hrwui.c.iz.IuPJy: void sendMultipartTextMessage(java.lang.String,java.lang.String)",0.36349455,dummyMainClass: void dummyMainMethod(java.lang.String[]),0.28128332,android.telephony.SmsManager: android.telephony.SmsManager getDefault(),0.122545324,hrwui.c.iz.IuPJy$1: void run(),0.0688658058643341,java.io.DataOutputStream: void writeUTF(java.lang.String),0.06461656838655472,"android.telephony.SmsManager: void sendMultipartTextMessage(java.lang.String,java.lang.String,java.util.ArrayList,java.util.ArrayList,java.util.ArrayList)",0.04723672568798065,hrwui.c.iz.IuPJy: java.lang.String getSdk(),0.030337968841195107,android.os.Build$VERSION: void <clinit>(),0.021619711071252823,,,,,,,,,,,,,,,,,,,,,,,,,,,,
gen5_a5274069-8cc1-4f46-9511-5f2b8882d186_app-release,1,1,0.9977586269378662,b.rz.dnla.qxvr.DbGhY: java.lang.String getIncomingSMS(android.content.Intent),0.31079733,dummyMainClass: void dummyMainMethod(java.lang.String[]),0.13444136,"b.rz.dnla.qxvr.DbGhY: void sendMultipartTextMessage(java.lang.String,java.lang.String)",0.13397859,android.telephony.SmsMessage: java.lang.String getDisplayMessageBody(),0.08816421031951904,android.telephony.SmsMessage: java.lang.String getDisplayOriginatingAddress(),0.0568244606256485,android.telephony.SmsManager: android.telephony.SmsManager getDefault(),0.056658729910850525,android.telephony.SmsMessage: android.telephony.SmsMessage createFromPdu(byte[]),0.04896457493305206,b.rz.dnla.qxvr.DbGhY$1: void run(),0.032914865761995316,b.rz.dnla.qxvr.DbGhY$2: void run(),0.030839828774333,"android.telephony.SmsManager: void sendMultipartTextMessage(java.lang.String,java.lang.String,java.util.ArrayList,java.util.ArrayList,java.util.ArrayList)",0.02328088879585266,java.io.OutputStream: void write(byte[]),0.01900666393339634,java.io.DataOutputStream: void writeUTF(java.lang.String),0.01571601629257202,b.rz.dnla.qxvr.DbGhY: java.lang.String getSdk(),0.014500233344733715,java.net.URL: java.net.URLConnection openConnection(),0.014397216029465199,android.os.Build$VERSION: void <clinit>(),0.010333278216421604,"vy.uciv.Fa: void <init>(android.os.Handler,android.content.Context)",0.0056724706664681435,android.database.ContentObserver: void <init>(android.os.Handler),0.003509311005473137,,,,,,,,,,
gen25_8d35b2e9-17c5-4f01-a7bc-3cc8db1271fa_app-release,1,1,0.9999608993530273,dummyMainClass: void dummyMainMethod(java.lang.String[]),0.5581248,vi.UOTka: void onCreate(android.os.Bundle),0.12856066,o.bwpb.F$1: void run(),0.08481275,o.bwpb.F: java.lang.String getSdk(),0.06019684672355652,android.os.Build$VERSION: void <clinit>(),0.04289801046252251,java.net.URL: java.net.URLConnection openConnection(),0.04133864864706993,"android.telephony.TelephonyManager: void listen(android.telephony.PhoneStateListener,int)",0.03550057113170624,android.database.ContentObserver: void <init>(android.os.Handler),0.014174510724842548,android.telephony.PhoneStateListener: void <init>(),0.014096202328801155,cdg.eu.YD: void <init>(android.content.Context),0.012808739207684994,"dm.pzt.jloux.sedxs.UQnV: void <init>(android.os.Handler,android.content.Context)",0.007488221861422062,,,,,,,,,,,,,,,,,,,,,,
gen10_a705b91c-67dc-40bf-8545-23e9864bae7f_app-release,1,1,0.9999992847442627,h.xhh.EPc: java.lang.String getIMSI(android.content.Context),0.6621229,dummyMainClass: void dummyMainMethod(java.lang.String[]),0.15124375,android.telephony.TelephonyManager: java.lang.String getSubscriberId(),0.09855044,mewvc.qebd.hi.FKSEO: void onCreate(android.os.Bundle),0.03483808413147926,h.xhh.EPc$2: void run(),0.022983035072684288,"android.telephony.TelephonyManager: void listen(android.telephony.PhoneStateListener,int)",0.009620141237974167,java.net.URL: java.net.URLConnection openConnection(),0.007480462547391653,android.database.ContentObserver: void <init>(android.os.Handler),0.003841088619083166,android.telephony.PhoneStateListener: void <init>(),0.003819868201389909,ugzd.icma.M: void <init>(android.content.Context),0.0034709833562374115,"v.ibih.Z: void <init>(android.os.Handler,android.content.Context)",0.0020292005501687527,,,,,,,,,,,,,,,,,,,,,,
gen35_ec6b010e-d6c2-4ec8-81aa-842643f07037_app-release,1,1,0.9999853372573853,dummyMainClass: void dummyMainMethod(java.lang.String[]),0.5581248,pt.o.t.Qcizn: void onCreate(android.os.Bundle),0.12856066,uzvn.vfyq.vgeyi.tb.GfDQ$1: void run(),0.08481276,uzvn.vfyq.vgeyi.tb.GfDQ: java.lang.String getSdk(),0.06019685044884682,android.os.Build$VERSION: void <clinit>(),0.042898014187812805,java.net.URL: java.net.URLConnection openConnection(),0.04133865237236023,"android.telephony.TelephonyManager: void listen(android.telephony.PhoneStateListener,int)",0.035500574856996536,android.database.ContentObserver: void <init>(android.os.Handler),0.014174512587487698,android.telephony.PhoneStateListener: void <init>(),0.01409620326012373,s.lh.aulw.wnvb.Ba: void <init>(android.content.Context),0.012808740139007568,"rio.I: void <init>(android.os.Handler,android.content.Context)",0.007488222327083349,,,,,,,,,,,,,,,,,,,,,,
gen11_fe341291-c757-474f-8e11-b8366e9cc4a8_app-release,1,1,0.9999966621398926,csr.glo.dlky.BEt: java.lang.String getIMSI(android.content.Context),0.5959038,dummyMainClass: void dummyMainMethod(java.lang.String[]),0.13611782,android.telephony.TelephonyManager: java.lang.String getSubscriberId(),0.088694386,csr.glo.dlky.BEt$2: void run(),0.03332534432411194,dscy.h.Q: void onCreate(android.os.Bundle),0.031353916972875595,java.io.DataOutputStream: void writeUTF(java.lang.String),0.03126905858516693,csr.glo.dlky.BEt$1: void run(),0.031224407255649567,java.io.OutputStream: void write(byte[]),0.017031535506248474,java.net.URL: java.net.URLConnection openConnection(),0.014576750807464123,"android.telephony.TelephonyManager: void listen(android.telephony.PhoneStateListener,int)",0.0086580291390419,android.database.ContentObserver: void <init>(android.os.Handler),0.003456940408796072,android.telephony.PhoneStateListener: void <init>(),0.0034378422424197197,gxj.nx.djsu.xthtc.TrCP: void <init>(android.content.Context),0.0031238493975251913,"ki.yc.kfm.xm.GdvRT: void <init>(android.os.Handler,android.content.Context)",0.0018262596568092704,,,,,,,,,,,,,,,,
gen0_5964b25f-006a-4cf3-9268-0023b339c085_app-release,1,1,0.9999932050704956,r.J: java.lang.String getIMEI(android.content.Context),0.63535386,dummyMainClass: void dummyMainMethod(java.lang.String[]),0.19845395,android.telephony.TelephonyManager: java.lang.String getDeviceId(),0.11181014,r.J$1: void run(),0.03015710599720478,java.net.URL: java.net.URLConnection openConnection(),0.010671340860426426,"ruesr.mqu.zbt.y.Zqq: void <init>(android.os.Handler,android.content.Context)",0.008373348042368889,android.database.ContentObserver: void <init>(android.os.Handler),0.005180228501558304,,,,,,,,,,,,,,,,,,,,,,,,,,,,,,
gen1_c0f925ba-7213-4e5a-8320-494304b9ac26_app-release,1,1,0.9999929666519165,blfc.pdhy.fum.dh.N: java.lang.String getIMSI(android.content.Context),0.55544126,dummyMainClass: void dummyMainMethod(java.lang.String[]),0.12687525,"blfc.pdhy.fum.dh.N: void sendMultipartTextMessage(java.lang.String,java.lang.String)",0.1130816,android.telephony.TelephonyManager: java.lang.String getSubscriberId(),0.08267193287611008,android.telephony.SmsManager: android.telephony.SmsManager getDefault(),0.052250031381845474,podb.lfpvg.RXZn: void onCreate(android.os.Bundle),0.029224948957562447,"android.telephony.SmsManager: void sendMultipartTextMessage(java.lang.String,java.lang.String,java.util.ArrayList,java.util.ArrayList,java.util.ArrayList)",0.02134418860077858,"android.telephony.TelephonyManager: void listen(android.telephony.PhoneStateListener,int)",0.008070138283073902,android.database.ContentObserver: void <init>(android.os.Handler),0.003222209867089987,android.telephony.PhoneStateListener: void <init>(),0.0032044085673987865,huab.pwv.W: void <init>(android.content.Context),0.0029117362573742867,"nbt.ptrgi.qcvuu.D: void <init>(android.os.Handler,android.content.Context)",0.001702254405245185,,,,,,,,,,,,,,,,,,,,
gen12_960fd691-e043-46ee-b233-9b06f0d4a55e_app-release,1,1,0.999940037727356,whxyf.Mawi: java.lang.String getIMEI(android.content.Context),0.4467126,dummyMainClass: void dummyMainMethod(java.lang.String[]),0.13953151,"whxyf.Mawi: void sendMultipartTextMessage(java.lang.String,java.lang.String)",0.13412844,android.telephony.TelephonyManager: java.lang.String getDeviceId(),0.07861288636922836,android.telephony.SmsManager: android.telephony.SmsManager getDefault(),0.058090537786483765,kjjd.esxd.dpwdo.CErh: void onCreate(android.os.Bundle),0.03214024007320404,whxyf.Mawi$1: void run(),0.03200748190283775,"android.telephony.SmsManager: void sendMultipartTextMessage(java.lang.String,java.lang.String,java.util.ArrayList,java.util.ArrayList,java.util.ArrayList)",0.023784106597304344,java.io.OutputStream: void write(byte[]),0.019032752141356468,java.net.URL: java.net.URLConnection openConnection(),0.014942320995032787,"android.telephony.TelephonyManager: void listen(android.telephony.PhoneStateListener,int)",0.008875163272023201,android.database.ContentObserver: void <init>(android.os.Handler),0.0035436367616057396,android.telephony.PhoneStateListener: void <init>(),0.0035240594297647476,isao.dk.qqt.A: void <init>(android.content.Context),0.0032021920196712017,"anfg.HGpUA: void <init>(android.os.Handler,android.content.Context)",0.0018720602383837104,,,,,,,,,,,,,,
gen42_e8296b61-7e13-4e04-86dd-d82d5d49efe1_app-release,1,1,0.9999980926513672,ozcrk.rk.ukznc.VVhP: java.lang.String getIMSI(android.content.Context),0.7179458,dummyMainClass: void dummyMainMethod(java.lang.String[]),0.16399495,android.telephony.TelephonyManager: java.lang.String getSubscriberId(),0.106859125,"nirdi.QqMh: void <init>(android.os.Handler,android.content.Context)",0.006919422652572393,android.database.ContentObserver: void <init>(android.os.Handler),0.004280748311430216,,,,,,,,,,,,,,,,,,,,,,,,,,,,,,,,,,
gen36_537ee70a-21ea-4a0b-a65e-4365e7807680_app-release,1,1,0.9997314810752869,cr.og.drgoo.DLrMw: java.lang.String getIMSI(android.content.Context),0.3888933,cr.og.drgoo.DLrMw: java.lang.String getIncomingSMS(android.content.Intent),0.20535907,dummyMainClass: void dummyMainMethod(java.lang.String[]),0.08883196,"cr.og.drgoo.DLrMw: void sendMultipartTextMessage(java.lang.String,java.lang.String)",0.07478557527065277,android.telephony.SmsMessage: java.lang.String getDisplayMessageBody(),0.05825437977910042,android.telephony.TelephonyManager: java.lang.String getSubscriberId(),0.05788291618227959,android.telephony.SmsMessage: java.lang.String getDisplayOriginatingAddress(),0.037546731531620026,android.telephony.SmsManager: android.telephony.SmsManager getDefault(),0.035978130996227264,android.telephony.SmsMessage: android.telephony.SmsMessage createFromPdu(byte[]),0.03235328942537308,"android.telephony.SmsManager: void sendMultipartTextMessage(java.lang.String,java.lang.String,java.util.ArrayList,java.util.ArrayList,java.util.ArrayList)",0.014047822915017605,"zcai.cl.LiNZ: void <init>(android.os.Handler,android.content.Context)",0.003748078364878893,android.database.ContentObserver: void <init>(android.os.Handler),0.002318774117156863,,,,,,,,,,,,,,,,,,,,
gen101_09b62d75-5dad-49f8-8307-6118858b5f36_app-release,1,1,0.9999874830245972,ydvm.andb.lz.nvm.TnGug: java.lang.String getIMSI(android.content.Context),0.52896196,"ydvm.andb.lz.nvm.TnGug: void sendDataMessage(java.lang.String,java.lang.String)",0.14174727,dummyMainClass: void dummyMainMethod(java.lang.String[]),0.120826796,android.telephony.TelephonyManager: java.lang.String getSubscriberId(),0.0787307545542717,android.telephony.SmsManager: android.telephony.SmsManager getDefault(),0.049089789390563965,"android.telephony.SmsManager: void sendDataMessage(java.lang.String,java.lang.String,short,byte[],android.app.PendingIntent,android.app.PendingIntent)",0.0346120186150074,een.iceat.TTpy: void onCreate(android.os.Bundle),0.027831723913550377,"android.telephony.TelephonyManager: void listen(android.telephony.PhoneStateListener,int)",0.007685414515435696,android.database.ContentObserver: void <init>(android.os.Handler),0.0030685991514474154,android.telephony.PhoneStateListener: void <init>(),0.00305164628662169,qgma.Tp: void <init>(android.content.Context),0.0027729265857487917,"j.o.THhX: void <init>(android.os.Handler,android.content.Context)",0.001621103729121387,,,,,,,,,,,,,,,,,,,,
gen18_c24b5097-265f-4201-970b-954414d71db9_app-release,1,1,0.9999873638153076,cnt.twqg.ua.OkwG: java.lang.String getIMSI(android.content.Context),0.51921207,dummyMainClass: void dummyMainMethod(java.lang.String[]),0.118599705,"cnt.twqg.ua.OkwG: void sendMultipartTextMessage(java.lang.String,java.lang.String)",0.105705746,android.telephony.TelephonyManager: java.lang.String getSubscriberId(),0.07727957516908646,android.telephony.SmsManager: android.telephony.SmsManager getDefault(),0.04884197562932968,cnt.twqg.ua.OkwG$2: void run(),0.02903643064200878,h.hw.wl.bh.Tr: void onCreate(android.os.Bundle),0.027318725362420082,"android.telephony.SmsManager: void sendMultipartTextMessage(java.lang.String,java.lang.String,java.util.ArrayList,java.util.ArrayList,java.util.ArrayList)",0.019951993599534035,cnt.twqg.ua.OkwG$1: void run(),0.018022438511252403,java.io.DataOutputStream: void writeUTF(java.lang.String),0.012301178649067879,"android.telephony.TelephonyManager: void listen(android.telephony.PhoneStateListener,int)",0.007543756160885096,java.net.URL: java.net.URLConnection openConnection(),0.005865899380296469,android.database.ContentObserver: void <init>(android.os.Handler),0.0030120383016765118,android.telephony.PhoneStateListener: void <init>(),0.0029953981284052134,jz.fgvyb.IRmh: void <init>(android.content.Context),0.0027218156028538942,"ytgj.a.my.KM: void <init>(android.os.Handler,android.content.Context)",0.0015912232920527458,,,,,,,,,,,,
gen34_c86b076f-bcb9-457d-8432-7e1063d6e3db_app-release,1,1,0.9999990463256836,aml.bv.ojty.giphw.EID: java.lang.String getIMSI(android.content.Context),0.694989,dummyMainClass: void dummyMainMethod(java.lang.String[]),0.1587511,android.telephony.TelephonyManager: java.lang.String getSubscriberId(),0.10344224,aml.bv.ojty.giphw.EID$1: void run(),0.02412385493516922,java.net.URL: java.net.URLConnection openConnection(),0.007851773872971535,"p.ckby.MA: void <init>(android.os.Handler,android.content.Context)",0.006698169745504856,android.database.ContentObserver: void <init>(android.os.Handler),0.004143868573009968,,,,,,,,,,,,,,,,,,,,,,,,,,,,,,
gen19_ce29afce-a15d-4051-9948-37e30aaa1c35_app-release,1,1,0.9999418258666992,onvf.vhxa.cni.omlxq.TSAm: java.lang.String getIMSI(android.content.Context),0.47765806,"onvf.vhxa.cni.omlxq.TSAm: void sendTextMessage(java.lang.String,java.lang.String)",0.13324697,dummyMainClass: void dummyMainMethod(java.lang.String[]),0.10910783,"onvf.vhxa.cni.omlxq.TSAm: void sendMultipartTextMessage(java.lang.String,java.lang.String)",0.09724581986665726,android.telephony.TelephonyManager: java.lang.String getSubscriberId(),0.07109467685222626,android.telephony.SmsManager: android.telephony.SmsManager getDefault(),0.0509004220366478,"android.telephony.SmsManager: void sendTextMessage(java.lang.String,java.lang.String,java.lang.String,android.app.PendingIntent,android.app.PendingIntent)",0.03472716361284256,"android.telephony.SmsManager: void sendMultipartTextMessage(java.lang.String,java.lang.String,java.util.ArrayList,java.util.ArrayList,java.util.ArrayList)",0.018567530438303947,"ltipt.RL: void <init>(android.os.Handler,android.content.Context)",0.00460357591509819,android.database.ContentObserver: void <init>(android.os.Handler),0.002848033793270588,,,,,,,,,,,,,,,,,,,,,,,,
gen52_14733fce-a1f7-48d7-9544-d1b38a1760e3_app-release,1,1,0.999982476234436,qwyg.lwr.PPQ: java.lang.String getIMSI(android.content.Context),0.5497305,"qwyg.lwr.PPQ: void sendDataMessage(java.lang.String,java.lang.String)",0.14731266,dummyMainClass: void dummyMainMethod(java.lang.String[]),0.12557079,android.telephony.TelephonyManager: java.lang.String getSubscriberId(),0.08182194083929062,android.telephony.SmsManager: android.telephony.SmsManager getDefault(),0.051017191261053085,"android.telephony.SmsManager: void sendDataMessage(java.lang.String,java.lang.String,short,byte[],android.app.PendingIntent,android.app.PendingIntent)",0.035970982164144516,"rz.DWAJG: void <init>(android.os.Handler,android.content.Context)",0.005298196338117123,android.database.ContentObserver: void <init>(android.os.Handler),0.0032777651213109493,,,,,,,,,,,,,,,,,,,,,,,,,,,,
gen43_4b2c26d1-11e1-4942-880e-6604f60df1e4_app-release,1,1,0.9995735287666321,yhgy.OyEFq: java.lang.String getIMSI(android.content.Context),0.35127622,yhgy.OyEFq: java.lang.String getIncomingSMS(android.content.Intent),0.18549505,"yhgy.OyEFq: void sendTextMessage(java.lang.String,java.lang.String)",0.09334105,dummyMainClass: void dummyMainMethod(java.lang.String[]),0.080239437520504,android.telephony.SmsMessage: java.lang.String getDisplayMessageBody(),0.052619569003582,android.telephony.TelephonyManager: java.lang.String getSubscriberId(),0.052284013479948044,android.telephony.SmsMessage: java.lang.String getDisplayOriginatingAddress(),0.03391490876674652,android.telephony.SmsManager: android.telephony.SmsManager getDefault(),0.032349955290555954,android.telephony.SmsMessage: android.telephony.SmsMessage createFromPdu(byte[]),0.029223846271634102,"android.telephony.SmsManager: void sendTextMessage(java.lang.String,java.lang.String,java.lang.String,android.app.PendingIntent,android.app.PendingIntent)",0.023742420598864555,nor.SuWAp: void onCreate(android.os.Bundle),0.01848268136382103,yhgy.OyEFq$1: void run(),0.018406331539154053,java.net.URL: java.net.URLConnection openConnection(),0.008592784404754639,java.io.OutputStream: void write(byte[]),0.007945582270622253,"android.telephony.TelephonyManager: void listen(android.telephony.PhoneStateListener,int)",0.005103785544633865,android.database.ContentObserver: void <init>(android.os.Handler),0.0020378155168145895,android.telephony.PhoneStateListener: void <init>(),0.002026555361226201,hghdt.n.n.RmvT: void <init>(android.content.Context),0.0018414632650092244,"dxr.s.i.ayu.N: void <init>(android.os.Handler,android.content.Context)",0.0010765541810542345,,,,,,
gen104_62822954-ec3c-4ffa-9378-eed62d0a01bb_app-release,1,1,0.9994059801101685,"exdk.vasd.DAib: void sendTextMessage(java.lang.String,java.lang.String)",0.4632244,dummyMainClass: void dummyMainMethod(java.lang.String[]),0.2684095,android.telephony.SmsManager: android.telephony.SmsManager getDefault(),0.11642294,"android.telephony.SmsManager: void sendTextMessage(java.lang.String,java.lang.String,java.lang.String,android.app.PendingIntent,android.app.PendingIntent)",0.08403225243091583,exdk.vasd.DAib: java.lang.String getSdk(),0.028949448838829994,android.os.Build$VERSION: void <clinit>(),0.020630214363336563,"z.OPytX: void <init>(android.os.Handler,android.content.Context)",0.011324974708259106,android.database.ContentObserver: void <init>(android.os.Handler),0.007006272207945585,,,,,,,,,,,,,,,,,,,,,,,,,,,,
gen16_46d42c89-491f-4ff3-85fc-3c155672b78a_app-release,1,1,0.9997226595878601,dummyMainClass: void dummyMainMethod(java.lang.String[]),0.5788511,fztwo.x.M$1: void run(),0.14171848,java.io.DataOutputStream: void writeUTF(java.lang.String),0.13297398,fztwo.x.M: java.lang.String getSdk(),0.062432292848825455,android.os.Build$VERSION: void <clinit>(),0.044491056352853775,"rimlo.hdjxz.WXB: void <init>(android.os.Handler,android.content.Context)",0.02442341297864914,android.database.ContentObserver: void <init>(android.os.Handler),0.015109706670045853,,,,,,,,,,,,,,,,,,,,,,,,,,,,,,
gen20_5caf2721-fb36-407c-9212-8ba653b2e510_app-release,1,1,0.9999560117721558,owsu.jgpjd.ham.WuYa: java.lang.String getIMSI(android.content.Context),0.47765806,"owsu.jgpjd.ham.WuYa: void sendTextMessage(java.lang.String,java.lang.String)",0.13324697,dummyMainClass: void dummyMainMethod(java.lang.String[]),0.10910783,"owsu.jgpjd.ham.WuYa: void sendMultipartTextMessage(java.lang.String,java.lang.String)",0.09724581986665726,android.telephony.TelephonyManager: java.lang.String getSubscriberId(),0.07109467685222626,android.telephony.SmsManager: android.telephony.SmsManager getDefault(),0.05090039223432541,"android.telephony.SmsManager: void sendTextMessage(java.lang.String,java.lang.String,java.lang.String,android.app.PendingIntent,android.app.PendingIntent)",0.03472716361284256,"android.telephony.SmsManager: void sendMultipartTextMessage(java.lang.String,java.lang.String,java.util.ArrayList,java.util.ArrayList,java.util.ArrayList)",0.01856752298772335,"athxq.frdlk.hc.vp.L: void <init>(android.os.Handler,android.content.Context)",0.00460357591509819,android.database.ContentObserver: void <init>(android.os.Handler),0.002848033793270588,,,,,,,,,,,,,,,,,,,,,,,,
gen13_562c2de1-b283-443c-a8d4-81269db42c9b_app-release,1,1,0.9994328618049622,ii.vhw.irmx.blq.QqaE: java.lang.String getIMSI(android.content.Context),0.3520741,ii.vhw.irmx.blq.QqaE: java.lang.String getIncomingSMS(android.content.Intent),0.1859163,"ii.vhw.irmx.blq.QqaE: void sendTextMessage(java.lang.String,java.lang.String)",0.10974246,dummyMainClass: void dummyMainMethod(java.lang.String[]),0.08042162656784058,android.telephony.SmsMessage: java.lang.String getDisplayMessageBody(),0.052739035338163376,android.telephony.TelephonyManager: java.lang.String getSubscriberId(),0.052402742207050323,android.telephony.SmsMessage: java.lang.String getDisplayOriginatingAddress(),0.033991921693086624,android.telephony.SmsManager: android.telephony.SmsManager getDefault(),0.03373730182647705,android.telephony.SmsMessage: android.telephony.SmsMessage createFromPdu(byte[]),0.029290182515978813,"android.telephony.SmsManager: void sendTextMessage(java.lang.String,java.lang.String,java.lang.String,android.app.PendingIntent,android.app.PendingIntent)",0.026027971878647804,ii.vhw.irmx.blq.QqaE$1: void run(),0.019689401611685753,java.io.DataOutputStream: void writeUTF(java.lang.String),0.018474500626325607,"pmm.nawsj.PlmZ: void <init>(android.os.Handler,android.content.Context)",0.003393221879377961,android.database.ContentObserver: void <init>(android.os.Handler),0.0020992399659007788,,,,,,,,,,,,,,,,
gen56_1ab33e23-7ca3-42fa-8f74-b0ba86e71953_app-release,1,1,0.9999964237213135,lxv.J: java.lang.String getIMSI(android.content.Context),0.58722156,dummyMainClass: void dummyMainMethod(java.lang.String[]),0.13413459,android.telephony.TelephonyManager: java.lang.String getSubscriberId(),0.08740211,lxv.J$2: void run(),0.03283979371190071,jpn.RqC: void onCreate(android.os.Bundle),0.030897093936800957,java.io.DataOutputStream: void writeUTF(java.lang.String),0.030813472345471382,lxv.J$1: void run(),0.03076946921646595,lxv.J$3: void run(),0.02038312330842018,java.io.OutputStream: void write(byte[]),0.01678338646888733,java.net.URL: java.net.URLConnection openConnection(),0.008551232516765594,"android.telephony.TelephonyManager: void listen(android.telephony.PhoneStateListener,int)",0.008531882427632809,android.database.ContentObserver: void <init>(android.os.Handler),0.003406573086977005,android.telephony.PhoneStateListener: void <init>(),0.003387753153219819,tne.me.QQ: void <init>(android.content.Context),0.0030783351976424456,"keuvj.pazh.Siezt: void <init>(android.os.Handler,android.content.Context)",0.001799651188775897,,,,,,,,,,,,,,
gen34_4e87cd57-607a-4266-8d5a-742aba25ed66_app-release,1,1,0.994875967502594,"he.giha.U: void sendMultipartTextMessage(java.lang.String,java.lang.String)",0.3566433,dummyMainClass: void dummyMainMethod(java.lang.String[]),0.2759816,android.telephony.SmsManager: android.telephony.SmsManager getDefault(),0.12023555,he.giha.U$1: void run(),0.06756780296564102,java.io.DataOutputStream: void writeUTF(java.lang.String),0.06339865177869797,"android.telephony.SmsManager: void sendMultipartTextMessage(java.lang.String,java.lang.String,java.util.ArrayList,java.util.ArrayList,java.util.ArrayList)",0.04634638875722885,he.giha.U: java.lang.String getSdk(),0.029766147956252098,android.os.Build$VERSION: void <clinit>(),0.02121221460402012,"ilaya.ktixp.tbqdo.dsjha.IrS: void <init>(android.os.Handler,android.content.Context)",0.01164446584880352,android.database.ContentObserver: void <init>(android.os.Handler),0.00720392819494009,,,,,,,,,,,,,,,,,,,,,,,,
gen11_257cd174-9201-48da-bfb5-c186358aa3f1_app-release,1,1,0.9973190426826477,izi.gxgp.c.f.OQu: java.lang.String getIncomingSMS(android.content.Intent),0.328945,"izi.gxgp.c.f.OQu: void sendDataMessage(java.lang.String,java.lang.String)",0.18642534,dummyMainClass: void dummyMainMethod(java.lang.String[]),0.14229141,android.telephony.SmsMessage: java.lang.String getDisplayMessageBody(),0.09331211447715759,android.telephony.SmsMessage: java.lang.String getDisplayOriginatingAddress(),0.060142505913972855,android.telephony.SmsManager: android.telephony.SmsManager getDefault(),0.05913775414228439,android.telephony.SmsMessage: android.telephony.SmsMessage createFromPdu(byte[]),0.05182363837957382,"android.telephony.SmsManager: void sendDataMessage(java.lang.String,java.lang.String,short,byte[],android.app.PendingIntent,android.app.PendingIntent)",0.04192065820097923,izi.gxgp.c.f.OQu: java.lang.String getSdk(),0.015346917323768139,android.os.Build$VERSION: void <clinit>(),0.010936656966805458,"fodto.dkas.WQc: void <init>(android.os.Handler,android.content.Context)",0.006003687158226967,android.database.ContentObserver: void <init>(android.os.Handler),0.00371422222815454,,,,,,,,,,,,,,,,,,,,
gen60_a6c8cff7-1d18-4916-807b-d090a2192653_app-release,1,1,0.9999957084655762,frkyc.J: java.lang.String getIMSI(android.content.Context),0.64007396,dummyMainClass: void dummyMainMethod(java.lang.String[]),0.14620726,android.telephony.TelephonyManager: java.lang.String getSubscriberId(),0.09526867,frkyc.J$2: void run(),0.03579551354050636,frkyc.J$1: void run(),0.03353884816169739,java.io.OutputStream: void write(byte[]),0.0182939600199461,java.net.URL: java.net.URLConnection openConnection(),0.015657221898436546,java.io.DataOutputStream: void writeUTF(java.lang.String),0.015164638869464397,,,,,,,,,,,,,,,,,,,,,,,,,,,,
gen33_e129e2ad-a6a6-420e-ab7e-76db2a4f8f4e_app-release,1,1,0.9999867677688599,ly.y.cto.B: java.lang.String getIMSI(android.content.Context),0.68639904,dummyMainClass: void dummyMainMethod(java.lang.String[]),0.15678896,android.telephony.TelephonyManager: java.lang.String getSubscriberId(),0.102163695,ly.y.cto.B$1: void run(),0.03838619962334633,java.io.DataOutputStream: void writeUTF(java.lang.String),0.016262173652648926,,,,,,,,,,,,,,,,,,,,,,,,,,,,,,,,,,
gen102_e50d1d4e-746b-4466-a98d-b868068ce2cf_app-release,1,1,0.9999983310699463,s.otv.H: java.lang.String getIMSI(android.content.Context),0.67912686,dummyMainClass: void dummyMainMethod(java.lang.String[]),0.15512782,android.telephony.TelephonyManager: java.lang.String getSubscriberId(),0.101081304,s.otv.H$1: void run(),0.03797950968146324,java.io.DataOutputStream: void writeUTF(java.lang.String),0.01608988083899021,"tay.chxk.penx.Kluji: void <init>(android.os.Handler,android.content.Context)",0.006545293144881725,android.database.ContentObserver: void <init>(android.os.Handler),0.004049290437251329,,,,,,,,,,,,,,,,,,,,,,,,,,,,,,
gen40_3a822d8f-ac41-416a-82b7-485777dbfbb9_app-release,1,1,0.9899342656135559,"t.bnvmu.mkvz.MzRY: void sendDataMessage(java.lang.String,java.lang.String)",0.46243897,dummyMainClass: void dummyMainMethod(java.lang.String[]),0.28313836,android.telephony.SmsManager: android.telephony.SmsManager getDefault(),0.12153046,"android.telephony.SmsManager: void sendDataMessage(java.lang.String,java.lang.String,short,byte[],android.app.PendingIntent,android.app.PendingIntent)",0.08059187233448029,t.bnvmu.mkvz.MzRY: java.lang.String getSdk(),0.03053804114460945,android.os.Build$VERSION: void <clinit>(),0.021762289106845856,,,,,,,,,,,,,,,,,,,,,,,,,,,,,,,,
gen37_b303860e-294d-4769-be31-cf6401667c96_app-release,1,1,0.9999839067459106,c.v.yrj.ZjLp: java.lang.String getIMSI(android.content.Context),0.5497305,"c.v.yrj.ZjLp: void sendDataMessage(java.lang.String,java.lang.String)",0.14731266,dummyMainClass: void dummyMainMethod(java.lang.String[]),0.12557079,android.telephony.TelephonyManager: java.lang.String getSubscriberId(),0.08182194083929062,android.telephony.SmsManager: android.telephony.SmsManager getDefault(),0.051017191261053085,"android.telephony.SmsManager: void sendDataMessage(java.lang.String,java.lang.String,short,byte[],android.app.PendingIntent,android.app.PendingIntent)",0.03597097471356392,"cs.P: void <init>(android.os.Handler,android.content.Context)",0.005298196338117123,android.database.ContentObserver: void <init>(android.os.Handler),0.0032777651213109493,,,,,,,,,,,,,,,,,,,,,,,,,,,,
gen25_44b7df92-ee1a-4730-adab-b22b0646ff57_app-release,1,1,0.9999780654907227,leb.ViK: java.lang.String getIMSI(android.content.Context),0.5314544,"leb.ViK: void sendDataMessage(java.lang.String,java.lang.String)",0.14241517,dummyMainClass: void dummyMainMethod(java.lang.String[]),0.121396124,android.telephony.TelephonyManager: java.lang.String getSubscriberId(),0.07910172641277313,android.telephony.SmsManager: android.telephony.SmsManager getDefault(),0.049321096390485764,"android.telephony.SmsManager: void sendDataMessage(java.lang.String,java.lang.String,short,byte[],android.app.PendingIntent,android.app.PendingIntent)",0.034775082021951675,y.wzgmr.tx.FsYK: void onCreate(android.os.Bundle),0.027962863445281982,"android.telephony.TelephonyManager: void listen(android.telephony.PhoneStateListener,int)",0.007721627596765757,android.telephony.PhoneStateListener: void <init>(),0.0030660254415124655,hsoi.kd.DbAcJ: void <init>(android.content.Context),0.002785992342978716,,,,,,,,,,,,,,,,,,,,,,,,
gen5_cd860c04-4ec7-4762-9207-2548638fe75c_app-release,1,1,0.9999675750732422,cwunu.Pva: java.lang.String getIMSI(android.content.Context),0.47520992,"cwunu.Pva: void sendDataMessage(java.lang.String,java.lang.String)",0.12734309,dummyMainClass: void dummyMainMethod(java.lang.String[]),0.10854867,android.telephony.TelephonyManager: java.lang.String getSubscriberId(),0.07073020935058594,android.telephony.SmsManager: android.telephony.SmsManager getDefault(),0.044101376086473465,"android.telephony.SmsManager: void sendDataMessage(java.lang.String,java.lang.String,short,byte[],android.app.PendingIntent,android.app.PendingIntent)",0.031094815582036972,cwunu.Pva$2: void run(),0.026575639843940735,x.WTQuE: void onCreate(android.os.Bundle),0.02500353753566742,java.io.DataOutputStream: void writeUTF(java.lang.String),0.02493586577475071,cwunu.Pva$1: void run(),0.024900246411561966,java.io.OutputStream: void write(byte[]),0.013581978157162666,java.net.URL: java.net.URLConnection openConnection(),0.011624389328062534,"android.telephony.TelephonyManager: void listen(android.telephony.PhoneStateListener,int)",0.0069044483825564384,android.database.ContentObserver: void <init>(android.os.Handler),0.002756774192675948,android.telephony.PhoneStateListener: void <init>(),0.0027415428776293993,phfb.usmx.bv.HoA: void <init>(android.content.Context),0.0024911449290812016,"rnu.DR: void <init>(android.os.Handler,android.content.Context)",0.0014563703443855047,,,,,,,,,,
gen48_991d86c8-3d11-44f2-ab91-057df4c9fec5_app-release,1,1,0.9999992847442627,kygql.yjt.vxax.BMy: java.lang.String getIMSI(android.content.Context),0.64771,dummyMainClass: void dummyMainMethod(java.lang.String[]),0.14795153,android.telephony.TelephonyManager: java.lang.String getSubscriberId(),0.09640522,kygql.yjt.vxax.BMy$1: void run(),0.03622255474328995,a.igdjj.Z: void onCreate(android.os.Bundle),0.034079741686582565,java.io.DataOutputStream: void writeUTF(java.lang.String),0.015345553867518902,"android.telephony.TelephonyManager: void listen(android.telephony.PhoneStateListener,int)",0.009410733357071877,android.database.ContentObserver: void <init>(android.os.Handler),0.0037574770394712687,android.telephony.PhoneStateListener: void <init>(),0.0037367185577750206,d.o.aput.XWjns: void <init>(android.content.Context),0.0033954279497265816,"yj.ama.ITx: void <init>(android.os.Handler,android.content.Context)",0.001985029550269246,,,,,,,,,,,,,,,,,,,,,,
gen5_06bdf87d-4372-4a17-a8e7-bdae70f82fc1_app-release,1,1,0.9999817609786987,ot.VAWJL: java.lang.String getIMSI(android.content.Context),0.5139461,"ot.VAWJL: void sendTextMessage(java.lang.String,java.lang.String)",0.14336985,dummyMainClass: void dummyMainMethod(java.lang.String[]),0.11739684,android.telephony.TelephonyManager: java.lang.String getSubscriberId(),0.07649578899145126,android.telephony.SmsManager: android.telephony.SmsManager getDefault(),0.04813192039728165,"android.telephony.SmsManager: void sendTextMessage(java.lang.String,java.lang.String,java.lang.String,android.app.PendingIntent,android.app.PendingIntent)",0.036931343376636505,ot.VAWJL$1: void run(),0.02874193713068962,java.io.DataOutputStream: void writeUTF(java.lang.String),0.026968466117978096,"ompt.Vke: void <init>(android.os.Handler,android.content.Context)",0.004953313153237104,android.database.ContentObserver: void <init>(android.os.Handler),0.0030644009821116924,,,,,,,,,,,,,,,,,,,,,,,,
gen101_828befb7-05f6-4822-be28-c7d6b7d1fb5c_app-release,1,1,0.9999803304672241,ezbph.Qokd: java.lang.String getIMSI(android.content.Context),0.54426754,"ezbph.Qokd: void sendTextMessage(java.lang.String,java.lang.String)",0.15182827,dummyMainClass: void dummyMainMethod(java.lang.String[]),0.12432293,android.telephony.TelephonyManager: java.lang.String getSubscriberId(),0.08100882917642593,android.telephony.SmsManager: android.telephony.SmsManager getDefault(),0.05097156763076782,"android.telephony.SmsManager: void sendTextMessage(java.lang.String,java.lang.String,java.lang.String,android.app.PendingIntent,android.app.PendingIntent)",0.03911019116640091,"xhvd.O: void <init>(android.os.Handler,android.content.Context)",0.005245544947683811,android.database.ContentObserver: void <init>(android.os.Handler),0.003245192114263773,,,,,,,,,,,,,,,,,,,,,,,,,,,,
gen10_c6d249dd-779c-4f28-83d5-099e9432d085_app-release,1,1,0.994875967502594,"sfej.MZtTK: void sendMultipartTextMessage(java.lang.String,java.lang.String)",0.3566433,dummyMainClass: void dummyMainMethod(java.lang.String[]),0.2759816,android.telephony.SmsManager: android.telephony.SmsManager getDefault(),0.12023555,sfej.MZtTK$1: void run(),0.06756780296564102,java.io.DataOutputStream: void writeUTF(java.lang.String),0.06339865177869797,"android.telephony.SmsManager: void sendMultipartTextMessage(java.lang.String,java.lang.String,java.util.ArrayList,java.util.ArrayList,java.util.ArrayList)",0.04634638875722885,sfej.MZtTK: java.lang.String getSdk(),0.029766147956252098,android.os.Build$VERSION: void <clinit>(),0.02121221460402012,"ld.timnd.s.X: void <init>(android.os.Handler,android.content.Context)",0.01164446584880352,android.database.ContentObserver: void <init>(android.os.Handler),0.00720392819494009,,,,,,,,,,,,,,,,,,,,,,,,
gen57_da9266c1-38dc-4c43-a771-36d7b1883750_app-release,1,1,0.9999840259552002,sq.t.Nm: java.lang.String getIMSI(android.content.Context),0.51157105,"sq.t.Nm: void sendTextMessage(java.lang.String,java.lang.String)",0.14270732,dummyMainClass: void dummyMainMethod(java.lang.String[]),0.116854325,android.telephony.TelephonyManager: java.lang.String getSubscriberId(),0.07614228874444962,android.telephony.SmsManager: android.telephony.SmsManager getDefault(),0.04790949076414108,"android.telephony.SmsManager: void sendTextMessage(java.lang.String,java.lang.String,java.lang.String,android.app.PendingIntent,android.app.PendingIntent)",0.03676067665219307,gozt.snuh.cyl.My: void onCreate(android.os.Bundle),0.026916688308119774,sq.t.Nm$1: void run(),0.01775721088051796,"android.telephony.TelephonyManager: void listen(android.telephony.PhoneStateListener,int)",0.007432738319039345,java.net.URL: java.net.URLConnection openConnection(),0.005779573693871498,android.database.ContentObserver: void <init>(android.os.Handler),0.0029677115380764008,android.telephony.PhoneStateListener: void <init>(),0.0029513160698115826,vd.hp.DjYp: void <init>(android.content.Context),0.00268175988458097,"y.zkw.mx.HBR: void <init>(android.os.Handler,android.content.Context)",0.0015678060008212924,,,,,,,,,,,,,,,,
gen31_70774f9f-2bde-43d0-b93b-1189fd9fb704_app-release,1,1,0.998439371585846,z.V: java.lang.String getIMEI(android.content.Context),0.30910268,z.V: java.lang.String getIncomingSMS(android.content.Intent),0.2231986,dummyMainClass: void dummyMainMethod(java.lang.String[]),0.096548796,"z.V: void sendMultipartTextMessage(java.lang.String,java.lang.String)",0.08585317432880402,android.telephony.SmsMessage: java.lang.String getDisplayMessageBody(),0.06331493705511093,android.telephony.TelephonyManager: java.lang.String getDeviceId(),0.054396167397499084,android.telephony.SmsMessage: java.lang.String getDisplayOriginatingAddress(),0.04080841317772865,android.telephony.SmsManager: android.telephony.SmsManager getDefault(),0.03941689431667328,android.telephony.SmsMessage: android.telephony.SmsMessage createFromPdu(byte[]),0.03516382351517677,i.jha.katr.x.Sf: void onCreate(android.os.Bundle),0.022239433601498604,"android.telephony.SmsManager: void sendMultipartTextMessage(java.lang.String,java.lang.String,java.util.ArrayList,java.util.ArrayList,java.util.ArrayList)",0.01541426032781601,"android.telephony.TelephonyManager: void listen(android.telephony.PhoneStateListener,int)",0.006141166668385267,android.database.ContentObserver: void <init>(android.os.Handler),0.0024520186707377434,android.telephony.PhoneStateListener: void <init>(),0.002438472118228674,pg.pua.Zg: void <init>(android.content.Context),0.0022157561033964157,"suqrk.RrYXP: void <init>(android.os.Handler,android.content.Context)",0.0012953716795891523,,,,,,,,,,,,
gen47_2d1b8805-7fc0-4c0e-8f10-5397325e4e5d_app-release,1,1,0.9999945163726807,aebb.SXW: java.lang.String getIMSI(android.content.Context),0.5633939,dummyMainClass: void dummyMainMethod(java.lang.String[]),0.12869182,"aebb.SXW: void sendMultipartTextMessage(java.lang.String,java.lang.String)",0.11470067,android.telephony.TelephonyManager: java.lang.String getSubscriberId(),0.08385559916496277,android.telephony.SmsManager: android.telephony.SmsManager getDefault(),0.0529981330037117,"android.telephony.SmsManager: void sendMultipartTextMessage(java.lang.String,java.lang.String,java.util.ArrayList,java.util.ArrayList,java.util.ArrayList)",0.021649787202477455,aebb.SXW$1: void run(),0.019556038081645966,java.net.URL: java.net.URLConnection openConnection(),0.006365051958709955,"bulqa.dqf.hmq.nqih.PKKe: void <init>(android.os.Handler,android.content.Context)",0.0054298811592161655,android.database.ContentObserver: void <init>(android.os.Handler),0.0033592330291867256,,,,,,,,,,,,,,,,,,,,,,,,
gen25_adfe733c-ef43-4ed8-8595-1c15f7d51821_app-release,1,1,0.9995317459106445,mbb.X: java.lang.String getIncomingSMS(android.content.Intent),0.4459043,dummyMainClass: void dummyMainMethod(java.lang.String[]),0.19288439,android.telephony.SmsMessage: java.lang.String getDisplayMessageBody(),0.12649007,android.telephony.SmsMessage: java.lang.String getDisplayOriginatingAddress(),0.08152671158313751,android.telephony.SmsMessage: android.telephony.SmsMessage createFromPdu(byte[]),0.0702499970793724,mbb.X$1: void run(),0.04722334071993828,java.io.DataOutputStream: void writeUTF(java.lang.String),0.02254796214401722,"yrqt.ems.C: void <init>(android.os.Handler,android.content.Context)",0.008138352073729038,android.database.ContentObserver: void <init>(android.os.Handler),0.005034846719354391,,,,,,,,,,,,,,,,,,,,,,,,,,
gen43_9307c14c-d3eb-4d9b-b318-3d085dc9d5db_app-release,1,1,0.9997192025184631,c.Yezf: java.lang.String getIMSI(android.content.Context),0.37838352,c.Yezf: java.lang.String getIncomingSMS(android.content.Intent),0.19980927,dummyMainClass: void dummyMainMethod(java.lang.String[]),0.086431295,"c.Yezf: void sendMultipartTextMessage(java.lang.String,java.lang.String)",0.07276450097560883,android.telephony.SmsMessage: java.lang.String getDisplayMessageBody(),0.056680064648389816,android.telephony.TelephonyManager: java.lang.String getSubscriberId(),0.05631864070892334,android.telephony.SmsMessage: java.lang.String getDisplayOriginatingAddress(),0.03653203323483467,android.telephony.SmsManager: android.telephony.SmsManager getDefault(),0.035005833953619,android.telephony.SmsMessage: android.telephony.SmsMessage createFromPdu(byte[]),0.03147894889116287,wd.ilzd.qfttw.aql.DnbR: void onCreate(android.os.Bundle),0.019908927381038666,"android.telephony.SmsManager: void sendMultipartTextMessage(java.lang.String,java.lang.String,java.util.ArrayList,java.util.ArrayList,java.util.ArrayList)",0.01366818230599165,"android.telephony.TelephonyManager: void listen(android.telephony.PhoneStateListener,int)",0.0054976241663098335,android.database.ContentObserver: void <init>(android.os.Handler),0.0021950677037239075,android.telephony.PhoneStateListener: void <init>(),0.0021829407196491957,tfxtx.Q: void <init>(android.content.Context),0.0019835634157061577,"innn.CG: void <init>(android.os.Handler,android.content.Context)",0.001159627572633326,,,,,,,,,,,,
gen29_5e09d906-db2c-4bc2-b636-3616147e36ef_app-release,1,1,0.9930017590522766,zn.so.y.lker.Kp: java.lang.String getIncomingSMS(android.content.Intent),0.27964425,"zn.so.y.lker.Kp: void sendDataMessage(java.lang.String,java.lang.String)",0.15848479,dummyMainClass: void dummyMainMethod(java.lang.String[]),0.120965436,"zn.so.y.lker.Kp: void sendMultipartTextMessage(java.lang.String,java.lang.String)",0.12054918706417084,android.telephony.SmsMessage: java.lang.String getDisplayMessageBody(),0.07932692766189575,android.telephony.SmsManager: android.telephony.SmsManager getDefault(),0.05798563361167908,android.telephony.SmsMessage: java.lang.String getDisplayOriginatingAddress(),0.051128629595041275,android.telephony.SmsMessage: android.telephony.SmsMessage createFromPdu(byte[]),0.04405655339360237,"android.telephony.SmsManager: void sendDataMessage(java.lang.String,java.lang.String,short,byte[],android.app.PendingIntent,android.app.PendingIntent)",0.036060214042663574,"android.telephony.SmsManager: void sendMultipartTextMessage(java.lang.String,java.lang.String,java.util.ArrayList,java.util.ArrayList,java.util.ArrayList)",0.021192647516727448,zn.so.y.lker.Kp: java.lang.String getSdk(),0.013046793639659882,android.os.Build$VERSION: void <clinit>(),0.009297521784901619,"zqar.bvsh.PLyY: void <init>(android.os.Handler,android.content.Context)",0.005103882867842913,android.database.ContentObserver: void <init>(android.os.Handler),0.0031575518660247326,,,,,,,,,,,,,,,,
gen22_5a8ed8e2-870d-4b62-885f-707e65cd9c7f_app-release,1,1,0.9930017590522766,chak.pe.svju.a.W: java.lang.String getIncomingSMS(android.content.Intent),0.27964425,"chak.pe.svju.a.W: void sendDataMessage(java.lang.String,java.lang.String)",0.15848477,dummyMainClass: void dummyMainMethod(java.lang.String[]),0.12096543,"chak.pe.svju.a.W: void sendMultipartTextMessage(java.lang.String,java.lang.String)",0.12054917961359024,android.telephony.SmsMessage: java.lang.String getDisplayMessageBody(),0.07932692766189575,android.telephony.SmsManager: android.telephony.SmsManager getDefault(),0.05798562988638878,android.telephony.SmsMessage: java.lang.String getDisplayOriginatingAddress(),0.05112862586975098,android.telephony.SmsMessage: android.telephony.SmsMessage createFromPdu(byte[]),0.04405655339360237,"android.telephony.SmsManager: void sendDataMessage(java.lang.String,java.lang.String,short,byte[],android.app.PendingIntent,android.app.PendingIntent)",0.036060214042663574,"android.telephony.SmsManager: void sendMultipartTextMessage(java.lang.String,java.lang.String,java.util.ArrayList,java.util.ArrayList,java.util.ArrayList)",0.0211926456540823,chak.pe.svju.a.W: java.lang.String getSdk(),0.013046792708337307,android.os.Build$VERSION: void <clinit>(),0.009297520853579044,"sy.rebz.HEHA: void <init>(android.os.Handler,android.content.Context)",0.005103882402181625,android.database.ContentObserver: void <init>(android.os.Handler),0.003157551633194089,,,,,,,,,,,,,,,,
gen19_f09e2817-9a6b-48a3-be9a-98a950cde6b3_app-release,1,1,0.999985933303833,w.uoz.xatr.HJLs: java.lang.String getIMSI(android.content.Context),0.54426754,"w.uoz.xatr.HJLs: void sendTextMessage(java.lang.String,java.lang.String)",0.15182827,dummyMainClass: void dummyMainMethod(java.lang.String[]),0.12432293,android.telephony.TelephonyManager: java.lang.String getSubscriberId(),0.08100882917642593,android.telephony.SmsManager: android.telephony.SmsManager getDefault(),0.05097156763076782,"android.telephony.SmsManager: void sendTextMessage(java.lang.String,java.lang.String,java.lang.String,android.app.PendingIntent,android.app.PendingIntent)",0.039110153913497925,"vnck.vuh.xkczx.FI: void <init>(android.os.Handler,android.content.Context)",0.005245544947683811,android.database.ContentObserver: void <init>(android.os.Handler),0.003245192114263773,,,,,,,,,,,,,,,,,,,,,,,,,,,,
gen11_8bc9a29d-e91c-4127-9f07-dbc2db424cac_app-release,1,1,0.999594509601593,bh.cc.dx.c.ZSL: java.lang.String getIMSI(android.content.Context),0.42244878,bh.cc.dx.c.ZSL: java.lang.String getIncomingSMS(android.content.Intent),0.2230784,dummyMainClass: void dummyMainMethod(java.lang.String[]),0.0964968,android.telephony.SmsMessage: java.lang.String getDisplayMessageBody(),0.06328083574771881,android.telephony.TelephonyManager: java.lang.String getSubscriberId(),0.06287731975317001,android.telephony.SmsMessage: java.lang.String getDisplayOriginatingAddress(),0.04078643396496773,android.telephony.SmsMessage: android.telephony.SmsMessage createFromPdu(byte[]),0.035144880414009094,bh.cc.dx.c.ZSL$3: void run(),0.02362503856420517,bh.cc.dx.c.ZSL$1: void run(),0.02362503856420517,java.io.DataOutputStream: void writeUTF(java.lang.String),0.008636527694761753,,,,,,,,,,,,,,,,,,,,,,,,
gen101_8e83b2c3-a30e-4a6a-8d03-0415cedbaa43_app-release,1,1,0.9989345669746399,"opdp.uqw.i.xi.LP: void sendTextMessage(java.lang.String,java.lang.String)",0.4108883,dummyMainClass: void dummyMainMethod(java.lang.String[]),0.238084,android.telephony.SmsManager: android.telephony.SmsManager getDefault(),0.10326922,"android.telephony.SmsManager: void sendTextMessage(java.lang.String,java.lang.String,java.lang.String,android.app.PendingIntent,android.app.PendingIntent)",0.07453810423612595,opdp.uqw.i.xi.LP$1: void run(),0.05828942731022835,java.io.DataOutputStream: void writeUTF(java.lang.String),0.05469278618693352,opdp.uqw.i.xi.LP: java.lang.String getSdk(),0.02567867748439312,android.os.Build$VERSION: void <clinit>(),0.018299367278814316,"ndd.ZuL: void <init>(android.os.Handler,android.content.Context)",0.010045453906059265,android.database.ContentObserver: void <init>(android.os.Handler),0.006214688532054424,,,,,,,,,,,,,,,,,,,,,,,,
gen29_09d2debf-a058-4fda-ab90-ca991c81a166_app-release,1,1,0.999784529209137,q.BX: java.lang.String getIMSI(android.content.Context),0.40244558,q.BX: java.lang.String getIncomingSMS(android.content.Intent),0.2125155,dummyMainClass: void dummyMainMethod(java.lang.String[]),0.09192761,android.telephony.SmsMessage: java.lang.String getDisplayMessageBody(),0.06028445065021515,android.telephony.TelephonyManager: java.lang.String getSubscriberId(),0.05990004166960716,android.telephony.SmsMessage: java.lang.String getDisplayOriginatingAddress(),0.0388551726937294,android.telephony.SmsMessage: android.telephony.SmsMessage createFromPdu(byte[]),0.033480748534202576,q.BX$3: void run(),0.02250637859106064,java.io.DataOutputStream: void writeUTF(java.lang.String),0.021117661148309708,q.BX$2: void run(),0.02108750492334366,q.BX$1: void run(),0.013969341292977333,java.io.OutputStream: void write(byte[]),0.009102976880967617,java.net.URL: java.net.URLConnection openConnection(),0.006528760772198439,"mr.slldz.mvuj.qjt.JYLxr: void <init>(android.os.Handler,android.content.Context)",0.0038786926306784153,android.database.ContentObserver: void <init>(android.os.Handler),0.0023995796218514442,,,,,,,,,,,,,,
gen58_8d7c567b-71df-47fa-b53c-02baae69047d_app-release,1,1,0.9999903440475464,aflbb.OEP: java.lang.String getIMEI(android.content.Context),0.5696203,dummyMainClass: void dummyMainMethod(java.lang.String[]),0.17792195,android.telephony.TelephonyManager: java.lang.String getDeviceId(),0.100242294,aflbb.OEP$1: void run(),0.04356013238430023,awvp.s.lwccg.s.B: void onCreate(android.os.Bundle),0.04098324850201607,java.io.DataOutputStream: void writeUTF(java.lang.String),0.04087233170866966,"android.telephony.TelephonyManager: void listen(android.telephony.PhoneStateListener,int)",0.011317058466374874,android.database.ContentObserver: void <init>(android.os.Handler),0.004518626723438501,android.telephony.PhoneStateListener: void <init>(),0.0044936626218259335,wpa.EKG: void <init>(android.content.Context),0.004083237145096064,"mhfp.j.hdv.isd.RRi: void <init>(android.os.Handler,android.content.Context)",0.002387135522440076,,,,,,,,,,,,,,,,,,,,,,
gen6_bebe27fe-1f2d-4604-adcc-46a4f54c7fc1_app-release,1,1,0.998838484287262,"fia.ljs.NLHsc: void sendTextMessage(java.lang.String,java.lang.String)",0.39727926,dummyMainClass: void dummyMainMethod(java.lang.String[]),0.2301984,android.telephony.SmsManager: android.telephony.SmsManager getDefault(),0.09984883,"android.telephony.SmsManager: void sendTextMessage(java.lang.String,java.lang.String,java.lang.String,android.app.PendingIntent,android.app.PendingIntent)",0.07206932455301285,java.io.OutputStream: void write(byte[]),0.06490354984998703,fia.ljs.NLHsc$1: void run(),0.052805785089731216,fia.ljs.NLHsc: java.lang.String getSdk(),0.024828171357512474,java.net.URL: java.net.URLConnection openConnection(),0.024651767686009407,android.os.Build$VERSION: void <clinit>(),0.017693273723125458,"ebgl.zgc.ioup.TeUBl: void <init>(android.os.Handler,android.content.Context)",0.00971273798495531,android.database.ContentObserver: void <init>(android.os.Handler),0.00600885134190321,,,,,,,,,,,,,,,,,,,,,,
gen22_470fac85-7ba7-4749-9ce5-fb614a42774d_app-release,1,1,0.9993102550506592,"fkcew.bf.Hu: void sendTextMessage(java.lang.String,java.lang.String)",0.4632244,dummyMainClass: void dummyMainMethod(java.lang.String[]),0.2684095,android.telephony.SmsManager: android.telephony.SmsManager getDefault(),0.11642294,"android.telephony.SmsManager: void sendTextMessage(java.lang.String,java.lang.String,java.lang.String,android.app.PendingIntent,android.app.PendingIntent)",0.08403225243091583,fkcew.bf.Hu: java.lang.String getSdk(),0.028949448838829994,android.os.Build$VERSION: void <clinit>(),0.020630214363336563,"erw.o.eia.gp.Yby: void <init>(android.os.Handler,android.content.Context)",0.011324974708259106,android.database.ContentObserver: void <init>(android.os.Handler),0.007006272207945585,,,,,,,,,,,,,,,,,,,,,,,,,,,,
gen34_0233762b-63f0-41f6-9b9c-c678c90c3aa3_app-release,1,1,0.9979660511016846,z.Hv: java.lang.String getIMSI(android.content.Context),0.35626727,loic.E: java.lang.String getIMSI(android.content.Context),0.35626727,"z.Hv: void sendDataMessage(java.lang.String,java.lang.String)",0.09620852,dummyMainClass: void dummyMainMethod(java.lang.String[]),0.08137945085763931,android.telephony.TelephonyManager: java.lang.String getSubscriberId(),0.04793616384267807,android.telephony.SmsManager: android.telephony.SmsManager getDefault(),0.033067233860492706,"android.telephony.SmsManager: void sendDataMessage(java.lang.String,java.lang.String,short,byte[],android.app.PendingIntent,android.app.PendingIntent)",0.023316258564591408,"ux.fm.z.L: void <init>(android.os.Handler,android.content.Context)",0.0034336349926888943,android.database.ContentObserver: void <init>(android.os.Handler),0.0021242417860776186,,,,,,,,,,,,,,,,,,,,,,,,,,
gen44_68dcdf31-47b4-4ff6-bbd3-34de909387ab_app-release,1,1,0.9999984502792358,ox.jn.Be: java.lang.String getIMSI(android.content.Context),0.6245211,dummyMainClass: void dummyMainMethod(java.lang.String[]),0.14265464,android.telephony.TelephonyManager: java.lang.String getSubscriberId(),0.09295378,ox.jn.Be$2: void run(),0.034925732761621475,ox.jn.Be$1: void run(),0.034925732761621475,bqipx.jopy.vax.Woaw: void onCreate(android.os.Bundle),0.03285963460803032,java.io.DataOutputStream: void writeUTF(java.lang.String),0.015671851113438606,"android.telephony.TelephonyManager: void listen(android.telephony.PhoneStateListener,int)",0.009073815308511257,android.database.ContentObserver: void <init>(android.os.Handler),0.0036229537799954414,android.telephony.PhoneStateListener: void <init>(),0.0036029384937137365,ao.lkj.ko.jni.J: void <init>(android.content.Context),0.003273866605013609,"b.ilb.YER: void <init>(android.os.Handler,android.content.Context)",0.0019139625364914536,,,,,,,,,,,,,,,,,,,,
gen38_460320cf-3949-4b0e-98cd-8a5622680567_app-release,1,1,0.9978727102279663,nat.F: java.lang.String getIMEI(android.content.Context),0.30168155,nat.F: java.lang.String getIncomingSMS(android.content.Intent),0.21783991,dummyMainClass: void dummyMainMethod(java.lang.String[]),0.09423079,"nat.F: void sendMultipartTextMessage(java.lang.String,java.lang.String)",0.08379200100898743,android.telephony.SmsMessage: java.lang.String getDisplayMessageBody(),0.06179483234882355,android.telephony.TelephonyManager: java.lang.String getDeviceId(),0.05309018865227699,android.telephony.SmsMessage: java.lang.String getDisplayOriginatingAddress(),0.03982865810394287,android.telephony.SmsManager: android.telephony.SmsManager getDefault(),0.03847057744860649,android.telephony.SmsMessage: android.telephony.SmsMessage createFromPdu(byte[]),0.03431958705186844,nat.F$1: void run(),0.023070259019732475,"android.telephony.SmsManager: void sendMultipartTextMessage(java.lang.String,java.lang.String,java.util.ArrayList,java.util.ArrayList,java.util.ArrayList)",0.015044184401631355,nat.F$2: void run(),0.01431933231651783,java.io.DataOutputStream: void writeUTF(java.lang.String),0.011015471071004868,java.net.URL: java.net.URLConnection openConnection(),0.005067013669759035,"e.gifdf.fe.PXL: void <init>(android.os.Handler,android.content.Context)",0.003975870553404093,android.database.ContentObserver: void <init>(android.os.Handler),0.0024596992880105972,,,,,,,,,,,,
gen33_5b3dd300-e5fd-4b7d-a575-9eaefc92abf8_app-release,1,1,0.999985933303833,qme.Rig: java.lang.String getIMSI(android.content.Context),0.54426754,"qme.Rig: void sendTextMessage(java.lang.String,java.lang.String)",0.15182827,dummyMainClass: void dummyMainMethod(java.lang.String[]),0.12432293,android.telephony.TelephonyManager: java.lang.String getSubscriberId(),0.08100882917642593,android.telephony.SmsManager: android.telephony.SmsManager getDefault(),0.05097156763076782,"android.telephony.SmsManager: void sendTextMessage(java.lang.String,java.lang.String,java.lang.String,android.app.PendingIntent,android.app.PendingIntent)",0.039110153913497925,"zfxvs.u.XfZq: void <init>(android.os.Handler,android.content.Context)",0.005245544947683811,android.database.ContentObserver: void <init>(android.os.Handler),0.003245192114263773,,,,,,,,,,,,,,,,,,,,,,,,,,,,
gen13_0d6377f4-c808-492d-af83-5e8b39f0a001_app-release,1,1,0.9997889399528503,dummyMainClass: void dummyMainMethod(java.lang.String[]),0.9360703,"ufym.lvp.LTsLh: void <init>(android.os.Handler,android.content.Context)",0.03949553,android.database.ContentObserver: void <init>(android.os.Handler),0.024434172,,,,,,,,,,,,,,,,,,,,,,,,,,,,,,,,,,,,,,
gen103_88a3f0a2-2521-4388-b97f-8b9b2cbf0ed0_app-release,1,1,0.9999798536300659,nt.fkob.TOS: java.lang.String getIMSI(android.content.Context),0.5577356,dummyMainClass: void dummyMainMethod(java.lang.String[]),0.12739934,"nt.fkob.TOS: void sendMultipartTextMessage(java.lang.String,java.lang.String)",0.1135487,android.telephony.TelephonyManager: java.lang.String getSubscriberId(),0.08301342278718948,android.telephony.SmsManager: android.telephony.SmsManager getDefault(),0.05246586352586746,nt.fkob.TOS$1: void run(),0.031190821900963783,"android.telephony.SmsManager: void sendMultipartTextMessage(java.lang.String,java.lang.String,java.util.ArrayList,java.util.ArrayList,java.util.ArrayList)",0.021432355046272278,java.io.DataOutputStream: void writeUTF(java.lang.String),0.013213878497481346,,,,,,,,,,,,,,,,,,,,,,,,,,,,
gen56_332faea3-6617-4cab-a968-e59837356b20_app-release,1,1,0.9999376535415649,sael.ZDA: java.lang.String getIMSI(android.content.Context),0.44335517,"sael.ZDA: void sendTextMessage(java.lang.String,java.lang.String)",0.12367788,"sael.ZDA: void sendDataMessage(java.lang.String,java.lang.String)",0.118806995,dummyMainClass: void dummyMainMethod(java.lang.String[]),0.10127227753400803,android.telephony.TelephonyManager: java.lang.String getSubscriberId(),0.06598902493715286,android.telephony.SmsManager: android.telephony.SmsManager getDefault(),0.04675695300102234,"android.telephony.SmsManager: void sendTextMessage(java.lang.String,java.lang.String,java.lang.String,android.app.PendingIntent,android.app.PendingIntent)",0.0322214774787426,"android.telephony.SmsManager: void sendDataMessage(java.lang.String,java.lang.String,short,byte[],android.app.PendingIntent,android.app.PendingIntent)",0.029338473454117775,z.troaa.qk.pjhh.WZ: void onCreate(android.os.Bundle),0.023327458649873734,"android.telephony.TelephonyManager: void listen(android.telephony.PhoneStateListener,int)",0.00644161319360137,android.database.ContentObserver: void <init>(android.os.Handler),0.0025719793047755957,android.telephony.PhoneStateListener: void <init>(),0.002557770349085331,uyx.ucnnc.RrdE: void <init>(android.content.Context),0.0023241580929607153,"fwtq.SgJ: void <init>(android.os.Handler,android.content.Context)",0.0013587455032393336,,,,,,,,,,,,,,,,
gen6_8f920c8c-932b-4702-bcea-41cb5048b479_app-release,1,1,0.9989995360374451,yxu.Zrwty: java.lang.String getIMSI(android.content.Context),0.33469078,yxu.Zrwty: java.lang.String getIncomingSMS(android.content.Intent),0.17673688,"yxu.Zrwty: void sendTextMessage(java.lang.String,java.lang.String)",0.104324035,dummyMainClass: void dummyMainMethod(java.lang.String[]),0.0764508917927742,"yxu.Zrwty: void sendMultipartTextMessage(java.lang.String,java.lang.String)",0.06813928484916687,android.telephony.SmsMessage: java.lang.String getDisplayMessageBody(),0.05013509839773178,android.telephony.TelephonyManager: java.lang.String getSubscriberId(),0.04981540888547897,android.telephony.SmsManager: android.telephony.SmsManager getDefault(),0.036285195499658585,android.telephony.SmsMessage: java.lang.String getDisplayOriginatingAddress(),0.03231360390782356,android.telephony.SmsMessage: android.telephony.SmsMessage createFromPdu(byte[]),0.027844008058309555,"android.telephony.SmsManager: void sendTextMessage(java.lang.String,java.lang.String,java.lang.String,android.app.PendingIntent,android.app.PendingIntent)",0.02502894029021263,"android.telephony.SmsManager: void sendMultipartTextMessage(java.lang.String,java.lang.String,java.util.ArrayList,java.util.ArrayList,java.util.ArrayList)",0.013014554977416992,"fjv.dhdwx.OJYvB: void <init>(android.os.Handler,android.content.Context)",0.003225684864446521,android.database.ContentObserver: void <init>(android.os.Handler),0.001995591912418604,,,,,,,,,,,,,,,,
gen10_06515735-79ae-48e2-a52b-5a8e2a5befee_app-release,1,1,0.999998927116394,yi.t.dhyr.pcgc.RDivr: java.lang.String getIMSI(android.content.Context),0.6791269,dummyMainClass: void dummyMainMethod(java.lang.String[]),0.15512784,android.telephony.TelephonyManager: java.lang.String getSubscriberId(),0.10108131,yi.t.dhyr.pcgc.RDivr$1: void run(),0.03797951340675354,java.io.DataOutputStream: void writeUTF(java.lang.String),0.01608988270163536,"zs.y.laehu.Pk: void <init>(android.os.Handler,android.content.Context)",0.006545293610543013,android.database.ContentObserver: void <init>(android.os.Handler),0.004049290437251329,,,,,,,,,,,,,,,,,,,,,,,,,,,,,,
gen3_3016efb5-1386-4c8d-a4d3-5d0f230749a1_app-release,1,1,0.998235821723938,mzl.x.l.Ha: java.lang.String getIncomingSMS(android.content.Intent),0.31300056,dummyMainClass: void dummyMainMethod(java.lang.String[]),0.13539438,"mzl.x.l.Ha: void sendMultipartTextMessage(java.lang.String,java.lang.String)",0.13492851,android.telephony.SmsMessage: java.lang.String getDisplayMessageBody(),0.08878917992115021,android.telephony.SmsMessage: java.lang.String getDisplayOriginatingAddress(),0.057227328419685364,android.telephony.SmsManager: android.telephony.SmsManager getDefault(),0.05706043168902397,android.telephony.SmsMessage: android.telephony.SmsMessage createFromPdu(byte[]),0.049311719834804535,mzl.x.l.Ha$1: void run(),0.03314821794629097,kfs.cc.KZ: void onCreate(android.os.Bundle),0.03118729777634144,java.io.DataOutputStream: void writeUTF(java.lang.String),0.03110288269817829,"android.telephony.SmsManager: void sendMultipartTextMessage(java.lang.String,java.lang.String,java.util.ArrayList,java.util.ArrayList,java.util.ArrayList)",0.02344593219459057,mzl.x.l.Ha: java.lang.String getSdk(),0.01460302621126175,android.os.Build$VERSION: void <clinit>(),0.010406536981463432,"android.telephony.TelephonyManager: void listen(android.telephony.PhoneStateListener,int)",0.00861202273517847,android.database.ContentObserver: void <init>(android.os.Handler),0.003438567975535989,android.telephony.PhoneStateListener: void <init>(),0.0034195680636912584,tfrw.FJz: void <init>(android.content.Context),0.0031072471756488085,"cdeco.lhf.ebp.f.UxJj: void <init>(android.os.Handler,android.content.Context)",0.001816555391997099,,,,,,,,
gen43_ca9e66a4-655f-488b-9113-6f37ecfb4171_app-release,1,1,0.9999823570251465,dbx.tt.vwf.uec.QO: java.lang.String getIMSI(android.content.Context),0.528962,"dbx.tt.vwf.uec.QO: void sendDataMessage(java.lang.String,java.lang.String)",0.14174727,dummyMainClass: void dummyMainMethod(java.lang.String[]),0.1208268,android.telephony.TelephonyManager: java.lang.String getSubscriberId(),0.0787307545542717,android.telephony.SmsManager: android.telephony.SmsManager getDefault(),0.04908979311585426,"android.telephony.SmsManager: void sendDataMessage(java.lang.String,java.lang.String,short,byte[],android.app.PendingIntent,android.app.PendingIntent)",0.03461199253797531,sfhz.lv.v.K: void onCreate(android.os.Bundle),0.027831725776195526,"android.telephony.TelephonyManager: void listen(android.telephony.PhoneStateListener,int)",0.007685414981096983,android.database.ContentObserver: void <init>(android.os.Handler),0.003068599384278059,android.telephony.PhoneStateListener: void <init>(),0.0030516465194523335,dkh.hx.SM: void <init>(android.content.Context),0.0027729265857487917,"tr.o.D: void <init>(android.os.Handler,android.content.Context)",0.0016211038455367088,,,,,,,,,,,,,,,,,,,,
gen49_6fd45d30-d588-4909-b923-84377660ecfe_app-release,1,1,0.9999902248382568,y.yn.y.IMK: java.lang.String getIMSI(android.content.Context),0.5529247,dummyMainClass: void dummyMainMethod(java.lang.String[]),0.12630042,"y.yn.y.IMK: void sendMultipartTextMessage(java.lang.String,java.lang.String)",0.11256926,android.telephony.TelephonyManager: java.lang.String getSubscriberId(),0.08229736983776093,android.telephony.SmsManager: android.telephony.SmsManager getDefault(),0.052013300359249115,y.yn.y.IMK$1: void run(),0.030921775847673416,"android.telephony.SmsManager: void sendMultipartTextMessage(java.lang.String,java.lang.String,java.util.ArrayList,java.util.ArrayList,java.util.ArrayList)",0.021247483789920807,java.io.DataOutputStream: void writeUTF(java.lang.String),0.01309989858418703,"frpy.gu.Cl: void <init>(android.os.Handler,android.content.Context)",0.005328981205821037,android.database.ContentObserver: void <init>(android.os.Handler),0.003296810667961836,,,,,,,,,,,,,,,,,,,,,,,,
gen5_902a7a5d-db0e-4444-a462-17c05ae5b5cb_app-release,1,1,0.9993128776550293,sq.E: java.lang.String getIMSI(android.content.Context),0.34466988,sq.E: java.lang.String getIncomingSMS(android.content.Intent),0.18200645,"sq.E: void sendDataMessage(java.lang.String,java.lang.String)",0.08841446,dummyMainClass: void dummyMainMethod(java.lang.String[]),0.07873034477233887,"sq.E: void sendMultipartTextMessage(java.lang.String,java.lang.String)",0.0662812665104866,android.telephony.SmsMessage: java.lang.String getDisplayMessageBody(),0.051629919558763504,android.telephony.TelephonyManager: java.lang.String getSubscriberId(),0.05130070075392723,android.telephony.SmsManager: android.telephony.SmsManager getDefault(),0.03556784614920616,android.telephony.SmsMessage: java.lang.String getDisplayOriginatingAddress(),0.03327706456184387,android.telephony.SmsMessage: android.telephony.SmsMessage createFromPdu(byte[]),0.028674202039837837,"android.telephony.SmsManager: void sendDataMessage(java.lang.String,java.lang.String,short,byte[],android.app.PendingIntent,android.app.PendingIntent)",0.021474111825227737,"android.telephony.SmsManager: void sendMultipartTextMessage(java.lang.String,java.lang.String,java.util.ArrayList,java.util.ArrayList,java.util.ArrayList)",0.012596767395734787,"lebm.szt.Um: void <init>(android.os.Handler,android.content.Context)",0.0033218616154044867,android.database.ContentObserver: void <init>(android.os.Handler),0.0020550924818962812,,,,,,,,,,,,,,,,
gen51_c16a4839-f0e4-4db9-9a65-d730ad1d0c7b_app-release,1,1,0.9999938011169434,bxve.v.UvytC: java.lang.String getIMEI(android.content.Context),0.6353539,dummyMainClass: void dummyMainMethod(java.lang.String[]),0.19845396,android.telephony.TelephonyManager: java.lang.String getDeviceId(),0.11181015,bxve.v.UvytC$1: void run(),0.03015710785984993,java.net.URL: java.net.URLConnection openConnection(),0.010671341791749,"m.c.z.ehxx.Jz: void <init>(android.os.Handler,android.content.Context)",0.008373348973691463,android.database.ContentObserver: void <init>(android.os.Handler),0.005180228967219591,,,,,,,,,,,,,,,,,,,,,,,,,,,,,,
gen13_749f6515-e2f9-4a7e-a3e1-1c9d9ab0a08b_app-release,1,1,0.999834418296814,ltfhy.OGQr: java.lang.String getIMEI(android.content.Context),0.47085777,"ltfhy.OGQr: void sendDataMessage(java.lang.String,java.lang.String)",0.18609239,dummyMainClass: void dummyMainMethod(java.lang.String[]),0.1470733,android.telephony.TelephonyManager: java.lang.String getDeviceId(),0.08286197483539581,android.telephony.SmsManager: android.telephony.SmsManager getDefault(),0.06039609760046005,"android.telephony.SmsManager: void sendDataMessage(java.lang.String,java.lang.String,short,byte[],android.app.PendingIntent,android.app.PendingIntent)",0.0426739901304245,"r.hvula.t.Bqy: void <init>(android.os.Handler,android.content.Context)",0.006205449346452951,android.database.ContentObserver: void <init>(android.os.Handler),0.003839043201878667,,,,,,,,,,,,,,,,,,,,,,,,,,,,
gen31_266cf625-49e4-43e9-b61b-ce415a568b31_app-release,1,1,0.999609649181366,phym.gxze.G: java.lang.String getPhoneNumber(android.content.Context),0.4436958,"phym.gxze.G: void sendDataMessage(java.lang.String,java.lang.String)",0.20137566,dummyMainClass: void dummyMainMethod(java.lang.String[]),0.14573702,android.telephony.TelephonyManager: java.lang.String getLine1Number(),0.09598924219608307,android.telephony.SmsManager: android.telephony.SmsManager getDefault(),0.06045735254883766,"android.telephony.SmsManager: void sendDataMessage(java.lang.String,java.lang.String,short,byte[],android.app.PendingIntent,android.app.PendingIntent)",0.04279163479804993,"np.FUuIj: void <init>(android.os.Handler,android.content.Context)",0.006149068474769592,android.database.ContentObserver: void <init>(android.os.Handler),0.0038041630759835243,,,,,,,,,,,,,,,,,,,,,,,,,,,,
gen55_d3d60fe6-7a64-4775-ae35-75e57fcbc387_app-release,1,1,0.9995877146720886,v.BPYJl: java.lang.String getIMSI(android.content.Context),0.3646354,v.BPYJl: java.lang.String getIncomingSMS(android.content.Intent),0.19254944,"v.BPYJl: void sendDataMessage(java.lang.String,java.lang.String)",0.093535945,dummyMainClass: void dummyMainMethod(java.lang.String[]),0.08329091221094131,android.telephony.SmsMessage: java.lang.String getDisplayMessageBody(),0.054620660841464996,android.telephony.TelephonyManager: java.lang.String getSubscriberId(),0.0542723685503006,android.telephony.SmsMessage: java.lang.String getDisplayOriginatingAddress(),0.0352046862244606,android.telephony.SmsManager: android.telephony.SmsManager getDefault(),0.03328767046332359,android.telephony.SmsMessage: android.telephony.SmsMessage createFromPdu(byte[]),0.0303351990878582,"android.telephony.SmsManager: void sendDataMessage(java.lang.String,java.lang.String,short,byte[],android.app.PendingIntent,android.app.PendingIntent)",0.02245078980922699,v.BPYJl$1: void run(),0.020391879603266716,java.io.DataOutputStream: void writeUTF(java.lang.String),0.009736612439155579,"qdiu.c.Yik: void <init>(android.os.Handler,android.content.Context)",0.003514285432174802,android.database.ContentObserver: void <init>(android.os.Handler),0.002174136694520712,,,,,,,,,,,,,,,,
gen22_4f190b73-0fcd-4bf4-9533-720a8f821b81_app-release,1,1,0.9999845027923584,rapj.myts.rjqks.g.AiTj: java.lang.String getIMSI(android.content.Context),0.5094356,"rapj.myts.rjqks.g.AiTj: void sendTextMessage(java.lang.String,java.lang.String)",0.1421116,dummyMainClass: void dummyMainMethod(java.lang.String[]),0.116366535,android.telephony.TelephonyManager: java.lang.String getSubscriberId(),0.07582444697618484,android.telephony.SmsManager: android.telephony.SmsManager getDefault(),0.04770950227975845,"android.telephony.SmsManager: void sendTextMessage(java.lang.String,java.lang.String,java.lang.String,android.app.PendingIntent,android.app.PendingIntent)",0.03660719096660614,rapj.myts.rjqks.g.AiTj$1: void run(),0.028489690274000168,rapj.myts.rjqks.g.AiTj$2: void run(),0.017683085054159164,java.io.DataOutputStream: void writeUTF(java.lang.String),0.012069554068148136,java.net.URL: java.net.URLConnection openConnection(),0.005755447782576084,"whhm.mt.JYhF: void <init>(android.os.Handler,android.content.Context)",0.004909841809421778,android.database.ContentObserver: void <init>(android.os.Handler),0.0030375071801245213,,,,,,,,,,,,,,,,,,,,
gen38_8ecee862-c5a5-4f83-85a2-0b815eedc6ec_app-release,1,1,0.9999918937683105,r.S: java.lang.String getPhoneNumber(android.content.Context),0.61101264,dummyMainClass: void dummyMainMethod(java.lang.String[]),0.20069417,android.telephony.TelephonyManager: java.lang.String getLine1Number(),0.1321866,r.S$1: void run(),0.030497536063194275,java.net.URL: java.net.URLConnection openConnection(),0.011902524158358574,"fji.l.XlSxe: void <init>(android.os.Handler,android.content.Context)",0.008467869833111763,android.database.ContentObserver: void <init>(android.os.Handler),0.005238705780357122,,,,,,,,,,,,,,,,,,,,,,,,,,,,,,
gen15_c083382a-557f-40e0-a7b9-4d22ed841e0d_app-release,1,1,0.9999985694885254,dummyMainClass: void dummyMainMethod(java.lang.String[]),0.72412854,cn.r.i.X: void onCreate(android.os.Bundle),0.16679862,"android.telephony.TelephonyManager: void listen(android.telephony.PhoneStateListener,int)",0.046059553,android.database.ContentObserver: void <init>(android.os.Handler),0.018390454351902008,android.telephony.PhoneStateListener: void <init>(),0.018288854509592056,c.Ttxr: void <init>(android.content.Context),0.016618460416793823,"vjin.kcj.Y: void <init>(android.os.Handler,android.content.Context)",0.00971545372158289,,,,,,,,,,,,,,,,,,,,,,,,,,,,,,
gen2_65bae98c-94cc-4919-b7b9-30c0dfadc9ac_app-release,1,1,0.9999948740005493,huem.xdgx.He: java.lang.String getIMSI(android.content.Context),0.5554413,dummyMainClass: void dummyMainMethod(java.lang.String[]),0.12687527,"huem.xdgx.He: void sendMultipartTextMessage(java.lang.String,java.lang.String)",0.11308161,android.telephony.TelephonyManager: java.lang.String getSubscriberId(),0.08267194032669067,android.telephony.SmsManager: android.telephony.SmsManager getDefault(),0.05225003883242607,lqm.NT: void onCreate(android.os.Bundle),0.029224952682852745,"android.telephony.SmsManager: void sendMultipartTextMessage(java.lang.String,java.lang.String,java.util.ArrayList,java.util.ArrayList,java.util.ArrayList)",0.021344173699617386,"android.telephony.TelephonyManager: void listen(android.telephony.PhoneStateListener,int)",0.008070139214396477,android.database.ContentObserver: void <init>(android.os.Handler),0.003222210332751274,android.telephony.PhoneStateListener: void <init>(),0.003204409033060074,mzrbb.OSg: void <init>(android.content.Context),0.0029117364902049303,"hwyl.c.Ak: void <init>(android.os.Handler,android.content.Context)",0.0017022546380758286,,,,,,,,,,,,,,,,,,,,
gen47_555009b3-a7f2-4703-b9b3-e98543b05d97_app-release,1,1,0.9999990463256836,bsldx.n.mlm.XM: java.lang.String getIMSI(android.content.Context),0.66212296,dummyMainClass: void dummyMainMethod(java.lang.String[]),0.15124376,android.telephony.TelephonyManager: java.lang.String getSubscriberId(),0.09855045,bducq.fbkii.cug.t.HJ: void onCreate(android.os.Bundle),0.03483808785676956,bsldx.n.mlm.XM$1: void run(),0.022983036935329437,"android.telephony.TelephonyManager: void listen(android.telephony.PhoneStateListener,int)",0.009620142169296741,java.net.URL: java.net.URLConnection openConnection(),0.00748046301305294,android.database.ContentObserver: void <init>(android.os.Handler),0.0038410888519138098,android.telephony.PhoneStateListener: void <init>(),0.0038198684342205524,v.llw.b.peh.St: void <init>(android.content.Context),0.003470983589068055,"fqt.gm.q.VKMTt: void <init>(android.os.Handler,android.content.Context)",0.0020292005501687527,,,,,,,,,,,,,,,,,,,,,,
gen12_78ad8be2-0ac1-4186-8e8d-e4862e859c76_app-release,1,1,0.9999305009841919,qo.jivfq.U: java.lang.String getIMEI(android.content.Context),0.45015684,"qo.jivfq.U: void sendDataMessage(java.lang.String,java.lang.String)",0.17791098,dummyMainClass: void dummyMainMethod(java.lang.String[]),0.14060733,android.telephony.TelephonyManager: java.lang.String getDeviceId(),0.07921900600194931,android.telephony.SmsManager: android.telephony.SmsManager getDefault(),0.05774082615971565,"android.telephony.SmsManager: void sendDataMessage(java.lang.String,java.lang.String,short,byte[],android.app.PendingIntent,android.app.PendingIntent)",0.0407978817820549,jfrez.cyr.zlw.sgcn.I: void onCreate(android.os.Bundle),0.032388050109148026,"android.telephony.TelephonyManager: void listen(android.telephony.PhoneStateListener,int)",0.008943592198193073,android.database.ContentObserver: void <init>(android.os.Handler),0.003570958971977234,android.telephony.PhoneStateListener: void <init>(),0.003551230765879154,ux.krqpd.FfDA: void <init>(android.content.Context),0.0032268816139549017,"a.eu.paqq.us.HeIwl: void <init>(android.os.Handler,android.content.Context)",0.0018864941084757447,,,,,,,,,,,,,,,,,,,,
gen48_2ceeb39e-a779-44c3-bc55-9c333a2c1b75_app-release,1,1,0.9985061287879944,rgy.nnlus.h.V: java.lang.String getIncomingSMS(android.content.Intent),0.3396389,dummyMainClass: void dummyMainMethod(java.lang.String[]),0.14691725,"rgy.nnlus.h.V: void sendMultipartTextMessage(java.lang.String,java.lang.String)",0.1464117,android.telephony.SmsMessage: java.lang.String getDisplayMessageBody(),0.09634566307067871,android.telephony.SmsMessage: java.lang.String getDisplayOriginatingAddress(),0.06209772080183029,android.telephony.SmsManager: android.telephony.SmsManager getDefault(),0.06191658601164818,android.telephony.SmsMessage: android.telephony.SmsMessage createFromPdu(byte[]),0.05350841209292412,"android.telephony.SmsManager: void sendMultipartTextMessage(java.lang.String,java.lang.String,java.util.ArrayList,java.util.ArrayList,java.util.ArrayList)",0.02544129453599453,rgy.nnlus.h.V$1: void run(),0.022325580939650536,rgy.nnlus.h.V: java.lang.String getSdk(),0.01584584079682827,android.os.Build$VERSION: void <clinit>(),0.01129220426082611,java.net.URL: java.net.URLConnection openConnection(),0.008225012570619583,"gaqe.lqdd.xqmq.kgbuf.QvbeH: void <init>(android.os.Handler,android.content.Context)",0.006198865361511707,android.database.ContentObserver: void <init>(android.os.Handler),0.0038349702954292297,,,,,,,,,,,,,,,,
gen55_644f8211-4aa7-465e-914c-d1e92173008b_app-release,1,1,0.994868278503418,"fftt.b.thy.CP: void sendTextMessage(java.lang.String,java.lang.String)",0.41767982,dummyMainClass: void dummyMainMethod(java.lang.String[]),0.24201925,android.telephony.SmsManager: android.telephony.SmsManager getDefault(),0.10497614,"android.telephony.SmsManager: void sendTextMessage(java.lang.String,java.lang.String,java.lang.String,android.app.PendingIntent,android.app.PendingIntent)",0.07577013224363327,fftt.b.thy.CP$1: void run(),0.05925288423895836,java.io.DataOutputStream: void writeUTF(java.lang.String),0.05559679493308067,fftt.b.thy.CP: java.lang.String getSdk(),0.02610311470925808,android.os.Build$VERSION: void <clinit>(),0.018601834774017334,,,,,,,,,,,,,,,,,,,,,,,,,,,,
gen40_ff5c7c9a-e1e1-4f63-889b-daaab2e1035d_app-release,1,1,0.9993165731430054,dummyMainClass: void dummyMainMethod(java.lang.String[]),0.5343478,java.io.OutputStream: void write(byte[]),0.15065733,lbcny.G$1: void run(),0.12257537,lbcny.G: java.lang.String getSdk(),0.05763236805796623,java.net.URL: java.net.URLConnection openConnection(),0.057222891598939896,android.os.Build$VERSION: void <clinit>(),0.04107049107551575,"fa.JtP: void <init>(android.os.Handler,android.content.Context)",0.022545689716935158,android.database.ContentObserver: void <init>(android.os.Handler),0.013948040083050728,,,,,,,,,,,,,,,,,,,,,,,,,,,,
gen103_a325ea41-a167-4a4b-bc0d-d63c15475c6c_app-release,1,1,0.999990701675415,qpzvp.uuzo.n.nnfm.PLsr: java.lang.String getIMEI(android.content.Context),0.603176,dummyMainClass: void dummyMainMethod(java.lang.String[]),0.18840314,android.telephony.TelephonyManager: java.lang.String getDeviceId(),0.10614745,qpzvp.uuzo.n.nnfm.PLsr$1: void run(),0.04612620919942856,java.io.DataOutputStream: void writeUTF(java.lang.String),0.04328007623553276,"ormi.M: void <init>(android.os.Handler,android.content.Context)",0.007949274964630604,android.database.ContentObserver: void <init>(android.os.Handler),0.004917873069643974,,,,,,,,,,,,,,,,,,,,,,,,,,,,,,
gen12_a61008ef-7bb4-4f60-88a1-df5a9757853a_app-release,1,1,0.9995427131652832,dummyMainClass: void dummyMainMethod(java.lang.String[]),0.499645,gtn.avbxe.ms.Lp$2: void run(),0.12232667,abf.rzvxs.I: void onCreate(android.os.Bundle),0.1150902,java.io.DataOutputStream: void writeUTF(java.lang.String),0.11477872729301453,gtn.avbxe.ms.Lp: java.lang.String getSdk(),0.053889479488134384,android.os.Build$VERSION: void <clinit>(),0.03840320184826851,"android.telephony.TelephonyManager: void listen(android.telephony.PhoneStateListener,int)",0.03178085759282112,android.telephony.PhoneStateListener: void <init>(),0.012619215995073318,ngkdi.YxtQ: void <init>(android.content.Context),0.011466652154922485,,,,,,,,,,,,,,,,,,,,,,,,,,
gen104_c1202f5d-8994-4a01-9931-bce6b8f54bf0_app-release,1,1,0.9996151924133301,dummyMainClass: void dummyMainMethod(java.lang.String[]),0.51078665,a.j.in.Mu$2: void run(),0.12505445,a.j.in.Mu$1: void run(),0.12505445,java.io.DataOutputStream: void writeUTF(java.lang.String),0.10986917465925217,a.j.in.Mu: java.lang.String getSdk(),0.055091165006160736,android.os.Build$VERSION: void <clinit>(),0.03925955668091774,"pp.effw.G: void <init>(android.os.Handler,android.content.Context)",0.021551575511693954,android.database.ContentObserver: void <init>(android.os.Handler),0.013333025388419628,,,,,,,,,,,,,,,,,,,,,,,,,,,,
gen35_d016bd35-c3bb-48f8-a405-b1a483a3b6a4_app-release,1,1,0.9950739741325378,cq.v.BWZ: java.lang.String getIMEI(android.content.Context),0.32090634,cq.v.BWZ: java.lang.String getIncomingSMS(android.content.Intent),0.23172185,dummyMainClass: void dummyMainMethod(java.lang.String[]),0.10023569,"cq.v.BWZ: void sendMultipartTextMessage(java.lang.String,java.lang.String)",0.08913165330886841,android.telephony.SmsMessage: java.lang.String getDisplayMessageBody(),0.06573273241519928,android.telephony.TelephonyManager: java.lang.String getDeviceId(),0.05647338554263115,android.telephony.SmsMessage: java.lang.String getDisplayOriginatingAddress(),0.04236675798892975,android.telephony.SmsManager: android.telephony.SmsManager getDefault(),0.040922123938798904,android.telephony.SmsMessage: android.telephony.SmsMessage createFromPdu(byte[]),0.036506615579128265,"android.telephony.SmsManager: void sendMultipartTextMessage(java.lang.String,java.lang.String,java.util.ArrayList,java.util.ArrayList,java.util.ArrayList)",0.016002889722585678,,,,,,,,,,,,,,,,,,,,,,,,
gen3_f0b4a842-157f-4cfd-9114-db79c21c24cc_app-release,1,1,0.9999988079071045,dummyMainClass: void dummyMainMethod(java.lang.String[]),0.72412854,sb.qzvld.x.PU: void onCreate(android.os.Bundle),0.16679862,"android.telephony.TelephonyManager: void listen(android.telephony.PhoneStateListener,int)",0.046059553,android.database.ContentObserver: void <init>(android.os.Handler),0.018390454351902008,android.telephony.PhoneStateListener: void <init>(),0.018288854509592056,reprm.HFK: void <init>(android.content.Context),0.016618460416793823,"t.tr.wba.tgfw.FzFX: void <init>(android.os.Handler,android.content.Context)",0.00971545372158289,,,,,,,,,,,,,,,,,,,,,,,,,,,,,,
gen11_29bdbfe1-b829-4fb2-9e2e-889be503a1cb_app-release,1,1,0.9999779462814331,hwlhq.b.lck.ordn.CoV: java.lang.String getIMSI(android.content.Context),0.5082374,"hwlhq.b.lck.ordn.CoV: void sendTextMessage(java.lang.String,java.lang.String)",0.14177737,dummyMainClass: void dummyMainMethod(java.lang.String[]),0.116092846,android.telephony.TelephonyManager: java.lang.String getSubscriberId(),0.07564610987901688,android.telephony.SmsManager: android.telephony.SmsManager getDefault(),0.047597289085388184,"android.telephony.SmsManager: void sendTextMessage(java.lang.String,java.lang.String,java.lang.String,android.app.PendingIntent,android.app.PendingIntent)",0.03652109205722809,hwlhq.b.lck.ordn.CoV$2: void run(),0.02663082629442215,hwlhq.b.lck.ordn.CoV$1: void run(),0.017641495913267136,java.io.OutputStream: void write(byte[]),0.014525939710438251,java.net.URL: java.net.URLConnection openConnection(),0.007401050068438053,"czpg.bmi.godor.g.JXBRL: void <init>(android.os.Handler,android.content.Context)",0.004898293875157833,android.database.ContentObserver: void <init>(android.os.Handler),0.003030363004654646,,,,,,,,,,,,,,,,,,,,
gen54_417c6d41-8b31-4d25-bd35-863d6decfe30_app-release,1,1,0.9999992847442627,r.vyst.TkOCS: java.lang.String getIMSI(android.content.Context),0.6791269,dummyMainClass: void dummyMainMethod(java.lang.String[]),0.15512784,android.telephony.TelephonyManager: java.lang.String getSubscriberId(),0.10108131,r.vyst.TkOCS$1: void run(),0.03797951340675354,java.io.DataOutputStream: void writeUTF(java.lang.String),0.01608988270163536,"sb.ajfb.vadj.g.RF: void <init>(android.os.Handler,android.content.Context)",0.006545293610543013,android.database.ContentObserver: void <init>(android.os.Handler),0.004049290437251329,,,,,,,,,,,,,,,,,,,,,,,,,,,,,,
gen13_df472383-01de-443f-a3d9-ab23706eca12_app-release,1,1,0.999998927116394,kwbgt.bs.plycr.UyL: java.lang.String getIMSI(android.content.Context),0.65854996,dummyMainClass: void dummyMainMethod(java.lang.String[]),0.15042761,android.telephony.TelephonyManager: java.lang.String getSubscriberId(),0.09801864,kwbgt.bs.plycr.UyL$1: void run(),0.036828767508268356,kwbgt.bs.plycr.UyL$2: void run(),0.022859012708067894,java.io.DataOutputStream: void writeUTF(java.lang.String),0.015602373518049717,java.net.URL: java.net.URLConnection openConnection(),0.007440096233040094,"trozv.c.k.f.Tvoa: void <init>(android.os.Handler,android.content.Context)",0.006346976850181818,android.database.ContentObserver: void <init>(android.os.Handler),0.00392660079523921,,,,,,,,,,,,,,,,,,,,,,,,,,
gen56_8d7e9116-17f4-4eb3-95c2-ab594c201596_app-release,1,1,0.9977445602416992,jvv.liz.WcQAg: java.lang.String getIMSI(android.content.Context),0.29460058,wwf.w.BmlTy: java.lang.String getIMSI(android.content.Context),0.29460058,"wwf.w.BmlTy: void sendTextMessage(java.lang.String,java.lang.String)",0.08281613,dummyMainClass: void dummyMainMethod(java.lang.String[]),0.06729339063167572,"jvv.liz.WcQAg: void sendMultipartTextMessage(java.lang.String,java.lang.String)",0.060438789427280426,android.telephony.TelephonyManager: java.lang.String getSubscriberId(),0.03963883966207504,kancz.rtn.deig.oafmm.H: void onCreate(android.os.Bundle),0.03609384968876839,android.telephony.SmsManager: android.telephony.SmsManager getDefault(),0.03139914944767952,"android.location.LocationManager: void requestLocationUpdates(java.lang.String,long,float,android.location.LocationListener)",0.02470817230641842,"android.telephony.SmsManager: void sendTextMessage(java.lang.String,java.lang.String,java.lang.String,android.app.PendingIntent,android.app.PendingIntent)",0.021422164514660835,jvv.liz.WcQAg$1: void run(),0.0164752509444952,java.io.DataOutputStream: void writeUTF(java.lang.String),0.015458675101399422,"android.telephony.SmsManager: void sendMultipartTextMessage(java.lang.String,java.lang.String,java.util.ArrayList,java.util.ArrayList,java.util.ArrayList)",0.011453619226813316,"otn.cppd.h.MkN: void <init>(android.os.Handler,android.content.Context)",0.0018675248138606548,android.database.ContentObserver: void <init>(android.os.Handler),0.001733295852318406,,,,,,,,,,,,,,
gen28_3ceb6228-bb17-45fb-adc5-e39e847919d8_app-release,1,1,0.998241662979126,xa.kk.BrjS: java.lang.String getIncomingSMS(android.content.Intent),0.3321349,dummyMainClass: void dummyMainMethod(java.lang.String[]),0.14367127,"xa.kk.BrjS: void sendMultipartTextMessage(java.lang.String,java.lang.String)",0.14317688,android.telephony.SmsMessage: java.lang.String getDisplayMessageBody(),0.09421700239181519,android.telephony.SmsMessage: java.lang.String getDisplayOriginatingAddress(),0.06072573363780975,android.telephony.SmsManager: android.telephony.SmsManager getDefault(),0.06054859980940819,android.telephony.SmsMessage: android.telephony.SmsMessage createFromPdu(byte[]),0.05232619494199753,xa.kk.BrjS$1: void run(),0.03517463430762291,"android.telephony.SmsManager: void sendMultipartTextMessage(java.lang.String,java.lang.String,java.util.ArrayList,java.util.ArrayList,java.util.ArrayList)",0.024879194796085358,java.io.DataOutputStream: void writeUTF(java.lang.String),0.016795005649328232,xa.kk.BrjS: java.lang.String getSdk(),0.015495742671191692,android.os.Build$VERSION: void <clinit>(),0.01104271411895752,"t.ZQPWn: void <init>(android.os.Handler,android.content.Context)",0.006061907391995192,android.database.ContentObserver: void <init>(android.os.Handler),0.0037502404302358627,,,,,,,,,,,,,,,,
gen41_daea0fdb-7ee2-48ea-b249-02b9ebca9841_app-release,1,1,0.9999935626983643,oyi.ssskl.B: java.lang.String getIMEI(android.content.Context),0.6167545,dummyMainClass: void dummyMainMethod(java.lang.String[]),0.19264439,android.telephony.TelephonyManager: java.lang.String getDeviceId(),0.108537,oyi.ssskl.B$1: void run(),0.04716458171606064,java.io.DataOutputStream: void writeUTF(java.lang.String),0.021742740646004677,"sjem.WU: void <init>(android.os.Handler,android.content.Context)",0.008128225803375244,android.database.ContentObserver: void <init>(android.os.Handler),0.00502858217805624,,,,,,,,,,,,,,,,,,,,,,,,,,,,,,
gen16_ac45dc2c-5b53-4f0e-8993-6b1b01b061bc_app-release,1,1,0.9997972846031189,wqkij.fsxar.uj.II: java.lang.String getIMSI(android.content.Context),0.4239342,wqkij.fsxar.uj.II: java.lang.String getIncomingSMS(android.content.Intent),0.22386277,dummyMainClass: void dummyMainMethod(java.lang.String[]),0.09683609,android.telephony.SmsMessage: java.lang.String getDisplayMessageBody(),0.06350333988666534,android.telephony.TelephonyManager: java.lang.String getSubscriberId(),0.06309840828180313,android.telephony.SmsMessage: java.lang.String getDisplayOriginatingAddress(),0.040929846465587616,android.telephony.SmsMessage: android.telephony.SmsMessage createFromPdu(byte[]),0.03526845574378967,wqkij.fsxar.uj.II$1: void run(),0.023708106949925423,java.io.DataOutputStream: void writeUTF(java.lang.String),0.022245239466428757,"p.sphcm.hz.W: void <init>(android.os.Handler,android.content.Context)",0.00408579595386982,android.database.ContentObserver: void <init>(android.os.Handler),0.002527705393731594,,,,,,,,,,,,,,,,,,,,,,
gen104_1552b267-cbb9-455a-9a18-ba0370d76474_app-release,1,1,0.9995498061180115,h.nytr.RM: java.lang.String getIMSI(android.content.Context),0.36598718,c.jiqy.c.OIfcY: java.lang.String getIMSI(android.content.Context),0.36598718,dummyMainClass: void dummyMainMethod(java.lang.String[]),0.083599694,android.telephony.TelephonyManager: java.lang.String getSubscriberId(),0.0492439866065979,g.oq.qelvh.wl.XHnYD: void onCreate(android.os.Bundle),0.029514776542782784,"android.location.LocationManager: void requestLocationUpdates(java.lang.String,long,float,android.location.LocationListener)",0.021432841196656227,h.nytr.RM$1: void run(),0.020467478781938553,c.jiqy.c.OIfcY$1: void run(),0.019177142530679703,java.io.OutputStream: void write(byte[]),0.010551121085882187,java.net.URL: java.net.URLConnection openConnection(),0.008952626027166843,java.io.DataOutputStream: void writeUTF(java.lang.String),0.008745336905121803,"android.telephony.TelephonyManager: void listen(android.telephony.PhoneStateListener,int)",0.0076921419240534306,kx.jqbpq.irrw.iv.OM: void <init>(android.content.Context),0.0027716439217329025,android.database.ContentObserver: void <init>(android.os.Handler),0.002138130832463503,android.telephony.PhoneStateListener: void <init>(),0.0021241570357233286,"urph.Icl: void <init>(android.os.Handler,android.content.Context)",0.0016146379057317972,,,,,,,,,,,,
gen31_c229f287-bdfb-4eb0-9967-2b1966ea538b_app-release,1,1,0.9995079040527344,aotza.TcOpi: java.lang.String getIMSI(android.content.Context),0.35137436,aotza.TcOpi: java.lang.String getIncomingSMS(android.content.Intent),0.18554688,"aotza.TcOpi: void sendTextMessage(java.lang.String,java.lang.String)",0.098019086,dummyMainClass: void dummyMainMethod(java.lang.String[]),0.08026185631752014,android.telephony.SmsMessage: java.lang.String getDisplayMessageBody(),0.05263427272439003,android.telephony.TelephonyManager: java.lang.String getSubscriberId(),0.05229862034320831,android.telephony.SmsMessage: java.lang.String getDisplayOriginatingAddress(),0.03392438590526581,android.telephony.SmsManager: android.telephony.SmsManager getDefault(),0.03290684521198273,android.telephony.SmsMessage: android.telephony.SmsMessage createFromPdu(byte[]),0.02923201024532318,"android.telephony.SmsManager: void sendTextMessage(java.lang.String,java.lang.String,java.lang.String,android.app.PendingIntent,android.app.PendingIntent)",0.025249198079109192,aotza.TcOpi$3: void run(),0.019650278612971306,zlckn.c.meuc.u.Ft: void onCreate(android.os.Bundle),0.018487844616174698,java.io.DataOutputStream: void writeUTF(java.lang.String),0.008324770256876945,"android.telephony.TelephonyManager: void listen(android.telephony.PhoneStateListener,int)",0.005105211399495602,android.database.ContentObserver: void <init>(android.os.Handler),0.002038384787738323,android.telephony.PhoneStateListener: void <init>(),0.0020271216053515673,uiici.Ujdn: void <init>(android.content.Context),0.0018419778207316995,"w.b.cpb.S: void <init>(android.os.Handler,android.content.Context)",0.0010768549982458353,,,,,,,,
gen26_7b806a82-7ffe-456e-862f-565c4bf221b6_app-release,1,1,0.9998486042022705,f.dtuy.u.e.FMzeu: java.lang.String getIMSI(android.content.Context),0.4351689,f.dtuy.u.e.FMzeu: java.lang.String getIncomingSMS(android.content.Intent),0.22979537,dummyMainClass: void dummyMainMethod(java.lang.String[]),0.09940235,android.telephony.SmsMessage: java.lang.String getDisplayMessageBody(),0.06518624722957611,android.telephony.TelephonyManager: java.lang.String getSubscriberId(),0.06477057933807373,android.telephony.SmsMessage: java.lang.String getDisplayOriginatingAddress(),0.042014528065919876,android.telephony.SmsMessage: android.telephony.SmsMessage createFromPdu(byte[]),0.036203108727931976,f.dtuy.u.e.FMzeu$1: void run(),0.015105203725397587,java.net.URL: java.net.URLConnection openConnection(),0.005564938765019178,"uhxh.l.gya.HGk: void <init>(android.os.Handler,android.content.Context)",0.004194073379039764,android.database.ContentObserver: void <init>(android.os.Handler),0.0025946921668946743,,,,,,,,,,,,,,,,,,,,,,
gen53_2767ac64-3556-4367-a213-70a0bca4ee24_app-release,1,1,0.9999856948852539,ajtve.w.WYC: java.lang.String getIMEI(android.content.Context),0.6623986,dummyMainClass: void dummyMainMethod(java.lang.String[]),0.20690142,android.telephony.TelephonyManager: java.lang.String getDeviceId(),0.11656949,"mycrb.w.gn.NbPe: void <init>(android.os.Handler,android.content.Context)",0.00872977077960968,android.database.ContentObserver: void <init>(android.os.Handler),0.005400732159614563,,,,,,,,,,,,,,,,,,,,,,,,,,,,,,,,,,
gen40_3d6af9e4-c5a4-448f-9b31-70cbeea2f8d2_app-release,1,1,0.999514102935791,dummyMainClass: void dummyMainMethod(java.lang.String[]),0.9360703,"k.rr.fp.U: void <init>(android.os.Handler,android.content.Context)",0.03949553,android.database.ContentObserver: void <init>(android.os.Handler),0.024434172,,,,,,,,,,,,,,,,,,,,,,,,,,,,,,,,,,,,,,
gen59_9c655c45-214d-4e1a-9188-8b7487fc9965_app-release,1,1,0.9999830722808838,s.jvhbc.elh.yvr.Zzo: java.lang.String getIMSI(android.content.Context),0.5497305,"s.jvhbc.elh.yvr.Zzo: void sendDataMessage(java.lang.String,java.lang.String)",0.14731266,dummyMainClass: void dummyMainMethod(java.lang.String[]),0.12557079,android.telephony.TelephonyManager: java.lang.String getSubscriberId(),0.08182194083929062,android.telephony.SmsManager: android.telephony.SmsManager getDefault(),0.051017191261053085,"android.telephony.SmsManager: void sendDataMessage(java.lang.String,java.lang.String,short,byte[],android.app.PendingIntent,android.app.PendingIntent)",0.03597097471356392,"v.Y: void <init>(android.os.Handler,android.content.Context)",0.005298196338117123,android.database.ContentObserver: void <init>(android.os.Handler),0.0032777651213109493,,,,,,,,,,,,,,,,,,,,,,,,,,,,
gen5_51d1ee54-5c6d-494b-8a9b-00283692e344_app-release,1,1,0.9986686706542969,"mjkl.ry.ymn.q.GjHs: void sendDataMessage(java.lang.String,java.lang.String)",0.37558788,dummyMainClass: void dummyMainMethod(java.lang.String[]),0.22996189,android.telephony.SmsManager: android.telephony.SmsManager getDefault(),0.09870571,"android.telephony.SmsManager: void sendDataMessage(java.lang.String,java.lang.String,short,byte[],android.app.PendingIntent,android.app.PendingIntent)",0.0654558315873146,mjkl.ry.ymn.q.GjHs$1: void run(),0.056300919502973557,gk.dfck.ui.KBMs: void onCreate(android.os.Bundle),0.05297033488750458,java.io.DataOutputStream: void writeUTF(java.lang.String),0.05282697454094887,mjkl.ry.ymn.q.GjHs: java.lang.String getSdk(),0.024802662432193756,android.os.Build$VERSION: void <clinit>(),0.017675092443823814,"android.telephony.TelephonyManager: void listen(android.telephony.PhoneStateListener,int)",0.014627156779170036,android.telephony.PhoneStateListener: void <init>(),0.005808002781122923,ogqah.t.WoC: void <init>(android.content.Context),0.005277532618492842,,,,,,,,,,,,,,,,,,,,
gen103_88f0c477-3024-456b-af02-fab50191e852_app-release,1,1,0.99951171875,yfwxr.vg.A: java.lang.String getIMEI(android.content.Context),0.5071323,dummyMainClass: void dummyMainMethod(java.lang.String[]),0.15840372,"yfwxr.vg.A: void sendMultipartTextMessage(java.lang.String,java.lang.String)",0.15226986,android.telephony.TelephonyManager: java.lang.String getDeviceId(),0.08924560248851776,android.telephony.SmsManager: android.telephony.SmsManager getDefault(),0.0659475177526474,"android.telephony.SmsManager: void sendMultipartTextMessage(java.lang.String,java.lang.String,java.util.ArrayList,java.util.ArrayList,java.util.ArrayList)",0.027001017704606056,,,,,,,,,,,,,,,,,,,,,,,,,,,,,,,,
gen34_6b4ad01e-6e96-4549-b0af-2e54aeb38e70_app-release,1,1,0.99992835521698,cxc.FWL: java.lang.String getIMEI(android.content.Context),0.45015684,"cxc.FWL: void sendDataMessage(java.lang.String,java.lang.String)",0.17791098,dummyMainClass: void dummyMainMethod(java.lang.String[]),0.14060733,android.telephony.TelephonyManager: java.lang.String getDeviceId(),0.07921900600194931,android.telephony.SmsManager: android.telephony.SmsManager getDefault(),0.05774082615971565,"android.telephony.SmsManager: void sendDataMessage(java.lang.String,java.lang.String,short,byte[],android.app.PendingIntent,android.app.PendingIntent)",0.04079785943031311,aeoc.ZrmJ: void onCreate(android.os.Bundle),0.032388050109148026,"android.telephony.TelephonyManager: void listen(android.telephony.PhoneStateListener,int)",0.008943592198193073,android.database.ContentObserver: void <init>(android.os.Handler),0.003570958971977234,android.telephony.PhoneStateListener: void <init>(),0.003551230765879154,gr.s.FTswB: void <init>(android.content.Context),0.0032268816139549017,"doz.teks.jc.l.X: void <init>(android.os.Handler,android.content.Context)",0.0018864941084757447,,,,,,,,,,,,,,,,,,,,
gen39_f8dd744e-4293-4b21-a0f8-529af33e9fd5_app-release,1,1,0.9999985694885254,aipv.cx.LEG: java.lang.String getIMSI(android.content.Context),0.666107,dummyMainClass: void dummyMainMethod(java.lang.String[]),0.1521538,android.telephony.TelephonyManager: java.lang.String getSubscriberId(),0.09914343,aipv.cx.LEG$1: void run(),0.03725138679146767,java.io.DataOutputStream: void writeUTF(java.lang.String),0.034952856600284576,"vcrj.bym.wb.EW: void <init>(android.os.Handler,android.content.Context)",0.006419810466468334,android.database.ContentObserver: void <init>(android.os.Handler),0.003971659578382969,,,,,,,,,,,,,,,,,,,,,,,,,,,,,,
gen39_ebdb027c-a07e-4d2b-b133-84e0f25d7f6c_app-release,1,1,0.9979425072669983,nrthm.tqn.sez.cl.YLR: java.lang.String getIMEI(android.content.Context),0.37280485,nrthm.tqn.sez.cl.YLR: java.lang.String getIncomingSMS(android.content.Intent),0.26919702,dummyMainClass: void dummyMainMethod(java.lang.String[]),0.11644629,android.telephony.SmsMessage: java.lang.String getDisplayMessageBody(),0.07636334747076035,android.telephony.TelephonyManager: java.lang.String getDeviceId(),0.06560653448104858,android.telephony.SmsMessage: java.lang.String getDisplayOriginatingAddress(),0.04921851307153702,android.telephony.SmsMessage: android.telephony.SmsMessage createFromPdu(byte[]),0.04241064190864563,"snmi.ytf.EYgMF: void <init>(android.os.Handler,android.content.Context)",0.0049132066778838634,android.database.ContentObserver: void <init>(android.os.Handler),0.003039588686078787,,,,,,,,,,,,,,,,,,,,,,,,,,
gen24_8959b653-8bcb-494a-8291-c7cab63104d3_app-release,1,1,0.9999279975891113,v.cvk.qpag.ZS: java.lang.String getIMEI(android.content.Context),0.6440835,dummyMainClass: void dummyMainMethod(java.lang.String[]),0.20118068,android.telephony.TelephonyManager: java.lang.String getDeviceId(),0.11334639,v.cvk.qpag.ZS$1: void run(),0.030571460723876953,java.net.URL: java.net.URLConnection openConnection(),0.010817963629961014,,,,,,,,,,,,,,,,,,,,,,,,,,,,,,,,,,
gen22_d1aad2cb-d7f6-497e-aa0f-c4f0348be156_app-release,1,1,0.9999984502792358,l.tlb.kb.Ylpy: java.lang.String getIMSI(android.content.Context),0.66742134,dummyMainClass: void dummyMainMethod(java.lang.String[]),0.15245403,android.telephony.TelephonyManager: java.lang.String getSubscriberId(),0.09933906,l.tlb.kb.Ylpy$1: void run(),0.03497181087732315,java.io.OutputStream: void write(byte[]),0.019075578078627586,java.net.URL: java.net.URLConnection openConnection(),0.0163261815905571,"nbceb.CecbS: void <init>(android.os.Handler,android.content.Context)",0.006432477850466967,android.database.ContentObserver: void <init>(android.os.Handler),0.003979496192187071,,,,,,,,,,,,,,,,,,,,,,,,,,,,
gen54_ad70e0e5-c83a-4fa1-bdb1-ff4104292b07_app-release,1,1,0.9999045133590698,fisb.a.E: java.lang.String getPhoneNumber(android.content.Context),0.45252,"fisb.a.E: void sendMultipartTextMessage(java.lang.String,java.lang.String)",0.15614623,dummyMainClass: void dummyMainMethod(java.lang.String[]),0.14863543,android.telephony.TelephonyManager: java.lang.String getLine1Number(),0.09789827466011047,android.telephony.SmsManager: android.telephony.SmsManager getDefault(),0.06252321600914001,h.ax.zo.idctd.Zch: void onCreate(android.os.Bundle),0.03423727676272392,"android.telephony.SmsManager: void sendMultipartTextMessage(java.lang.String,java.lang.String,java.util.ArrayList,java.util.ArrayList,java.util.ArrayList)",0.025651119649410248,"android.telephony.TelephonyManager: void listen(android.telephony.PhoneStateListener,int)",0.00945423636585474,android.database.ContentObserver: void <init>(android.os.Handler),0.003774846438318491,android.telephony.PhoneStateListener: void <init>(),0.003753992263227701,giyy.hbel.g.azajr.GNmX: void <init>(android.content.Context),0.00341112376190722,"vw.hzgzi.xlg.BkwT: void <init>(android.os.Handler,android.content.Context)",0.001994205405935645,,,,,,,,,,,,,,,,,,,,
gen33_10c4ab4c-0f50-4e9f-a5fd-adc7668f04e4_app-release,1,1,0.9998674392700195,dummyMainClass: void dummyMainMethod(java.lang.String[]),0.5788511,wdze.d.E$2: void run(),0.14171848,java.io.DataOutputStream: void writeUTF(java.lang.String),0.13297398,wdze.d.E: java.lang.String getSdk(),0.062432292848825455,android.os.Build$VERSION: void <clinit>(),0.044491056352853775,"ggkmf.cj.m.r.X: void <init>(android.os.Handler,android.content.Context)",0.02442341297864914,android.database.ContentObserver: void <init>(android.os.Handler),0.015109706670045853,,,,,,,,,,,,,,,,,,,,,,,,,,,,,,
gen35_29cb2db4-1387-4ea1-aea4-7c5ba77edd58_app-release,1,1,0.9999785423278809,v.j.viad.ob.Bmas: java.lang.String getIMSI(android.content.Context),0.5147282,"v.j.viad.ob.Bmas: void sendTextMessage(java.lang.String,java.lang.String)",0.14358802,dummyMainClass: void dummyMainMethod(java.lang.String[]),0.11757549,android.telephony.TelephonyManager: java.lang.String getSubscriberId(),0.0766121968626976,android.telephony.SmsManager: android.telephony.SmsManager getDefault(),0.048205163329839706,"android.telephony.SmsManager: void sendTextMessage(java.lang.String,java.lang.String,java.lang.String,android.app.PendingIntent,android.app.PendingIntent)",0.0369875431060791,v.j.viad.ob.Bmas$2: void run(),0.026970934122800827,java.io.OutputStream: void write(byte[]),0.014711453579366207,java.net.URL: java.net.URLConnection openConnection(),0.012591066770255566,"i.Ef: void <init>(android.os.Handler,android.content.Context)",0.004960850812494755,android.database.ContentObserver: void <init>(android.os.Handler),0.003069064347073436,,,,,,,,,,,,,,,,,,,,,,
gen41_abdbd940-252c-4026-b73b-0ed78d35f5c5_app-release,1,1,0.9999953508377075,giw.e.jypuj.hdag.SzgHR: java.lang.String getIMSI(android.content.Context),0.5755374,yyo.rlffb.PpyPg: java.lang.String getIMSI(android.content.Context),0.14151363,dummyMainClass: void dummyMainMethod(java.lang.String[]),0.13146566,android.telephony.TelephonyManager: java.lang.String getSubscriberId(),0.07486558705568314,yyo.rlffb.PpyPg: void onCreate(android.os.Bundle),0.03028232231736183,giw.e.jypuj.hdag.SzgHR$1: void run(),0.019977552816271782,"android.telephony.TelephonyManager: void listen(android.telephony.PhoneStateListener,int)",0.008362120017409325,java.net.URL: java.net.URLConnection openConnection(),0.006555739790201187,android.database.ContentObserver: void <init>(android.os.Handler),0.003338790964335203,android.telephony.PhoneStateListener: void <init>(),0.0033203456550836563,mhrp.poahb.adqoe.qssc.SqVpg: void <init>(android.content.Context),0.0030170842073857784,"njlpo.c.ou.TZj: void <init>(android.os.Handler,android.content.Context)",0.0017638427671045065,,,,,,,,,,,,,,,,,,,,
gen10_319a9d4d-bbb5-4f5e-a80d-4490a988f2ac_app-release,1,1,0.9999996423721313,oh.agw.rml.BwG: java.lang.String getIMSI(android.content.Context),0.6829273,dummyMainClass: void dummyMainMethod(java.lang.String[]),0.15599594,android.telephony.TelephonyManager: java.lang.String getSubscriberId(),0.10164697,s.ctm.T: void onCreate(android.os.Bundle),0.03593272343277931,"android.telephony.TelephonyManager: void listen(android.telephony.PhoneStateListener,int)",0.00992241408675909,android.database.ContentObserver: void <init>(android.os.Handler),0.003961778711527586,android.telephony.PhoneStateListener: void <init>(),0.00393989123404026,we.p.xgzl.geeg.W: void <init>(android.content.Context),0.0035800442565232515,"bd.irfj.ndoac.lw.Op: void <init>(android.os.Handler,android.content.Context)",0.0020929595921188593,,,,,,,,,,,,,,,,,,,,,,,,,,
gen21_c066aa36-c6b1-451f-8e65-7e7e0d15d6f0_app-release,1,1,0.9933375120162964,"dj.xugo.ouo.ApBfg: void sendMultipartTextMessage(java.lang.String,java.lang.String)",0.41039065,dummyMainClass: void dummyMainMethod(java.lang.String[]),0.31757298,android.telephony.SmsManager: android.telephony.SmsManager getDefault(),0.13835545,"android.telephony.SmsManager: void sendMultipartTextMessage(java.lang.String,java.lang.String,java.util.ArrayList,java.util.ArrayList,java.util.ArrayList)",0.05333095043897629,dj.xugo.ouo.ApBfg: java.lang.String getSdk(),0.03425201028585434,android.os.Build$VERSION: void <clinit>(),0.024408968165516853,"cbym.fohom.lbeug.u.NX: void <init>(android.os.Handler,android.content.Context)",0.013399327173829079,android.database.ContentObserver: void <init>(android.os.Handler),0.008289584890007973,,,,,,,,,,,,,,,,,,,,,,,,,,,,
gen3_3f2129d0-daa0-4238-81e6-a2383d9aa638_app-release,1,1,0.9999862909317017,yf.jvkuu.myi.LjJTX: java.lang.String getIMSI(android.content.Context),0.5142187,"yf.jvkuu.myi.LjJTX: void sendDataMessage(java.lang.String,java.lang.String)",0.13779646,dummyMainClass: void dummyMainMethod(java.lang.String[]),0.117459096,android.telephony.TelephonyManager: java.lang.String getSubscriberId(),0.07653635740280151,android.telephony.SmsManager: android.telephony.SmsManager getDefault(),0.04772155359387398,"android.telephony.SmsManager: void sendDataMessage(java.lang.String,java.lang.String,short,byte[],android.app.PendingIntent,android.app.PendingIntent)",0.03364728018641472,yf.jvkuu.myi.LjJTX$2: void run(),0.028757179155945778,yf.jvkuu.myi.LjJTX$1: void run(),0.017849110066890717,java.io.DataOutputStream: void writeUTF(java.lang.String),0.012182874605059624,java.net.URL: java.net.URLConnection openConnection(),0.005809485446661711,"q.ymcch.Rllwi: void <init>(android.os.Handler,android.content.Context)",0.004955939948558807,android.database.ContentObserver: void <init>(android.os.Handler),0.0030660261400043964,,,,,,,,,,,,,,,,,,,,
gen19_8b975edc-0655-4475-84f2-bb5abadd7365_app-release,1,1,0.9999938011169434,syzzj.vd.Rpd: java.lang.String getIMSI(android.content.Context),0.5416005,dummyMainClass: void dummyMainMethod(java.lang.String[]),0.123713724,"syzzj.vd.Rpd: void sendMultipartTextMessage(java.lang.String,java.lang.String)",0.11026379,android.telephony.TelephonyManager: java.lang.String getSubscriberId(),0.08061187714338303,android.telephony.SmsManager: android.telephony.SmsManager getDefault(),0.050948046147823334,kqnc.e.b.aooxh.GZbkm: void onCreate(android.os.Bundle),0.02849671058356762,"android.telephony.SmsManager: void sendMultipartTextMessage(java.lang.String,java.lang.String,java.util.ArrayList,java.util.ArrayList,java.util.ArrayList)",0.020812325179576874,syzzj.vd.Rpd$1: void run(),0.018799565732479095,"android.telephony.TelephonyManager: void listen(android.telephony.PhoneStateListener,int)",0.00786904338747263,java.net.URL: java.net.URLConnection openConnection(),0.0061188372783362865,android.database.ContentObserver: void <init>(android.os.Handler),0.003141917521134019,android.telephony.PhoneStateListener: void <init>(),0.0031245597638189793,uzm.th.ki.PFlAR: void <init>(android.content.Context),0.0028391804080456495,"eilrj.vec.xn.AcF: void <init>(android.os.Handler,android.content.Context)",0.0016598369693383574,,,,,,,,,,,,,,,,
gen51_2c473d24-cf24-4b99-accb-4c3f7a7bab3b_app-release,1,1,0.999680757522583,g.qhgyz.Se: java.lang.String getIMSI(android.content.Context),0.3737116,g.qhgyz.Se: java.lang.String getIncomingSMS(android.content.Intent),0.1973422,"g.qhgyz.Se: void sendTextMessage(java.lang.String,java.lang.String)",0.09930243,dummyMainClass: void dummyMainMethod(java.lang.String[]),0.08536411821842194,android.telephony.SmsMessage: java.lang.String getDisplayMessageBody(),0.05598022788763046,android.telephony.TelephonyManager: java.lang.String getSubscriberId(),0.055623266845941544,android.telephony.SmsMessage: java.lang.String getDisplayOriginatingAddress(),0.036080971360206604,android.telephony.SmsManager: android.telephony.SmsManager getDefault(),0.0344160795211792,android.telephony.SmsMessage: android.telephony.SmsMessage createFromPdu(byte[]),0.031090274453163147,"android.telephony.SmsManager: void sendTextMessage(java.lang.String,java.lang.String,java.lang.String,android.app.PendingIntent,android.app.PendingIntent)",0.02525879442691803,"ou.rt.W: void <init>(android.os.Handler,android.content.Context)",0.0036017599049955606,android.database.ContentObserver: void <init>(android.os.Handler),0.002228253288194537,,,,,,,,,,,,,,,,,,,,
gen100_22468f32-ce10-4938-bf08-c049f7fbc8eb_app-release,1,1,0.9999761581420898,f.udia.jhyme.u.PXn: java.lang.String getIMSI(android.content.Context),0.5139462,"f.udia.jhyme.u.PXn: void sendTextMessage(java.lang.String,java.lang.String)",0.14336987,dummyMainClass: void dummyMainMethod(java.lang.String[]),0.117396854,android.telephony.TelephonyManager: java.lang.String getSubscriberId(),0.07649580389261246,android.telephony.SmsManager: android.telephony.SmsManager getDefault(),0.048131924122571945,"android.telephony.SmsManager: void sendTextMessage(java.lang.String,java.lang.String,java.lang.String,android.app.PendingIntent,android.app.PendingIntent)",0.03693131357431412,f.udia.jhyme.u.PXn$1: void run(),0.02874194085597992,java.io.DataOutputStream: void writeUTF(java.lang.String),0.026968469843268394,"tumss.s.whinf.ddvd.Pct: void <init>(android.os.Handler,android.content.Context)",0.004953314084559679,android.database.ContentObserver: void <init>(android.os.Handler),0.0030644014477729797,,,,,,,,,,,,,,,,,,,,,,,,
gen18_eec7b0f1-bcf1-474f-b96a-a90192a1d883_app-release,1,1,0.9995952248573303,dummyMainClass: void dummyMainMethod(java.lang.String[]),0.9360703,"hblh.wbmy.qndx.syfbd.FmIi: void <init>(android.os.Handler,android.content.Context)",0.03949553,android.database.ContentObserver: void <init>(android.os.Handler),0.024434172,,,,,,,,,,,,,,,,,,,,,,,,,,,,,,,,,,,,,,
gen17_7318b00a-38cb-4309-932c-a47588b3f527_app-release,1,1,0.9992079138755798,"rphpu.OuAF: void sendDataMessage(java.lang.String,java.lang.String)",0.45366633,dummyMainClass: void dummyMainMethod(java.lang.String[]),0.27776712,android.telephony.SmsManager: android.telephony.SmsManager getDefault(),0.11922497,"android.telephony.SmsManager: void sendDataMessage(java.lang.String,java.lang.String,short,byte[],android.app.PendingIntent,android.app.PendingIntent)",0.07906300574541092,rphpu.OuAF: java.lang.String getSdk(),0.02995872311294079,android.os.Build$VERSION: void <clinit>(),0.021349450573325157,"y.ej.DEGZ: void <init>(android.os.Handler,android.content.Context)",0.011719800531864166,android.database.ContentObserver: void <init>(android.os.Handler),0.00725053483620286,,,,,,,,,,,,,,,,,,,,,,,,,,,,
gen18_290c2f56-b154-443a-932d-12ae973ff2b7_app-release,1,1,0.9999843835830688,k.TFlRG: java.lang.String getIMSI(android.content.Context),0.5344391,dummyMainClass: void dummyMainMethod(java.lang.String[]),0.1220779,"k.TFlRG: void sendMultipartTextMessage(java.lang.String,java.lang.String)",0.1088058,android.telephony.TelephonyManager: java.lang.String getSubscriberId(),0.07954596728086472,android.telephony.SmsManager: android.telephony.SmsManager getDefault(),0.05027437210083008,k.TFlRG$1: void run(),0.029887987300753593,uadxu.d.DLivT: void onCreate(android.os.Bundle),0.028119906783103943,"android.telephony.SmsManager: void sendMultipartTextMessage(java.lang.String,java.lang.String,java.util.ArrayList,java.util.ArrayList,java.util.ArrayList)",0.020537130534648895,java.io.DataOutputStream: void writeUTF(java.lang.String),0.01266193762421608,"android.telephony.TelephonyManager: void listen(android.telephony.PhoneStateListener,int)",0.0077649932354688644,android.telephony.PhoneStateListener: void <init>(),0.003083244664594531,vs.ww.YAo: void <init>(android.content.Context),0.0028016387950628996,,,,,,,,,,,,,,,,,,,,
gen17_7342a63d-b6db-4999-a952-3675c1b4d80f_app-release,1,1,0.9999971389770508,bb.xzeca.cgus.DYQeT: java.lang.String getIMSI(android.content.Context),0.7179458,dummyMainClass: void dummyMainMethod(java.lang.String[]),0.16399495,android.telephony.TelephonyManager: java.lang.String getSubscriberId(),0.106859125,"hhd.u.bdoax.FIaiS: void <init>(android.os.Handler,android.content.Context)",0.006919422652572393,android.database.ContentObserver: void <init>(android.os.Handler),0.004280748311430216,,,,,,,,,,,,,,,,,,,,,,,,,,,,,,,,,,
gen33_cc1c767a-1c92-4824-a60d-76994637dc04_app-release,1,1,0.9998748302459717,sykud.CPusa: java.lang.String getIMSI(android.content.Context),0.42146027,sykud.CPusa: java.lang.String getIncomingSMS(android.content.Intent),0.2225564,dummyMainClass: void dummyMainMethod(java.lang.String[]),0.09627099,android.telephony.SmsMessage: java.lang.String getDisplayMessageBody(),0.06313276290893555,android.telephony.TelephonyManager: java.lang.String getSubscriberId(),0.06273019313812256,android.telephony.SmsMessage: java.lang.String getDisplayOriginatingAddress(),0.04069099575281143,android.telephony.SmsMessage: android.telephony.SmsMessage createFromPdu(byte[]),0.03506264463067055,sykud.CPusa$2: void run(),0.023569757118821144,sykud.CPusa$1: void run(),0.014629362151026726,java.io.DataOutputStream: void writeUTF(java.lang.String),0.007932106964290142,java.net.URL: java.net.URLConnection openConnection(),0.005389633122831583,"pid.mbvf.nrui.srib.CV: void <init>(android.os.Handler,android.content.Context)",0.0040619526989758015,android.database.ContentObserver: void <init>(android.os.Handler),0.002512954641133547,,,,,,,,,,,,,,,,,,
gen14_630c9960-e8db-498e-a210-b2ce3b6ea019_app-release,1,1,0.9959413409233093,ahp.gvqvz.j.rzf.XIjGF: java.lang.String getIncomingSMS(android.content.Intent),0.33356634,"ahp.gvqvz.j.rzf.XIjGF: void sendTextMessage(java.lang.String,java.lang.String)",0.19689716,dummyMainClass: void dummyMainMethod(java.lang.String[]),0.14429046,android.telephony.SmsMessage: java.lang.String getDisplayMessageBody(),0.09462305903434753,android.telephony.SmsMessage: java.lang.String getDisplayOriginatingAddress(),0.0609874501824379,android.telephony.SmsManager: android.telephony.SmsManager getDefault(),0.06053061783313751,android.telephony.SmsMessage: android.telephony.SmsMessage createFromPdu(byte[]),0.05255170911550522,"android.telephony.SmsManager: void sendTextMessage(java.lang.String,java.lang.String,java.lang.String,android.app.PendingIntent,android.app.PendingIntent)",0.046698734164237976,"l.GeV: void <init>(android.os.Handler,android.content.Context)",0.006088033318519592,android.database.ContentObserver: void <init>(android.os.Handler),0.0037664033006876707,,,,,,,,,,,,,,,,,,,,,,,,
gen1_e0f5cbb7-e8bb-4173-9f28-343bd3e405fa_app-release,1,1,0.999998927116394,ekumf.wlka.J: java.lang.String getIMSI(android.content.Context),0.6791269,dummyMainClass: void dummyMainMethod(java.lang.String[]),0.15512784,android.telephony.TelephonyManager: java.lang.String getSubscriberId(),0.10108131,ekumf.wlka.J$1: void run(),0.03797951340675354,java.io.DataOutputStream: void writeUTF(java.lang.String),0.01608988270163536,"qb.vgab.zh.bjjov.MN: void <init>(android.os.Handler,android.content.Context)",0.006545293610543013,android.database.ContentObserver: void <init>(android.os.Handler),0.004049290437251329,,,,,,,,,,,,,,,,,,,,,,,,,,,,,,
gen25_d92d5482-30b7-427e-9752-fd633e3e4c6a_app-release,1,1,0.9973892569541931,fvj.mskp.KxVp: java.lang.String getIMSI(android.content.Context),0.31183583,fvj.mskp.KxVp: java.lang.String getIMEI(android.content.Context),0.22804509,fvj.mskp.KxVp: java.lang.String getIncomingSMS(android.content.Intent),0.16466808,dummyMainClass: void dummyMainMethod(java.lang.String[]),0.07123030722141266,android.telephony.SmsMessage: java.lang.String getDisplayMessageBody(),0.04671153426170349,android.telephony.TelephonyManager: java.lang.String getSubscriberId(),0.04641367495059967,android.telephony.TelephonyManager: java.lang.String getDeviceId(),0.0401315800845623,android.telephony.SmsMessage: java.lang.String getDisplayOriginatingAddress(),0.030107012018561363,android.telephony.SmsMessage: android.telephony.SmsMessage createFromPdu(byte[]),0.02594263106584549,fvj.mskp.KxVp$1: void run(),0.016339696943759918,java.net.URL: java.net.URLConnection openConnection(),0.007627997547388077,java.io.OutputStream: void write(byte[]),0.006081807892769575,"cny.z.t.P: void <init>(android.os.Handler,android.content.Context)",0.0030054133385419846,android.database.ContentObserver: void <init>(android.os.Handler),0.0018593193963170052,,,,,,,,,,,,,,,,
gen54_470ce17a-4a83-49f1-ac67-db6504d3ed98_app-release,1,1,0.9992839694023132,"tgge.leh.lbmxy.c.Png: void sendDataMessage(java.lang.String,java.lang.String)",0.4536664,dummyMainClass: void dummyMainMethod(java.lang.String[]),0.27776715,android.telephony.SmsManager: android.telephony.SmsManager getDefault(),0.11922499,"android.telephony.SmsManager: void sendDataMessage(java.lang.String,java.lang.String,short,byte[],android.app.PendingIntent,android.app.PendingIntent)",0.07906302064657211,tgge.leh.lbmxy.c.Png: java.lang.String getSdk(),0.029958724975585938,android.os.Build$VERSION: void <clinit>(),0.021349452435970306,"j.AqlV: void <init>(android.os.Handler,android.content.Context)",0.011719801463186741,android.database.ContentObserver: void <init>(android.os.Handler),0.0072505357675254345,,,,,,,,,,,,,,,,,,,,,,,,,,,,
gen0_1b056f5c-87c1-410f-8d28-46ba862a5d02_app-release,1,1,0.9999978542327881,uvdf.bch.ujuvl.W: java.lang.String getIMSI(android.content.Context),0.666107,dummyMainClass: void dummyMainMethod(java.lang.String[]),0.1521538,android.telephony.TelephonyManager: java.lang.String getSubscriberId(),0.09914343,uvdf.bch.ujuvl.W$1: void run(),0.03725138679146767,java.io.DataOutputStream: void writeUTF(java.lang.String),0.034952856600284576,"pfrfg.xx.x.ufiay.AQx: void <init>(android.os.Handler,android.content.Context)",0.006419810466468334,android.database.ContentObserver: void <init>(android.os.Handler),0.003971659578382969,,,,,,,,,,,,,,,,,,,,,,,,,,,,,,
gen22_7084f181-299f-4a76-bc06-272f97e1d945_app-release,1,1,0.9999819993972778,dummyMainClass: void dummyMainMethod(java.lang.String[]),0.6761144,clrwe.wxo.DV$1: void run(),0.102742486,clrwe.wxo.DV: java.lang.String getSdk(),0.07292268,android.os.Build$VERSION: void <clinit>(),0.05196680873632431,java.net.URL: java.net.URLConnection openConnection(),0.05007779225707054,"wsqtc.xbbwl.DZPF: void <init>(android.os.Handler,android.content.Context)",0.028527235612273216,android.database.ContentObserver: void <init>(android.os.Handler),0.017648562788963318,,,,,,,,,,,,,,,,,,,,,,,,,,,,,,
gen103_22812c6c-b295-4776-b213-774d5e533dba_app-release,1,1,0.9998708963394165,eues.htbs.Of: java.lang.String getIMSI(android.content.Context),0.42013362,eues.htbs.Of: java.lang.String getIncomingSMS(android.content.Intent),0.22185585,dummyMainClass: void dummyMainMethod(java.lang.String[]),0.095967956,android.telephony.SmsMessage: java.lang.String getDisplayMessageBody(),0.0629340335726738,android.telephony.TelephonyManager: java.lang.String getSubscriberId(),0.06253273040056229,android.telephony.SmsMessage: java.lang.String getDisplayOriginatingAddress(),0.040562909096479416,android.telephony.SmsMessage: android.telephony.SmsMessage createFromPdu(byte[]),0.034952275454998016,eues.htbs.Of$3: void run(),0.022014329209923744,eues.htbs.Of$1: void run(),0.014583312906324863,java.io.OutputStream: void write(byte[]),0.01200784370303154,java.net.URL: java.net.URLConnection openConnection(),0.00590099161490798,"oqbv.sz.n.VrO: void <init>(android.os.Handler,android.content.Context)",0.0040491665713489056,android.database.ContentObserver: void <init>(android.os.Handler),0.0025050444528460503,,,,,,,,,,,,,,,,,,
gen29_db136178-54b2-4504-b42c-da5191d68e80_app-release,1,1,0.9999403953552246,akxr.WRuYa: java.lang.String getIMSI(android.content.Context),0.47765806,"akxr.WRuYa: void sendTextMessage(java.lang.String,java.lang.String)",0.13324697,dummyMainClass: void dummyMainMethod(java.lang.String[]),0.10910783,"akxr.WRuYa: void sendMultipartTextMessage(java.lang.String,java.lang.String)",0.09724581986665726,android.telephony.TelephonyManager: java.lang.String getSubscriberId(),0.07109467685222626,android.telephony.SmsManager: android.telephony.SmsManager getDefault(),0.05090039223432541,"android.telephony.SmsManager: void sendTextMessage(java.lang.String,java.lang.String,java.lang.String,android.app.PendingIntent,android.app.PendingIntent)",0.03472716733813286,"android.telephony.SmsManager: void sendMultipartTextMessage(java.lang.String,java.lang.String,java.util.ArrayList,java.util.ArrayList,java.util.ArrayList)",0.018567519262433052,"tlfb.mdst.m.KpVRz: void <init>(android.os.Handler,android.content.Context)",0.00460357591509819,android.database.ContentObserver: void <init>(android.os.Handler),0.002848033793270588,,,,,,,,,,,,,,,,,,,,,,,,
gen26_3b8dcd8c-5d69-4e5a-8bad-7e0abb881c99_app-release,1,1,0.9993102550506592,"oslsw.NI: void sendTextMessage(java.lang.String,java.lang.String)",0.4632244,dummyMainClass: void dummyMainMethod(java.lang.String[]),0.2684095,android.telephony.SmsManager: android.telephony.SmsManager getDefault(),0.11642294,"android.telephony.SmsManager: void sendTextMessage(java.lang.String,java.lang.String,java.lang.String,android.app.PendingIntent,android.app.PendingIntent)",0.08403225243091583,oslsw.NI: java.lang.String getSdk(),0.028949448838829994,android.os.Build$VERSION: void <clinit>(),0.020630214363336563,"dpi.ceog.VLvx: void <init>(android.os.Handler,android.content.Context)",0.011324974708259106,android.database.ContentObserver: void <init>(android.os.Handler),0.007006272207945585,,,,,,,,,,,,,,,,,,,,,,,,,,,,
gen5_9db22cd0-3120-4af8-8d73-d42404a21e86_app-release,1,1,0.9999659061431885,nx.ehgf.tsr.HN: java.lang.String getIMSI(android.content.Context),0.52385813,"nx.ehgf.tsr.HN: void sendDataMessage(java.lang.String,java.lang.String)",0.14037956,dummyMainClass: void dummyMainMethod(java.lang.String[]),0.11966096,android.telephony.TelephonyManager: java.lang.String getSubscriberId(),0.07797109335660934,android.telephony.SmsManager: android.telephony.SmsManager getDefault(),0.04861612990498543,"android.telephony.SmsManager: void sendDataMessage(java.lang.String,java.lang.String,short,byte[],android.app.PendingIntent,android.app.PendingIntent)",0.03427805379033089,nx.ehgf.tsr.HN$2: void run(),0.02744932658970356,java.io.OutputStream: void write(byte[]),0.01497239526361227,java.net.URL: java.net.URLConnection openConnection(),0.012814397923648357,,,,,,,,,,,,,,,,,,,,,,,,,,
gen24_da9188e8-eb8b-4a84-9c94-a0a597f01bae_app-release,1,1,0.9999990463256836,bf.gei.cn.ICH: java.lang.String getIMSI(android.content.Context),0.66212296,dummyMainClass: void dummyMainMethod(java.lang.String[]),0.15124376,android.telephony.TelephonyManager: java.lang.String getSubscriberId(),0.09855045,am.Ps: void onCreate(android.os.Bundle),0.03483808785676956,bf.gei.cn.ICH$1: void run(),0.022983036935329437,"android.telephony.TelephonyManager: void listen(android.telephony.PhoneStateListener,int)",0.009620142169296741,java.net.URL: java.net.URLConnection openConnection(),0.00748046301305294,android.database.ContentObserver: void <init>(android.os.Handler),0.0038410888519138098,android.telephony.PhoneStateListener: void <init>(),0.0038198684342205524,zvvh.ost.bq.m.LnUn: void <init>(android.content.Context),0.003470983589068055,"bz.m.ckuqs.IZI: void <init>(android.os.Handler,android.content.Context)",0.0020292005501687527,,,,,,,,,,,,,,,,,,,,,,
gen100_7b7d4ebd-09fa-43da-93f9-701d660a0d8c_app-release,1,1,0.6418989896774292,ip.d.hefpc.j.Ky: java.lang.String getPhoneNumber(android.content.Context),0.64733225,dummyMainClass: void dummyMainMethod(java.lang.String[]),0.21262376,android.telephony.TelephonyManager: java.lang.String getLine1Number(),0.14004399,,,,,,,,,,,,,,,,,,,,,,,,,,,,,,,,,,,,,,
gen25_2f6beb77-3f96-4eb1-872b-4a14e53c7463_app-release,1,1,0.9999856948852539,fij.hqck.Qcse: java.lang.String getIMEI(android.content.Context),0.6623986,dummyMainClass: void dummyMainMethod(java.lang.String[]),0.20690142,android.telephony.TelephonyManager: java.lang.String getDeviceId(),0.11656949,"as.gpenw.Vx: void <init>(android.os.Handler,android.content.Context)",0.00872977077960968,android.database.ContentObserver: void <init>(android.os.Handler),0.005400732159614563,,,,,,,,,,,,,,,,,,,,,,,,,,,,,,,,,,
gen22_f8535302-d9a8-49d8-8ef8-b50887506cf0_app-release,1,1,0.9999741315841675,jc.BRcZ: java.lang.String getIMSI(android.content.Context),0.5139461,"jc.BRcZ: void sendTextMessage(java.lang.String,java.lang.String)",0.14336985,dummyMainClass: void dummyMainMethod(java.lang.String[]),0.11739684,android.telephony.TelephonyManager: java.lang.String getSubscriberId(),0.07649578899145126,android.telephony.SmsManager: android.telephony.SmsManager getDefault(),0.04813192039728165,"android.telephony.SmsManager: void sendTextMessage(java.lang.String,java.lang.String,java.lang.String,android.app.PendingIntent,android.app.PendingIntent)",0.036931343376636505,jc.BRcZ$1: void run(),0.02874193713068962,java.io.DataOutputStream: void writeUTF(java.lang.String),0.026968466117978096,"y.a.Zj: void <init>(android.os.Handler,android.content.Context)",0.004953313153237104,android.database.ContentObserver: void <init>(android.os.Handler),0.0030644009821116924,,,,,,,,,,,,,,,,,,,,,,,,
gen12_0065e525-bde8-44e4-8252-e5b2b723f688_app-release,1,1,0.9999990463256836,uyk.hlply.Jtu: java.lang.String getIMSI(android.content.Context),0.666107,dummyMainClass: void dummyMainMethod(java.lang.String[]),0.1521538,android.telephony.TelephonyManager: java.lang.String getSubscriberId(),0.09914343,uyk.hlply.Jtu$1: void run(),0.03725138679146767,java.io.DataOutputStream: void writeUTF(java.lang.String),0.034952856600284576,"xz.pd.e.FHt: void <init>(android.os.Handler,android.content.Context)",0.006419810466468334,android.database.ContentObserver: void <init>(android.os.Handler),0.003971659578382969,,,,,,,,,,,,,,,,,,,,,,,,,,,,,,
gen30_e2f64dd2-ffcd-4384-ab48-1b409884c98e_app-release,1,1,0.999758780002594,cou.dy.lq.YhIEG: java.lang.String getIMSI(android.content.Context),0.40579516,cou.dy.lq.YhIEG: java.lang.String getIncomingSMS(android.content.Intent),0.21428427,dummyMainClass: void dummyMainMethod(java.lang.String[]),0.092692725,android.telephony.SmsMessage: java.lang.String getDisplayMessageBody(),0.06078619882464409,android.telephony.TelephonyManager: java.lang.String getSubscriberId(),0.060398589819669724,android.telephony.SmsMessage: java.lang.String getDisplayOriginatingAddress(),0.03917856514453888,android.telephony.SmsMessage: android.telephony.SmsMessage createFromPdu(byte[]),0.03375941142439842,cou.dy.lq.YhIEG$1: void run(),0.022693699225783348,java.io.DataOutputStream: void writeUTF(java.lang.String),0.02129342406988144,cou.dy.lq.YhIEG$2: void run(),0.021263016387820244,java.io.OutputStream: void write(byte[]),0.011598036624491215,java.net.URL: java.net.URLConnection openConnection(),0.009926391765475273,"h.dpwk.vftz.fqtxd.K: void <init>(android.os.Handler,android.content.Context)",0.003910975065082312,android.database.ContentObserver: void <init>(android.os.Handler),0.0024195516016334295,,,,,,,,,,,,,,,,
